郁可唯|水中花 (Live)|106.5万|https://y.qq.com/n/ryqq/songDetail/002TsjSY3dWAz5
郁可唯|路过人间 (演唱会Live限定版)|106.5万|https://y.qq.com/n/ryqq/songDetail/002ic85X3x4zum
郁可唯|路过人间|106.5万|https://y.qq.com/n/ryqq/songDetail/0042jyJt0aQ0Gd
郁可唯|知否知否|106.5万|https://y.qq.com/n/ryqq/songDetail/002krvKI4Jgvq9
郁可唯|他不懂 (Live)|106.5万|https://y.qq.com/n/ryqq/songDetail/000xO0V54Elc0m
郁可唯|很受伤 (Live)|106.5万|https://y.qq.com/n/ryqq/songDetail/003hlRmY0Usxae
郁可唯|路过人间 (Live)|106.5万|https://y.qq.com/n/ryqq/songDetail/0012eS2E3ncmAl
郁可唯|情人咒|106.5万|https://y.qq.com/n/ryqq/songDetail/003ihBAH3W4ODI
郁可唯|独家记忆 (Live)|106.5万|https://y.qq.com/n/ryqq/songDetail/003kzGp00yeHHs
郁可唯|纸船|106.5万|https://y.qq.com/n/ryqq/songDetail/004amlYZ0zVdNl
时代少年团|男儿歌|343.6万|https://y.qq.com/n/ryqq/songDetail/004L20rs05bJrV
时代少年团|醉|343.6万|https://y.qq.com/n/ryqq/songDetail/000egT6Y408IZO
时代少年团|哪吒|343.6万|https://y.qq.com/n/ryqq/songDetail/0039rJNt2rNDz2
时代少年团|朱雀|343.6万|https://y.qq.com/n/ryqq/songDetail/003FHbEH29twZu
时代少年团|我喜欢你|343.6万|https://y.qq.com/n/ryqq/songDetail/004IaxkY3LZOkx
时代少年团|傻瓜|343.6万|https://y.qq.com/n/ryqq/songDetail/000X3grs2JIges
时代少年团|要你管|343.6万|https://y.qq.com/n/ryqq/songDetail/0040dtbo3XVRRE
时代少年团|少年时代|343.6万|https://y.qq.com/n/ryqq/songDetail/002IdsKB1F0YX1
时代少年团|姐姐真漂亮|343.6万|https://y.qq.com/n/ryqq/songDetail/003XqvzC0DhoQF
时代少年团|只有我一个人觉得？|343.6万|https://y.qq.com/n/ryqq/songDetail/002UKWPs2VIRLI
苏星婕|风吹过八千里|27.6万|https://y.qq.com/n/ryqq/songDetail/001hDICw1itMfY
苏星婕|落日与晚风|27.6万|https://y.qq.com/n/ryqq/songDetail/000ORNy208FEAN
苏星婕|清空|27.6万|https://y.qq.com/n/ryqq/songDetail/004LZwE13k5hzj
苏星婕|等一场大雨|27.6万|https://y.qq.com/n/ryqq/songDetail/001iyR1A1iIEzr
苏星婕|谎话|27.6万|https://y.qq.com/n/ryqq/songDetail/001WO9nI3beA2e
苏星婕|去年花开|27.6万|https://y.qq.com/n/ryqq/songDetail/000xH0YD3IEW7R
苏星婕|大可不必|27.6万|https://y.qq.com/n/ryqq/songDetail/003YlKf41ogIq5
苏星婕|时空缝隙|27.6万|https://y.qq.com/n/ryqq/songDetail/000U7QtL45R57g
苏星婕|几句话而已|27.6万|https://y.qq.com/n/ryqq/songDetail/00077tUQ1wa2vK
苏星婕|清空 (DJ版)|27.6万|https://y.qq.com/n/ryqq/songDetail/002rZ3EE27C8ls
汪苏泷|有点甜|927.7万|https://y.qq.com/n/ryqq/songDetail/001bdYk41BCfRi
汪苏泷|后会无期|927.7万|https://y.qq.com/n/ryqq/songDetail/004gZy7l1GYJ1Q
汪苏泷|不分手的恋爱|927.7万|https://y.qq.com/n/ryqq/songDetail/0048hyit0fCNad
汪苏泷|一笑倾城|927.7万|https://y.qq.com/n/ryqq/songDetail/002xMLIa1JcZk0
汪苏泷|万有引力|927.7万|https://y.qq.com/n/ryqq/songDetail/003ZiKJt39Lfti
汪苏泷|小星星|927.7万|https://y.qq.com/n/ryqq/songDetail/001GVVE31hddH7
汪苏泷|忽而今夏|927.7万|https://y.qq.com/n/ryqq/songDetail/0035rPQr2p62CG
汪苏泷|年轮|927.7万|https://y.qq.com/n/ryqq/songDetail/0007CyFf3GHiN4
汪苏泷|情歌 (Live)|927.7万|https://y.qq.com/n/ryqq/songDetail/002VT45M33Tksb
汪苏泷|剑魂|927.7万|https://y.qq.com/n/ryqq/songDetail/0042EqWL0IE8hN
en|嚣张|130.7万|https://y.qq.com/n/ryqq/songDetail/001Hp44V3pCQ53
en|曲终人亦散|130.7万|https://y.qq.com/n/ryqq/songDetail/001jctr241BiOo
en|间距|130.7万|https://y.qq.com/n/ryqq/songDetail/004f2uTR2CRh1h
en|暗示分离|130.7万|https://y.qq.com/n/ryqq/songDetail/0028PYV62F9p03
en|云水谣|130.7万|https://y.qq.com/n/ryqq/songDetail/003Q5Nf549PMWk
en|奉劝|130.7万|https://y.qq.com/n/ryqq/songDetail/003Zlmmb2yOosx
en|北纬23°26’|130.7万|https://y.qq.com/n/ryqq/songDetail/004IDf0g344iYi
en|代名词|130.7万|https://y.qq.com/n/ryqq/songDetail/003msMjU1CoyQE
en|放空|130.7万|https://y.qq.com/n/ryqq/songDetail/000cBg4u30obc4
en|无能为力|130.7万|https://y.qq.com/n/ryqq/songDetail/003v5QyJ4G6sAS
蓝心羽|阿拉斯加海湾|184.2万|https://y.qq.com/n/ryqq/songDetail/002FHVgG4btehE
蓝心羽|星辰不坠落|184.2万|https://y.qq.com/n/ryqq/songDetail/001kIvoK3siMwF
蓝心羽|记忆停留|184.2万|https://y.qq.com/n/ryqq/songDetail/002WcwVL2ypOuf
蓝心羽|星空剪影|184.2万|https://y.qq.com/n/ryqq/songDetail/000wdhv04LMOJv
蓝心羽|寂寞烟火|184.2万|https://y.qq.com/n/ryqq/songDetail/0004zcfr0neC9O
蓝心羽|小宇|184.2万|https://y.qq.com/n/ryqq/songDetail/003xnepc40S6oM
蓝心羽|贩卖日落|184.2万|https://y.qq.com/n/ryqq/songDetail/003lyWey4RB1NK
蓝心羽|2020抖音最火音乐串烧|184.2万|https://y.qq.com/n/ryqq/songDetail/0028KovL0CGvhS
蓝心羽|夏天的风|184.2万|https://y.qq.com/n/ryqq/songDetail/003jqNTL41sDBf
蓝心羽|漫步宇宙|184.2万|https://y.qq.com/n/ryqq/songDetail/000Q8V9Z0LMz5z
王忻辰|落日与晚风|58.0万|https://y.qq.com/n/ryqq/songDetail/000ORNy208FEAN
王忻辰|清空|58.0万|https://y.qq.com/n/ryqq/songDetail/004LZwE13k5hzj
王忻辰|迷失幻境|58.0万|https://y.qq.com/n/ryqq/songDetail/002Vo1xP3z9BVS
王忻辰|谎话|58.0万|https://y.qq.com/n/ryqq/songDetail/001WO9nI3beA2e
王忻辰|去年花开|58.0万|https://y.qq.com/n/ryqq/songDetail/000xH0YD3IEW7R
王忻辰|迷失幻境 (DJ版)|58.0万|https://y.qq.com/n/ryqq/songDetail/001WYJBM3FRyIc
王忻辰|时间沦陷|58.0万|https://y.qq.com/n/ryqq/songDetail/004K79Ee1U5TDx
王忻辰|落差 (DJ版)|58.0万|https://y.qq.com/n/ryqq/songDetail/003Md9lh2ltpID
王忻辰|落差|58.0万|https://y.qq.com/n/ryqq/songDetail/000CPsaO448jvN
王忻辰|清空 (DJ版)|58.0万|https://y.qq.com/n/ryqq/songDetail/002rZ3EE27C8ls
张杰|只要平凡|1408.7万|https://y.qq.com/n/ryqq/songDetail/003HHPxJ4638xA
张杰|三生三世|1408.7万|https://y.qq.com/n/ryqq/songDetail/000hscqh1l8UlG
张杰|天下|1408.7万|https://y.qq.com/n/ryqq/songDetail/00041h1u3kgquE
张杰|他不懂|1408.7万|https://y.qq.com/n/ryqq/songDetail/002CtuAm1i0pI3
张杰|最熟悉的陌生人 (Live)|1408.7万|https://y.qq.com/n/ryqq/songDetail/001xNGxr0Ygs3m
张杰|少年中国说|1408.7万|https://y.qq.com/n/ryqq/songDetail/002SlOWJ0uLHPL
张杰|月亮之上 (Live)|1408.7万|https://y.qq.com/n/ryqq/songDetail/0015dJr102hFMW
张杰|逆战|1408.7万|https://y.qq.com/n/ryqq/songDetail/001RdTuq0aarsS
张杰|明天过后|1408.7万|https://y.qq.com/n/ryqq/songDetail/004Eiwhc3TSX8E
张杰|这就是爱|1408.7万|https://y.qq.com/n/ryqq/songDetail/002WMf1v4FFbm9
IN-K|落日与晚风|19.5万|https://y.qq.com/n/ryqq/songDetail/000ORNy208FEAN
IN-K|迷失幻境|19.5万|https://y.qq.com/n/ryqq/songDetail/002Vo1xP3z9BVS
IN-K|迷失幻境 (DJ版)|19.5万|https://y.qq.com/n/ryqq/songDetail/001WYJBM3FRyIc
IN-K|落差 (DJ版)|19.5万|https://y.qq.com/n/ryqq/songDetail/003Md9lh2ltpID
IN-K|落差|19.5万|https://y.qq.com/n/ryqq/songDetail/000CPsaO448jvN
IN-K|温柔孤岛|19.5万|https://y.qq.com/n/ryqq/songDetail/001eAeSJ1sUIKg
IN-K|回忆观影券|19.5万|https://y.qq.com/n/ryqq/songDetail/0040W0qk0yaaME
IN-K|落日与晚风 (DJ版)|19.5万|https://y.qq.com/n/ryqq/songDetail/001bchVH1i6CEz
IN-K|结冰(Lonely)|19.5万|https://y.qq.com/n/ryqq/songDetail/002VrCuU42efFH
IN-K|触摸|19.5万|https://y.qq.com/n/ryqq/songDetail/001F8tuV3biYmz
不是花火呀|陨落|133.6万|https://y.qq.com/n/ryqq/songDetail/001IN2SJ1U0FX9
不是花火呀|Ring Ring Ring|133.6万|https://y.qq.com/n/ryqq/songDetail/002e7RHm3JOg2g
不是花火呀|TA|133.6万|https://y.qq.com/n/ryqq/songDetail/004I2Jzb0T7qRf
不是花火呀|微风悄悄|133.6万|https://y.qq.com/n/ryqq/songDetail/001xspvU4YB7BR
不是花火呀|如一|133.6万|https://y.qq.com/n/ryqq/songDetail/003ZrclJ0267RC
不是花火呀|反方向的钟|133.6万|https://y.qq.com/n/ryqq/songDetail/003T4RLa092ciZ
不是花火呀|分你一半|133.6万|https://y.qq.com/n/ryqq/songDetail/001ZZy1s4SjM3j
不是花火呀|等风吹|133.6万|https://y.qq.com/n/ryqq/songDetail/000kCb684b4CBm
不是花火呀|年轮|133.6万|https://y.qq.com/n/ryqq/songDetail/000jn5Vd2JEZ9P
不是花火呀|某些喜欢|133.6万|https://y.qq.com/n/ryqq/songDetail/000nBZPW1QmQXT
李宇春|和你一样|260.2万|https://y.qq.com/n/ryqq/songDetail/003PHZx04KX9Rf
李宇春|下个，路口，见|260.2万|https://y.qq.com/n/ryqq/songDetail/001DIsVq3sSjGV
李宇春|无价之姐|260.2万|https://y.qq.com/n/ryqq/songDetail/004EXOM01fsOm8
李宇春|无价之姐|260.2万|https://y.qq.com/n/ryqq/songDetail/002VIFU90S4ICL
李宇春|蜀绣 (Live)|260.2万|https://y.qq.com/n/ryqq/songDetail/001TmXYt4B8W4d
李宇春|岁岁平安|260.2万|https://y.qq.com/n/ryqq/songDetail/002aAZC611vK7v
李宇春|木兰|260.2万|https://y.qq.com/n/ryqq/songDetail/001u1WH93FIvrI
李宇春|你是人间的四月天|260.2万|https://y.qq.com/n/ryqq/songDetail/000gchU01AaLp8
李宇春|软肋|260.2万|https://y.qq.com/n/ryqq/songDetail/002JrTbh2sPtNF
李宇春|珍惜|260.2万|https://y.qq.com/n/ryqq/songDetail/003Qf9cv3etZ1t
等什么君(邓寓君)|辞九门回忆|305.1万|https://y.qq.com/n/ryqq/songDetail/003izpqf19Dwps
等什么君(邓寓君)|关山酒|305.1万|https://y.qq.com/n/ryqq/songDetail/002PSWuG0vbdfs
等什么君(邓寓君)|春庭雪|305.1万|https://y.qq.com/n/ryqq/songDetail/0036hiOc1PzcKd
等什么君(邓寓君)|难渡|305.1万|https://y.qq.com/n/ryqq/songDetail/000eK0In1LVeYJ
等什么君(邓寓君)|天下|305.1万|https://y.qq.com/n/ryqq/songDetail/0037JdW10Oozhp
等什么君(邓寓君)|慕夏|305.1万|https://y.qq.com/n/ryqq/songDetail/003EMmCL0Zf6I5
等什么君(邓寓君)|归寻|305.1万|https://y.qq.com/n/ryqq/songDetail/0005JOdN2oCCea
等什么君(邓寓君)|赤伶|305.1万|https://y.qq.com/n/ryqq/songDetail/002Z1Ber4PnDJS
等什么君(邓寓君)|叹郁孤|305.1万|https://y.qq.com/n/ryqq/songDetail/003ZuHnS2AzGpj
等什么君(邓寓君)|误红妆 (DJ沈念版)|305.1万|https://y.qq.com/n/ryqq/songDetail/003Jr4NP1brooN
程jiajia|别错过 (DJ阿卓版)|60.5万|https://y.qq.com/n/ryqq/songDetail/003wqjv70L6e9r
程jiajia|别错过|60.5万|https://y.qq.com/n/ryqq/songDetail/001swRzF23bfVj
程jiajia|山楂树の恋|60.5万|https://y.qq.com/n/ryqq/songDetail/0021uyhB2um654
程jiajia|外婆说|60.5万|https://y.qq.com/n/ryqq/songDetail/003k4Brd06l3pY
程jiajia|好想抱住你|60.5万|https://y.qq.com/n/ryqq/songDetail/001UQGSM3ViFDV
程jiajia|我爱你|60.5万|https://y.qq.com/n/ryqq/songDetail/0013uCFc0CZ4NY
程jiajia|山楂树の恋|60.5万|https://y.qq.com/n/ryqq/songDetail/0025IDqM2Doz3m
程jiajia|还是会长大|60.5万|https://y.qq.com/n/ryqq/songDetail/0049WssU3u6012
程jiajia|玫瑰花的葬礼|60.5万|https://y.qq.com/n/ryqq/songDetail/0033YnDS02U05J
程jiajia|温柔的风|60.5万|https://y.qq.com/n/ryqq/songDetail/004RlCTM1Vcp71
半吨兄弟|我们说好的 (烟嗓版)|61.7万|https://y.qq.com/n/ryqq/songDetail/001D508N1AG4VI
半吨兄弟|漠河舞厅|61.7万|https://y.qq.com/n/ryqq/songDetail/000gwV4P3rPLAX
半吨兄弟|最后一次|61.7万|https://y.qq.com/n/ryqq/songDetail/0013TKVb1Y0wFs
半吨兄弟|秋天不回来 (烟嗓版)|61.7万|https://y.qq.com/n/ryqq/songDetail/0040Lk594bvBK0
半吨兄弟|飞蛾扑火 (正式版)|61.7万|https://y.qq.com/n/ryqq/songDetail/002KtBfN3Apo2P
半吨兄弟|偏爱|61.7万|https://y.qq.com/n/ryqq/songDetail/001KNgmD2dIC4D
半吨兄弟|我这一生|61.7万|https://y.qq.com/n/ryqq/songDetail/002mny3a49m118
半吨兄弟|爱情错觉|61.7万|https://y.qq.com/n/ryqq/songDetail/000CuWZ41aeVAp
半吨兄弟|口是心非 (烟嗓版)|61.7万|https://y.qq.com/n/ryqq/songDetail/000AXI4V1RELvd
半吨兄弟|跟你走 (DJ小鱼儿版)|61.7万|https://y.qq.com/n/ryqq/songDetail/004dof7v4O8ePV
王菲|如愿|346.9万|https://y.qq.com/n/ryqq/songDetail/001ufyHx10iWpg
王菲|百年孤寂|346.9万|https://y.qq.com/n/ryqq/songDetail/002wGjPc1oHGpt
王菲|匆匆那年|346.9万|https://y.qq.com/n/ryqq/songDetail/003KExF60zMMGK
王菲|因为爱情|346.9万|https://y.qq.com/n/ryqq/songDetail/001oxvQL0eOv48
王菲|红豆|346.9万|https://y.qq.com/n/ryqq/songDetail/0011nEwm2XPayS
王菲|容易受伤的女人|346.9万|https://y.qq.com/n/ryqq/songDetail/004ZTgPR3p7ftT
王菲|暧昧|346.9万|https://y.qq.com/n/ryqq/songDetail/004JLAKK2ab5ys
王菲|人间|346.9万|https://y.qq.com/n/ryqq/songDetail/001NH5UK0mk4eq
王菲|约定|346.9万|https://y.qq.com/n/ryqq/songDetail/000hcBJX09LEWO
王菲|传奇|346.9万|https://y.qq.com/n/ryqq/songDetail/002twZxX087cPx
阿YueYue|云与海|48.2万|https://y.qq.com/n/ryqq/songDetail/004IFjwP42XBGI
阿YueYue|不负人间|48.2万|https://y.qq.com/n/ryqq/songDetail/003CQae60y6PtK
阿YueYue|沈园外|48.2万|https://y.qq.com/n/ryqq/songDetail/00333VYG3eXFtv
阿YueYue|寻屿|48.2万|https://y.qq.com/n/ryqq/songDetail/000bBLQW0oBCG3
阿YueYue|云与海 (DJ沈念版)|48.2万|https://y.qq.com/n/ryqq/songDetail/000459xh0AZwhJ
阿YueYue|予君书|48.2万|https://y.qq.com/n/ryqq/songDetail/003pK7zy498TLC
阿YueYue|不论|48.2万|https://y.qq.com/n/ryqq/songDetail/004aeCi34aQgd5
阿YueYue|不负人间 (DJ默涵版)|48.2万|https://y.qq.com/n/ryqq/songDetail/004ftRoE4fzbpi
阿YueYue|止渴|48.2万|https://y.qq.com/n/ryqq/songDetail/000lJeWJ0RGLnS
阿YueYue|旧灯错|48.2万|https://y.qq.com/n/ryqq/songDetail/001MZe2i2mwTqw
队长|哪里都是你|19.0万|https://y.qq.com/n/ryqq/songDetail/000DwlYJ09mLoO
队长|楼顶上的小斑鸠|19.0万|https://y.qq.com/n/ryqq/songDetail/002WT9Ce0muiiF
队长|哪里都是你2.0|19.0万|https://y.qq.com/n/ryqq/songDetail/004Wt9120LVlNS
队长|Let Go|19.0万|https://y.qq.com/n/ryqq/songDetail/002D6bru0LMvl1
队长|可能|19.0万|https://y.qq.com/n/ryqq/songDetail/0007S3gq2yiJhh
队长|夜行|19.0万|https://y.qq.com/n/ryqq/songDetail/0043WJwI15ssNK
队长|飞到你心里|19.0万|https://y.qq.com/n/ryqq/songDetail/003hAtf03ic4IX
队长|Let Go 2.0|19.0万|https://y.qq.com/n/ryqq/songDetail/002GZPpl3J9H7y
队长|明天|19.0万|https://y.qq.com/n/ryqq/songDetail/0026mnxd1DGQjx
队长|Falling Down|19.0万|https://y.qq.com/n/ryqq/songDetail/003DZvBE3PIgF7
王源|流星也为你落下来了|426.7万|https://y.qq.com/n/ryqq/songDetail/0005rvWd0W0weX
王源|在未来|426.7万|https://y.qq.com/n/ryqq/songDetail/004BbAqP4TeE5T
王源|你的名字是世界瞒着我最大的事情|426.7万|https://y.qq.com/n/ryqq/songDetail/001AuPNy1DkSZB
王源|穿过寒冬拥抱你|426.7万|https://y.qq.com/n/ryqq/songDetail/003t7Tq22uLR0L
王源|骄傲|426.7万|https://y.qq.com/n/ryqq/songDetail/003QMt9F3WhmXS
王源|疯人公园|426.7万|https://y.qq.com/n/ryqq/songDetail/0015YToP0qqH31
王源|HOME (归)|426.7万|https://y.qq.com/n/ryqq/songDetail/004fBjon1ZmjRC
王源|世界上没有真正的感同身受 (Live)|426.7万|https://y.qq.com/n/ryqq/songDetail/000Aj2LZ2nzdPw
王源|只要有想见的人，就不是孤身一人|426.7万|https://y.qq.com/n/ryqq/songDetail/002O9vvQ3DkCrj
王源|一些悲伤又美好的事|426.7万|https://y.qq.com/n/ryqq/songDetail/001vQLpv3Jz89v
戴羽彤|来迟|54.5万|https://y.qq.com/n/ryqq/songDetail/000qIeQR2e5HTp
戴羽彤|来迟 (DJ名龙版)|54.5万|https://y.qq.com/n/ryqq/songDetail/002d96t33eyiKL
戴羽彤|那个女孩 (女版)|54.5万|https://y.qq.com/n/ryqq/songDetail/000Q6FV62jj8yC
戴羽彤|漠河舞厅|54.5万|https://y.qq.com/n/ryqq/songDetail/001h4Gdc1gdvPT
戴羽彤|红色高跟鞋|54.5万|https://y.qq.com/n/ryqq/songDetail/000bXwSp4VFvbL
戴羽彤|别错过 (电子版)|54.5万|https://y.qq.com/n/ryqq/songDetail/000SIYZn1MRDGJ
戴羽彤|最天使 (Live)|54.5万|https://y.qq.com/n/ryqq/songDetail/001xH2ad1o6ih3
戴羽彤|醒不来的梦 (抒情版)|54.5万|https://y.qq.com/n/ryqq/songDetail/001ZFQ9P4OJiyn
戴羽彤|放空 (中英文版)|54.5万|https://y.qq.com/n/ryqq/songDetail/004FYd933V1sc0
戴羽彤|你的约定|54.5万|https://y.qq.com/n/ryqq/songDetail/002FczDC1WdUA1
A1 TRIP|放空|4.5万|https://y.qq.com/n/ryqq/songDetail/004ByH6Q4K9jz8
A1 TRIP|Butterfly|4.5万|https://y.qq.com/n/ryqq/songDetail/001wkuiS2peCQx
A1 TRIP|暗恋|4.5万|https://y.qq.com/n/ryqq/songDetail/000cDFqO0h1vam
A1 TRIP|Promise Me|4.5万|https://y.qq.com/n/ryqq/songDetail/000SFjcT4Few3x
A1 TRIP|浪漫小情歌|4.5万|https://y.qq.com/n/ryqq/songDetail/004YUFhg28baRa
A1 TRIP|拒绝来电(baby call me)|4.5万|https://y.qq.com/n/ryqq/songDetail/001kYrmA1UCMze
A1 TRIP|我想和你在一起|4.5万|https://y.qq.com/n/ryqq/songDetail/00276Lc74FAgnV
A1 TRIP|别讲抱歉(Sorry)|4.5万|https://y.qq.com/n/ryqq/songDetail/004VLb8A1FU6jx
A1 TRIP|为什么你的电话打不通|4.5万|https://y.qq.com/n/ryqq/songDetail/003Fh2jw2tvwEw
A1 TRIP|枕头战士|4.5万|https://y.qq.com/n/ryqq/songDetail/001PeRK11oBQ64
小乐哥|执迷不悟|36.0万|https://y.qq.com/n/ryqq/songDetail/001z4tFZ2VvIoX
小乐哥|执迷不悟 (DJ版)|36.0万|https://y.qq.com/n/ryqq/songDetail/0038Y2Sl0RUSWi
小乐哥|慢慢|36.0万|https://y.qq.com/n/ryqq/songDetail/0009Lygz4WyW0o
小乐哥|高攀|36.0万|https://y.qq.com/n/ryqq/songDetail/003S2CDu2GGOCu
小乐哥|浪漫至死不渝|36.0万|https://y.qq.com/n/ryqq/songDetail/004MEzHQ1OQOxs
小乐哥|慢慢 (DJ名龙版)|36.0万|https://y.qq.com/n/ryqq/songDetail/002PElcZ2Zkl4i
小乐哥|终于等到这一句|36.0万|https://y.qq.com/n/ryqq/songDetail/003L239S1ke4jN
小乐哥|高攀 (DJ楠哈哈版)|36.0万|https://y.qq.com/n/ryqq/songDetail/000GmWJa1Tv3hr
小乐哥|兰亭序 (Live)|36.0万|https://y.qq.com/n/ryqq/songDetail/004fDfMm1Y4Gtd
小乐哥|顽疾|36.0万|https://y.qq.com/n/ryqq/songDetail/002HHZDi449Mzd
刘大壮|自以为 (吉他版)|114.7万|https://y.qq.com/n/ryqq/songDetail/001Holuf2miCji
刘大壮|我很好 (吉他版)|114.7万|https://y.qq.com/n/ryqq/songDetail/0013SucF2Fjjli
刘大壮|一吻天荒 (吉他版)|114.7万|https://y.qq.com/n/ryqq/songDetail/001DW4gK3HXAvk
刘大壮|最|114.7万|https://y.qq.com/n/ryqq/songDetail/000JU6Lv0igKGP
刘大壮|信仰|114.7万|https://y.qq.com/n/ryqq/songDetail/003ytFCS1KR7Je
刘大壮|三号线 (吉他版)|114.7万|https://y.qq.com/n/ryqq/songDetail/001n1NJa3TuHMX
刘大壮|可惜不可惜 (吉他版)|114.7万|https://y.qq.com/n/ryqq/songDetail/004YedXT4bPlxH
刘大壮|假装 (吉他版)|114.7万|https://y.qq.com/n/ryqq/songDetail/003YxlIE23t3SJ
刘大壮|我不是你的宋冬野|114.7万|https://y.qq.com/n/ryqq/songDetail/000SLaBp1bnaro
刘大壮|吉他初恋|114.7万|https://y.qq.com/n/ryqq/songDetail/000LTMOO1mNBir
Uu (刘梦妤)|气象站台|81.4万|https://y.qq.com/n/ryqq/songDetail/000JumH938huIb
Uu (刘梦妤)|那女孩对我说|81.4万|https://y.qq.com/n/ryqq/songDetail/001LokF20Yw4xD
Uu (刘梦妤)|夏天的风|81.4万|https://y.qq.com/n/ryqq/songDetail/0020HNvU4GxTZN
Uu (刘梦妤)|慢慢|81.4万|https://y.qq.com/n/ryqq/songDetail/000ZFIAd2F2LjE
Uu (刘梦妤)|全名|81.4万|https://y.qq.com/n/ryqq/songDetail/002pGbdr3Yg6kg
Uu (刘梦妤)|小城小爱|81.4万|https://y.qq.com/n/ryqq/songDetail/000OesCR0rh2u1
Uu (刘梦妤)|迁徙|81.4万|https://y.qq.com/n/ryqq/songDetail/000mu49j3JTbNM
Uu (刘梦妤)|那些年|81.4万|https://y.qq.com/n/ryqq/songDetail/002kdqnF42Gc2F
Uu (刘梦妤)|那男孩还好吗|81.4万|https://y.qq.com/n/ryqq/songDetail/002COmzJ0SPZMl
Uu (刘梦妤)|自卑感|81.4万|https://y.qq.com/n/ryqq/songDetail/001X6tNH48Qz2U
张碧晨|只要平凡|347.1万|https://y.qq.com/n/ryqq/songDetail/003HHPxJ4638xA
张碧晨|光的方向|347.1万|https://y.qq.com/n/ryqq/songDetail/0038ujdO1c3KdA
张碧晨|如故|347.1万|https://y.qq.com/n/ryqq/songDetail/000RscgG2i34pY
张碧晨|年轮|347.1万|https://y.qq.com/n/ryqq/songDetail/001q62Bb1xCTx7
张碧晨|镌刻|347.1万|https://y.qq.com/n/ryqq/songDetail/002KewCI0QMpl2
张碧晨|凉凉|347.1万|https://y.qq.com/n/ryqq/songDetail/001Nl0W80sBSwJ
张碧晨|光的方向 (Live)|347.1万|https://y.qq.com/n/ryqq/songDetail/001cTGNL1D6emT
张碧晨|不要忘记我爱你|347.1万|https://y.qq.com/n/ryqq/songDetail/000WBOXF0UMPjy
张碧晨|星空剪影 (Live)|347.1万|https://y.qq.com/n/ryqq/songDetail/003DtVii0qfOjO
张碧晨|开往早晨的午夜|347.1万|https://y.qq.com/n/ryqq/songDetail/002I7Aoh32pQPK
刘至佳|危险派对|37.0万|https://y.qq.com/n/ryqq/songDetail/004R7qfh1ALctJ
刘至佳|时光背面的我|37.0万|https://y.qq.com/n/ryqq/songDetail/003u53bt2rZEA1
刘至佳|摩登爱情 (女版)|37.0万|https://y.qq.com/n/ryqq/songDetail/001LP3Di1r8l6x
刘至佳|摩登爱情 (DJ阿卓版)|37.0万|https://y.qq.com/n/ryqq/songDetail/004Xp0q64MHxf1
刘至佳|你的眼睛像星星 (女版)|37.0万|https://y.qq.com/n/ryqq/songDetail/000wjWP91EHfGl
刘至佳|你的眼睛像星星 (DJ阿卓版)|37.0万|https://y.qq.com/n/ryqq/songDetail/002mzPab19tqsR
刘至佳|说爱你|37.0万|https://y.qq.com/n/ryqq/songDetail/0022fsjW39a0zG
刘至佳|夏天|37.0万|https://y.qq.com/n/ryqq/songDetail/003ThN0Y2iVDPZ
刘至佳|平行恋人 (女版)|37.0万|https://y.qq.com/n/ryqq/songDetail/001FB9NT4DLYvu
刘至佳|月牙湾|37.0万|https://y.qq.com/n/ryqq/songDetail/002pX7tP0EkCtr
白小白|我爱你不问归期|145.7万|https://y.qq.com/n/ryqq/songDetail/0015LkaZ20fy1P
白小白|爱不得忘不舍|145.7万|https://y.qq.com/n/ryqq/songDetail/003xwWKv0g5q1a
白小白|我们终究是错过|145.7万|https://y.qq.com/n/ryqq/songDetail/004FGIwg2Fzt9u
白小白|我爱你不问归期（合唱版）|145.7万|https://y.qq.com/n/ryqq/songDetail/002Taa681cH4i6
白小白|最美情侣|145.7万|https://y.qq.com/n/ryqq/songDetail/000xwNRW1eTO19
白小白|爱不得忘不舍 (DJ版)|145.7万|https://y.qq.com/n/ryqq/songDetail/001QdSdF1l2R3D
白小白|最后我们没在一起|145.7万|https://y.qq.com/n/ryqq/songDetail/003GkuJW0vWdti
白小白|最后我们没在一起 (DJ伟伟Mix)|145.7万|https://y.qq.com/n/ryqq/songDetail/003eD5H04PvLoo
白小白|爱不得忘不舍 (DJ加速版)|145.7万|https://y.qq.com/n/ryqq/songDetail/002O9Pkk2mOJzQ
白小白|最美婚礼|145.7万|https://y.qq.com/n/ryqq/songDetail/0037TP0W3d8ANf
张靓颖|女儿国|415.4万|https://y.qq.com/n/ryqq/songDetail/003YYX4K3gTZBT
张靓颖|我的梦|415.4万|https://y.qq.com/n/ryqq/songDetail/003FIqDQ0xyaGF
张靓颖|一生一次心一动|415.4万|https://y.qq.com/n/ryqq/songDetail/0030GNzn2XQXpg
张靓颖|如果这就是爱情|415.4万|https://y.qq.com/n/ryqq/songDetail/002vghem1otEWQ
张靓颖|画心|415.4万|https://y.qq.com/n/ryqq/songDetail/0045cdSn27l6YM
张靓颖|我们说好的|415.4万|https://y.qq.com/n/ryqq/songDetail/000IS4iG07Wwhr
张靓颖|如果爱下去|415.4万|https://y.qq.com/n/ryqq/songDetail/002E9hkT4P5J3n
张靓颖|终于等到你|415.4万|https://y.qq.com/n/ryqq/songDetail/003dIT9t46SLw8
张靓颖|燕归巢|415.4万|https://y.qq.com/n/ryqq/songDetail/000MbcLT3Rrxqi
张靓颖|雨蝶 (Live)|415.4万|https://y.qq.com/n/ryqq/songDetail/002yMPiX3tRqyL
大籽|白月光与朱砂痣|59.5万|https://y.qq.com/n/ryqq/songDetail/002iqQ4I1wyB7L
大籽|放空|59.5万|https://y.qq.com/n/ryqq/songDetail/004ByH6Q4K9jz8
大籽|白月光与朱砂痣 (DJ小鱼儿版)|59.5万|https://y.qq.com/n/ryqq/songDetail/004AOacG1ZQCuV
大籽|倒计时|59.5万|https://y.qq.com/n/ryqq/songDetail/0035lF7v4HktWN
大籽|花与马|59.5万|https://y.qq.com/n/ryqq/songDetail/004eCA9l2eQt2S
大籽|不可抗力|59.5万|https://y.qq.com/n/ryqq/songDetail/000LIpwz1g6MlJ
大籽|行星|59.5万|https://y.qq.com/n/ryqq/songDetail/0033oGAc2jd4xD
大籽|都市丽人生存报告|59.5万|https://y.qq.com/n/ryqq/songDetail/000Pi2Sd3m2M7O
大籽|花与马 (DJ版)|59.5万|https://y.qq.com/n/ryqq/songDetail/002q72uv0xnmgb
大籽|白月光与朱砂痣 (Remix)|59.5万|https://y.qq.com/n/ryqq/songDetail/003nPWIY3txWIA
杜宣达|指纹|4.2万|https://y.qq.com/n/ryqq/songDetail/000HTbQv2OHqYi
杜宣达|原来我从未忘记你|4.2万|https://y.qq.com/n/ryqq/songDetail/002wQvYs18lq9l
杜宣达|我不配|4.2万|https://y.qq.com/n/ryqq/songDetail/000uC9tn4T1LQ0
杜宣达|花海|4.2万|https://y.qq.com/n/ryqq/songDetail/003wkkwR1pQmmI
杜宣达|像鱼|4.2万|https://y.qq.com/n/ryqq/songDetail/002RxJ0O3YcMy6
杜宣达|即兴|4.2万|https://y.qq.com/n/ryqq/songDetail/002t5DDR3WVFhv
杜宣达|坠落星空【治愈吉他版】|4.2万|https://y.qq.com/n/ryqq/songDetail/001bMKqH3FM7Eo
杜宣达|我爱她【治愈吉他版】|4.2万|https://y.qq.com/n/ryqq/songDetail/000YAkTe3RFM5K
杜宣达|爱你没错|4.2万|https://y.qq.com/n/ryqq/songDetail/0014G1tU4aJ2Lb
杜宣达|空白格|4.2万|https://y.qq.com/n/ryqq/songDetail/002VQMbR1WMQDO
虎二|窗|65.4万|https://y.qq.com/n/ryqq/songDetail/003h4Nqn3RENQ4
虎二|你应该很快乐|65.4万|https://y.qq.com/n/ryqq/songDetail/003H9bZy1KGYH0
虎二|你一定要幸福|65.4万|https://y.qq.com/n/ryqq/songDetail/001gPpBl27Wcnw
虎二|等不到|65.4万|https://y.qq.com/n/ryqq/songDetail/002KGdP81XSmVP
虎二|离开我你快乐吗|65.4万|https://y.qq.com/n/ryqq/songDetail/004FDOIt2kTKjX
虎二|一百万个可能|65.4万|https://y.qq.com/n/ryqq/songDetail/004dbfuf1jEjpI
虎二|一个人决定|65.4万|https://y.qq.com/n/ryqq/songDetail/001dOlLd1jxVKK
虎二|不仅仅是喜欢|65.4万|https://y.qq.com/n/ryqq/songDetail/0037gokD1AHk0J
虎二|过去了|65.4万|https://y.qq.com/n/ryqq/songDetail/003QUepS4Pet06
虎二|尘土|65.4万|https://y.qq.com/n/ryqq/songDetail/000unfmN0Ke5AC
房东的猫|New Boy |147.6万|https://y.qq.com/n/ryqq/songDetail/003UTVCN0QvffG
房东的猫|云烟成雨|147.6万|https://y.qq.com/n/ryqq/songDetail/001yYM0I30CzdP
房东的猫|是对爱的渴望|147.6万|https://y.qq.com/n/ryqq/songDetail/002u5gMr3Lak6j
房东的猫|我可以|147.6万|https://y.qq.com/n/ryqq/songDetail/0039o8U140hL15
房东的猫|下一站，茶山刘|147.6万|https://y.qq.com/n/ryqq/songDetail/000gYjUp2aHqed
房东的猫|斑马斑马 (翻唱)|147.6万|https://y.qq.com/n/ryqq/songDetail/003NfW9d3lhFUE
房东的猫|rainy night/雨夜 (Ft. 房东的猫)|147.6万|https://y.qq.com/n/ryqq/songDetail/002bOExX3qddJh
房东的猫|我是任何野蛮生长的事物|147.6万|https://y.qq.com/n/ryqq/songDetail/003fyuuV0TD8v5
房东的猫|蝴蝶之夏|147.6万|https://y.qq.com/n/ryqq/songDetail/001q3yaN0SVDTP
房东的猫|时光，一如既往|147.6万|https://y.qq.com/n/ryqq/songDetail/002j31BN4azXch
曲肖冰|静悄悄 (Remix)|91.6万|https://y.qq.com/n/ryqq/songDetail/001EJzGW3zc33t
曲肖冰|厚颜无耻|91.6万|https://y.qq.com/n/ryqq/songDetail/000LZSEr3kTRFk
曲肖冰|反复催眠|91.6万|https://y.qq.com/n/ryqq/songDetail/000J34ln3dDPXB
曲肖冰|当真|91.6万|https://y.qq.com/n/ryqq/songDetail/000mYvlv2HvIg5
曲肖冰|走马|91.6万|https://y.qq.com/n/ryqq/songDetail/002Ee2W21JAfYl
曲肖冰|静悄悄|91.6万|https://y.qq.com/n/ryqq/songDetail/000WyUF03DywGy
曲肖冰|太阳 (正式版)|91.6万|https://y.qq.com/n/ryqq/songDetail/0033upXO0xmskX
曲肖冰|天亮以前说再见|91.6万|https://y.qq.com/n/ryqq/songDetail/000toHZo1K8Bec
曲肖冰|清空|91.6万|https://y.qq.com/n/ryqq/songDetail/004dQefs1nDE3n
曲肖冰|离人愁|91.6万|https://y.qq.com/n/ryqq/songDetail/000BqKaL17enVh
黄霄雲|星辰大海|68.6万|https://y.qq.com/n/ryqq/songDetail/002LNOds0rYvpK
黄霄雲|幻想|68.6万|https://y.qq.com/n/ryqq/songDetail/003mtpTf0Yj6Bi
黄霄雲|《星辰大海》建党百年主题音乐|68.6万|https://y.qq.com/n/ryqq/songDetail/0039g7yk0Yemhd
黄霄雲|带我去很远地方|68.6万|https://y.qq.com/n/ryqq/songDetail/003B5XyG05zbQ5
黄霄雲|Wish You Were Here|68.6万|https://y.qq.com/n/ryqq/songDetail/00216HFs2JHZua
黄霄雲|Sad Sometimes|68.6万|https://y.qq.com/n/ryqq/songDetail/004btiGP3lBOt9
黄霄雲|平行线 (Wish You Were Here)|68.6万|https://y.qq.com/n/ryqq/songDetail/004VQ5jq3KCth4
黄霄雲|左手指月 (Live)|68.6万|https://y.qq.com/n/ryqq/songDetail/003eD4ak3oCYxz
黄霄雲|梦返|68.6万|https://y.qq.com/n/ryqq/songDetail/002uJsik1HQOYw
黄霄雲|左手指月 (纯享版)|68.6万|https://y.qq.com/n/ryqq/songDetail/0025hxa92dbW2R
郭顶|我们俩|64.9万|https://y.qq.com/n/ryqq/songDetail/003MASv802hpJ7
郭顶|水星记|64.9万|https://y.qq.com/n/ryqq/songDetail/00485V8K4InqbZ
郭顶|保留|64.9万|https://y.qq.com/n/ryqq/songDetail/003kC9Vx0LrGdd
郭顶|凄美地|64.9万|https://y.qq.com/n/ryqq/songDetail/00057jkW1DsOrQ
郭顶|想着你|64.9万|https://y.qq.com/n/ryqq/songDetail/00331ISN37M4v7
郭顶|情歌两三首|64.9万|https://y.qq.com/n/ryqq/songDetail/001r6qND1nodZO
郭顶|每个眼神都只身荒野|64.9万|https://y.qq.com/n/ryqq/songDetail/000EAF9r3nGEdX
郭顶|不是说好的吗|64.9万|https://y.qq.com/n/ryqq/songDetail/000QhLdB2q1Io1
郭顶|幸运大门|64.9万|https://y.qq.com/n/ryqq/songDetail/001ETakU3sX1gP
郭顶|在云端|64.9万|https://y.qq.com/n/ryqq/songDetail/003YmEOh1Q1HI2
金志文|自娱自乐|188.7万|https://y.qq.com/n/ryqq/songDetail/001DdpQA0ZzQCH
金志文|远走高飞 (独唱版)|188.7万|https://y.qq.com/n/ryqq/songDetail/0027zPYs3A9fyb
金志文|难以启齿的柔弱|188.7万|https://y.qq.com/n/ryqq/songDetail/002kROg53HRjXc
金志文|太傻 (Live)|188.7万|https://y.qq.com/n/ryqq/songDetail/000OIGu03YtdZj
金志文|远走高飞 (合唱版)|188.7万|https://y.qq.com/n/ryqq/songDetail/001MVT301EZOQr
金志文|夏洛特烦恼|188.7万|https://y.qq.com/n/ryqq/songDetail/0003lSMc4KXPxX
金志文|肩上蝶|188.7万|https://y.qq.com/n/ryqq/songDetail/001qULbd2IPmXQ
金志文|千年|188.7万|https://y.qq.com/n/ryqq/songDetail/0010hBPF4TtDbz
金志文|流着泪说分手|188.7万|https://y.qq.com/n/ryqq/songDetail/001aNWZH3H5C08
金志文|自娱自乐 (Remix)|188.7万|https://y.qq.com/n/ryqq/songDetail/0040qoZ83zxY1l
来一碗老于|解药 (新版)|52.6万|https://y.qq.com/n/ryqq/songDetail/0037YjOm4c23EL
来一碗老于|云水谣 (新版)|52.6万|https://y.qq.com/n/ryqq/songDetail/002syzQf1ayiiD
来一碗老于|云水谣|52.6万|https://y.qq.com/n/ryqq/songDetail/001LiuCL309VKM
来一碗老于|关于你我还没想好|52.6万|https://y.qq.com/n/ryqq/songDetail/000cQ0Jg4fnuYb
来一碗老于|解药|52.6万|https://y.qq.com/n/ryqq/songDetail/000Ez4qH3BLZmT
来一碗老于|谪仙 (老于版)|52.6万|https://y.qq.com/n/ryqq/songDetail/002Q4hz93OJF1y
来一碗老于|春泥 (Demo)|52.6万|https://y.qq.com/n/ryqq/songDetail/001lsJDr4QWE8m
来一碗老于|桃花诺|52.6万|https://y.qq.com/n/ryqq/songDetail/0046EM9B3xb2kD
来一碗老于|春庭雪 (Demo)|52.6万|https://y.qq.com/n/ryqq/songDetail/000dRqPH2QMzyB
来一碗老于|一吻天荒 (Live)|52.6万|https://y.qq.com/n/ryqq/songDetail/0006rq1B1KWbuN
王以太|危险派对|22.4万|https://y.qq.com/n/ryqq/songDetail/004R7qfh1ALctJ
王以太|BIG TIME|22.4万|https://y.qq.com/n/ryqq/songDetail/0009rycf2Pp9Fa
王以太|目不转睛|22.4万|https://y.qq.com/n/ryqq/songDetail/001WMCQn0LpdQH
王以太|目不转睛 (Live)|22.4万|https://y.qq.com/n/ryqq/songDetail/003FgG6Z4ZPsTe
王以太|有一颗星为我存在|22.4万|https://y.qq.com/n/ryqq/songDetail/002fWfE80VfkAI
王以太|阿司匹林 (Live)|22.4万|https://y.qq.com/n/ryqq/songDetail/000umFZT1E7PHz
王以太|无畏 (Live)|22.4万|https://y.qq.com/n/ryqq/songDetail/002z1zl22nLJ8z
王以太|童言无忌 (Live)|22.4万|https://y.qq.com/n/ryqq/songDetail/001zx0Am1UYgPe
王以太|目不转睛 (Live)|22.4万|https://y.qq.com/n/ryqq/songDetail/001IifIX2TIysp
王以太|四面楚歌|22.4万|https://y.qq.com/n/ryqq/songDetail/001gIAM52NsvSO
秦海清|不如|7.8万|https://y.qq.com/n/ryqq/songDetail/004UkzBC2TqjK4
秦海清|不如 (DJ抖音完整版)|7.8万|https://y.qq.com/n/ryqq/songDetail/000P9X9033jAD5
秦海清|不如 (伴奏)|7.8万|https://y.qq.com/n/ryqq/songDetail/001AOvGl0OLI1D
秦海清|不如 (DJ阿卓版&DJ小秋版)|7.8万|https://y.qq.com/n/ryqq/songDetail/004XabFT2E4vcC
秦海清|善变|7.8万|https://y.qq.com/n/ryqq/songDetail/002UFw161vPNde
秦海清|不敢给你听的情歌|7.8万|https://y.qq.com/n/ryqq/songDetail/002qbAod46I87f
秦海清|三行情书|7.8万|https://y.qq.com/n/ryqq/songDetail/001Ww34x3cMNhC
秦海清|醒不来的梦 (乐队版)|7.8万|https://y.qq.com/n/ryqq/songDetail/000o0KtE44mH6d
秦海清|沉默分离|7.8万|https://y.qq.com/n/ryqq/songDetail/001iByxX3YKs1J
秦海清|不如 (DJ沈念&DJ小帽版)|7.8万|https://y.qq.com/n/ryqq/songDetail/004e6Ibw0WwEqQ
赵雷|成都|253.8万|https://y.qq.com/n/ryqq/songDetail/003TLWoN0gQnP5
赵雷|鼓楼|253.8万|https://y.qq.com/n/ryqq/songDetail/001JWMPW4aZyhR
赵雷|南方姑娘|253.8万|https://y.qq.com/n/ryqq/songDetail/001O8Fq6090GIP
赵雷|我们的时光|253.8万|https://y.qq.com/n/ryqq/songDetail/003ITzMw2CRNZX
赵雷|画|253.8万|https://y.qq.com/n/ryqq/songDetail/003ThnHE0lOP3W
赵雷|理想|253.8万|https://y.qq.com/n/ryqq/songDetail/002YiXmX3PKZHE
赵雷|少年锦时|253.8万|https://y.qq.com/n/ryqq/songDetail/000vNzlL39BsNt
赵雷|阿刁|253.8万|https://y.qq.com/n/ryqq/songDetail/003fV3uf1b2Lba
赵雷|成都 (Live)|253.8万|https://y.qq.com/n/ryqq/songDetail/000MCRpx0myGAL
赵雷|三十岁的女人|253.8万|https://y.qq.com/n/ryqq/songDetail/002i47OG1GAKRM
烟(许佳豪)|偏爱和例外|12.5万|https://y.qq.com/n/ryqq/songDetail/004IL6nZ3AnUmq
烟(许佳豪)|想你这件事|12.5万|https://y.qq.com/n/ryqq/songDetail/002zFB7i0AYmFG
烟(许佳豪)|想你这件事 (正式版)|12.5万|https://y.qq.com/n/ryqq/songDetail/0049J5n84Tv8oT
烟(许佳豪)|观众 (正式版)|12.5万|https://y.qq.com/n/ryqq/songDetail/002jTpr92VobqJ
烟(许佳豪)|观众|12.5万|https://y.qq.com/n/ryqq/songDetail/002cOCfv4G7QLN
烟(许佳豪)|隐疾|12.5万|https://y.qq.com/n/ryqq/songDetail/0024t5OO23RvGz
烟(许佳豪)|65平方的爱情|12.5万|https://y.qq.com/n/ryqq/songDetail/000xOCz30B7hn1
烟(许佳豪)|隐疾 (吉他版)|12.5万|https://y.qq.com/n/ryqq/songDetail/000Sjvie1ugECD
烟(许佳豪)|烟(许佳豪)创作的原声|12.5万|https://y.qq.com/n/ryqq/songDetail/0038AmGv3KIQbD
烟(许佳豪)|烟(许佳豪)创作的原声|12.5万|https://y.qq.com/n/ryqq/songDetail/003A7fqs0J5osp
庄心妍|再见只是陌生人|496.8万|https://y.qq.com/n/ryqq/songDetail/000ocSdp4SSl6P
庄心妍|走着走着就散了|496.8万|https://y.qq.com/n/ryqq/songDetail/004NIK6u00TtHx
庄心妍|以后的以后|496.8万|https://y.qq.com/n/ryqq/songDetail/001cP3t82HI31e
庄心妍|庄心妍热歌金曲串烧|496.8万|https://y.qq.com/n/ryqq/songDetail/000ZzcAN13B7tH
庄心妍|放过自己|496.8万|https://y.qq.com/n/ryqq/songDetail/002k0qa50C6eFn
庄心妍|爱囚|496.8万|https://y.qq.com/n/ryqq/songDetail/001pbXyo4J3wMH
庄心妍|好可惜|496.8万|https://y.qq.com/n/ryqq/songDetail/001tYweH1iGcZf
庄心妍|为情所伤|496.8万|https://y.qq.com/n/ryqq/songDetail/000WN0p44c6fvD
庄心妍|一万个舍不得|496.8万|https://y.qq.com/n/ryqq/songDetail/0016O4Oh1WQB2A
庄心妍|真的不容易|496.8万|https://y.qq.com/n/ryqq/songDetail/000fGfsH3CrdSF
易烊千玺|四字歌|607.4万|https://y.qq.com/n/ryqq/songDetail/002pRKXI3VxUrl
易烊千玺|爱情鸟|607.4万|https://y.qq.com/n/ryqq/songDetail/004Fpnhh2f7U12
易烊千玺|大城小爱 (Live)|607.4万|https://y.qq.com/n/ryqq/songDetail/003B7uBk0LfzGI
易烊千玺|粉雾海|607.4万|https://y.qq.com/n/ryqq/songDetail/003O1P6B2NQVF0
易烊千玺|一起向未来|607.4万|https://y.qq.com/n/ryqq/songDetail/002ImLyF0DWmx9
易烊千玺|My Boo|607.4万|https://y.qq.com/n/ryqq/songDetail/002vqQZD2XF79L
易烊千玺|野花|607.4万|https://y.qq.com/n/ryqq/songDetail/004LX0R84X1eyB
易烊千玺|精彩才刚刚开始|607.4万|https://y.qq.com/n/ryqq/songDetail/001apXAh2mHRub
易烊千玺|离骚|607.4万|https://y.qq.com/n/ryqq/songDetail/001JaAKW4IurRk
易烊千玺|念想|607.4万|https://y.qq.com/n/ryqq/songDetail/002qayVx1bMMn2
蒋雪儿|莫问归期|88.5万|https://y.qq.com/n/ryqq/songDetail/003gUhuW1tYujy
蒋雪儿|燕无歇|88.5万|https://y.qq.com/n/ryqq/songDetail/001vWmFz0T8O3F
蒋雪儿|谁在意我流下的泪|88.5万|https://y.qq.com/n/ryqq/songDetail/001TyBr926KUqU
蒋雪儿|莫问归期|88.5万|https://y.qq.com/n/ryqq/songDetail/0019R76z1e6XRQ
蒋雪儿|半生雪|88.5万|https://y.qq.com/n/ryqq/songDetail/001vANrx0FVXzq
蒋雪儿|梦的翅膀受了伤|88.5万|https://y.qq.com/n/ryqq/songDetail/003DIITP0XU3ZP
蒋雪儿|爱河 (DJ版)|88.5万|https://y.qq.com/n/ryqq/songDetail/002Zd34k4WCMUk
蒋雪儿|因为你爱上他|88.5万|https://y.qq.com/n/ryqq/songDetail/000tz5Vd1BCJjb
蒋雪儿|从前的我快乐过|88.5万|https://y.qq.com/n/ryqq/songDetail/002XoJwb1DOD7c
蒋雪儿|风夜行|88.5万|https://y.qq.com/n/ryqq/songDetail/000480tN0yShmP
单依纯|永不失联的爱 (Live)|93.4万|https://y.qq.com/n/ryqq/songDetail/002GwAma2DGN2x
单依纯|永不失联的爱 (正式版)|93.4万|https://y.qq.com/n/ryqq/songDetail/003FoZ980Uyj9i
单依纯|给电影人的情书|93.4万|https://y.qq.com/n/ryqq/songDetail/004Cosxp2ZLOlH
单依纯|女儿国 (Live)|93.4万|https://y.qq.com/n/ryqq/songDetail/003cjLev1DSJPx
单依纯|在夜里跳舞|93.4万|https://y.qq.com/n/ryqq/songDetail/003AO8i513X3rr
单依纯|Moon Talk (月光专线) (Live)|93.4万|https://y.qq.com/n/ryqq/songDetail/0038nOQJ0H2o0p
单依纯|不值得 (Live)|93.4万|https://y.qq.com/n/ryqq/songDetail/002iVlVr06iwpM
单依纯|像风一样 (Live)|93.4万|https://y.qq.com/n/ryqq/songDetail/0034pmwQ05YPQT
单依纯|给电影人的情书 (Live)|93.4万|https://y.qq.com/n/ryqq/songDetail/003MFub32N5HxZ
单依纯|别问很可怕 (Live)|93.4万|https://y.qq.com/n/ryqq/songDetail/000gatDN2GPzu9
陈粒|走马|341.7万|https://y.qq.com/n/ryqq/songDetail/000ffReZ1XyCS7
陈粒|小半|341.7万|https://y.qq.com/n/ryqq/songDetail/001hs89m3C5p3g
陈粒|虚拟|341.7万|https://y.qq.com/n/ryqq/songDetail/002CqtaC3jYZpu
陈粒|易燃易爆炸|341.7万|https://y.qq.com/n/ryqq/songDetail/00394LZb2KXqak
陈粒|奇妙能力歌|341.7万|https://y.qq.com/n/ryqq/songDetail/004cXwmW4Hs88w
陈粒|光|341.7万|https://y.qq.com/n/ryqq/songDetail/000X41LW079jRG
陈粒|空空 (Live)|341.7万|https://y.qq.com/n/ryqq/songDetail/002gq0iy32KzNf
陈粒|历历万乡|341.7万|https://y.qq.com/n/ryqq/songDetail/0017JuDq1Ufot0
陈粒|桥豆麻袋|341.7万|https://y.qq.com/n/ryqq/songDetail/0006VJ3Y4e3ufF
陈粒|祝星|341.7万|https://y.qq.com/n/ryqq/songDetail/004YSSH3225pBw
阿肆|热爱105°C的你|82.9万|https://y.qq.com/n/ryqq/songDetail/002Q0Pgw09MNCg
阿肆|喜欢|82.9万|https://y.qq.com/n/ryqq/songDetail/0015EQT708bZlQ
阿肆|世界上的另一个我|82.9万|https://y.qq.com/n/ryqq/songDetail/0009BcDy2B1y80
阿肆|致姗姗来迟的你|82.9万|https://y.qq.com/n/ryqq/songDetail/003Iq94Q0SnePV
阿肆|我在人民广场吃炸鸡|82.9万|https://y.qq.com/n/ryqq/songDetail/003Fpsle2Vv1ca
阿肆|直到你降临|82.9万|https://y.qq.com/n/ryqq/songDetail/003qoNyl1PANh0
阿肆|尽管如此，还是|82.9万|https://y.qq.com/n/ryqq/songDetail/001ZAnIn2Wfep0
阿肆|预谋邂逅|82.9万|https://y.qq.com/n/ryqq/songDetail/002hnkIx2JVV8O
阿肆|仰世而来|82.9万|https://y.qq.com/n/ryqq/songDetail/0010valX02tMli
阿肆|不在他方|82.9万|https://y.qq.com/n/ryqq/songDetail/0032zXSk3LLTIY
音阙诗听|芒种|184.0万|https://y.qq.com/n/ryqq/songDetail/0020VnHM0U9uNh
音阙诗听|红昭愿|184.0万|https://y.qq.com/n/ryqq/songDetail/002IWBxU47dwlj
音阙诗听|空山新雨后|184.0万|https://y.qq.com/n/ryqq/songDetail/001SCeNA1ysL0k
音阙诗听|大雪|184.0万|https://y.qq.com/n/ryqq/songDetail/004Ih4jN0DhNup
音阙诗听|桃花庵|184.0万|https://y.qq.com/n/ryqq/songDetail/002RSvzd3DoJRf
音阙诗听|大喜|184.0万|https://y.qq.com/n/ryqq/songDetail/003EDXw7330KcF
音阙诗听|离人殇|184.0万|https://y.qq.com/n/ryqq/songDetail/004d8dQ73xeyBt
音阙诗听|红昭愿 (高音质版)|184.0万|https://y.qq.com/n/ryqq/songDetail/001IRygp0KZmmP
音阙诗听|时间轴|184.0万|https://y.qq.com/n/ryqq/songDetail/003ZaWar2NOWwK
音阙诗听|惊蛰|184.0万|https://y.qq.com/n/ryqq/songDetail/003VwwNA2iYZe7
吕口口|失忆 (正式版)|14.1万|https://y.qq.com/n/ryqq/songDetail/001cM1zF220Skx
吕口口|别想他|14.1万|https://y.qq.com/n/ryqq/songDetail/003Z0Rbh10bsgq
吕口口|愿意|14.1万|https://y.qq.com/n/ryqq/songDetail/002dTJTh4VCRvw
吕口口|最近 (女生版)|14.1万|https://y.qq.com/n/ryqq/songDetail/001E1QyK3lU1bs
吕口口|你，好不好？|14.1万|https://y.qq.com/n/ryqq/songDetail/003ktrFs28pEVl
吕口口|沉默以对|14.1万|https://y.qq.com/n/ryqq/songDetail/003cVDis4ETPOT
吕口口|我配不上你|14.1万|https://y.qq.com/n/ryqq/songDetail/003m4ubx3eqA6x
吕口口|影子习惯|14.1万|https://y.qq.com/n/ryqq/songDetail/001Iswsb1Zq1FN
吕口口|失忆 (DJR7版)|14.1万|https://y.qq.com/n/ryqq/songDetail/0017R0Ft4JuoiR
吕口口|2018抖音神曲串烧|14.1万|https://y.qq.com/n/ryqq/songDetail/0047JhCp18zOc5
郑鱼|怎叹|9.4万|https://y.qq.com/n/ryqq/songDetail/004D5Ehi3qyyu7
郑鱼|八小时时差|9.4万|https://y.qq.com/n/ryqq/songDetail/003gF69b45zSVs
郑鱼|怎叹 (DJ沈念版)|9.4万|https://y.qq.com/n/ryqq/songDetail/002diwPP39wBwM
郑鱼|无归期|9.4万|https://y.qq.com/n/ryqq/songDetail/0035eCYi30CZ8B
郑鱼|除了你|9.4万|https://y.qq.com/n/ryqq/songDetail/004N3roJ1FgMlc
郑鱼|胆小鬼|9.4万|https://y.qq.com/n/ryqq/songDetail/004JgxD64XAC7q
郑鱼|盼君折枝|9.4万|https://y.qq.com/n/ryqq/songDetail/0003rSpd2d8qdN
郑鱼|无归期 (DJ亚明版)|9.4万|https://y.qq.com/n/ryqq/songDetail/000QAyIi1tiwNq
郑鱼|下雨天（男版）|9.4万|https://y.qq.com/n/ryqq/songDetail/000yJetF3Mrf9P
郑鱼|Honey I love you|9.4万|https://y.qq.com/n/ryqq/songDetail/003fmsi12jb4qN
李玉刚|万疆|210.6万|https://y.qq.com/n/ryqq/songDetail/003YmhIx2ou2he
李玉刚|刚好遇见你|210.6万|https://y.qq.com/n/ryqq/songDetail/000LBcVm0d9raf
李玉刚|新贵妃醉酒|210.6万|https://y.qq.com/n/ryqq/songDetail/002GsyiY1AtogH
李玉刚|清明上河图|210.6万|https://y.qq.com/n/ryqq/songDetail/000HIb481OqGlQ
李玉刚|雨花石|210.6万|https://y.qq.com/n/ryqq/songDetail/002XfkPO4H5RC3
李玉刚|赤伶 (2021交响乐版)|210.6万|https://y.qq.com/n/ryqq/songDetail/001Nc7od2nJuF8
李玉刚|东方不败SWORDSMAN|210.6万|https://y.qq.com/n/ryqq/songDetail/002MO46z0WeXJq
李玉刚|清明上河图 (Live)|210.6万|https://y.qq.com/n/ryqq/songDetail/0008AA92117Thx
李玉刚|刚好遇见你 (Live)|210.6万|https://y.qq.com/n/ryqq/songDetail/0009l5F2037na6
李玉刚|水墨丹青|210.6万|https://y.qq.com/n/ryqq/songDetail/000Nn7jj1b4axQ
许巍|曾经的你|218.4万|https://y.qq.com/n/ryqq/songDetail/004XcdPX08dOus
许巍|蓝莲花|218.4万|https://y.qq.com/n/ryqq/songDetail/001tcduI48ozWY
许巍|像风一样自由|218.4万|https://y.qq.com/n/ryqq/songDetail/0035GQtJ19dQ97
许巍|生活不止眼前的苟且|218.4万|https://y.qq.com/n/ryqq/songDetail/0007gGzt0Oi4iy
许巍|故乡|218.4万|https://y.qq.com/n/ryqq/songDetail/001XmE6a2apzbF
许巍|旅行|218.4万|https://y.qq.com/n/ryqq/songDetail/000Qhd4C3Hfn7t
许巍|曾经的你 (Live)|218.4万|https://y.qq.com/n/ryqq/songDetail/003r1NqB4YifUa
许巍|我们|218.4万|https://y.qq.com/n/ryqq/songDetail/004EyWdO4JZgOn
许巍|完美生活|218.4万|https://y.qq.com/n/ryqq/songDetail/001gFmS32mSRvn
许巍|时光|218.4万|https://y.qq.com/n/ryqq/songDetail/0039BYui0oQdFf
朴树|平凡之路|197.7万|https://y.qq.com/n/ryqq/songDetail/000T1Ws32MWrUj
朴树|NEW BOY|197.7万|https://y.qq.com/n/ryqq/songDetail/002ic6jw1iwaBn
朴树|那些花儿|197.7万|https://y.qq.com/n/ryqq/songDetail/000xdFEH0GpGV5
朴树|送别|197.7万|https://y.qq.com/n/ryqq/songDetail/002uBSiC1hbInQ
朴树|生如夏花|197.7万|https://y.qq.com/n/ryqq/songDetail/001NrtIJ0ylNai
朴树|平凡之路 (Live)|197.7万|https://y.qq.com/n/ryqq/songDetail/001RIuye3daguU
朴树|白桦林|197.7万|https://y.qq.com/n/ryqq/songDetail/003zmGbg4Tz0UL
朴树|清白之年|197.7万|https://y.qq.com/n/ryqq/songDetail/003mKWLh2nEpxt
朴树|No Fear In My Heart|197.7万|https://y.qq.com/n/ryqq/songDetail/003QDnpH0jfFOP
朴树|且听风吟|197.7万|https://y.qq.com/n/ryqq/songDetail/002O2x082sJT34
金润吉|Love Love|16.7万|https://y.qq.com/n/ryqq/songDetail/003JZU0r2p15ta
金润吉|谢谢你的爱|16.7万|https://y.qq.com/n/ryqq/songDetail/003FMUPi1SdyC6
金润吉|Tell Me (韩文版)|16.7万|https://y.qq.com/n/ryqq/songDetail/003CDJm60t1Mhs
金润吉|学到老爱到老|16.7万|https://y.qq.com/n/ryqq/songDetail/003OqHBT2Tg5ay
金润吉|野鸟|16.7万|https://y.qq.com/n/ryqq/songDetail/003AUK4y1OntdK
金润吉|一次就好|16.7万|https://y.qq.com/n/ryqq/songDetail/002rnhHC49g08h
金润吉|请不要离开我|16.7万|https://y.qq.com/n/ryqq/songDetail/001Is1Rz40IvHR
金润吉|兰花指|16.7万|https://y.qq.com/n/ryqq/songDetail/002Nui7W3HYqdh
金润吉|心锁|16.7万|https://y.qq.com/n/ryqq/songDetail/003NcXzm12HOmS
金润吉|Stay With Me|16.7万|https://y.qq.com/n/ryqq/songDetail/004PYS4V2GzG4m
街道办GDC|春娇与志明|16.8万|https://y.qq.com/n/ryqq/songDetail/004Uln1G2Aunqw
街道办GDC|离开|16.8万|https://y.qq.com/n/ryqq/songDetail/0046ES4f3o3leN
街道办GDC|GOODFRIEND|16.8万|https://y.qq.com/n/ryqq/songDetail/002F985B2LA3yP
街道办GDC|拥有不拥有|16.8万|https://y.qq.com/n/ryqq/songDetail/003sYNDy1l7EHc
街道办GDC|青春记录号|16.8万|https://y.qq.com/n/ryqq/songDetail/002miX692VyLbR
街道办GDC|电影|16.8万|https://y.qq.com/n/ryqq/songDetail/0014smLJ2LZenA
街道办GDC|GOODFRIEND (Album Version)|16.8万|https://y.qq.com/n/ryqq/songDetail/00298uIQ1AMYQ9
街道办GDC|今天晚上|16.8万|https://y.qq.com/n/ryqq/songDetail/0033guKD4OWrid
街道办GDC|旅行者|16.8万|https://y.qq.com/n/ryqq/songDetail/004YV3z82J7JaC
街道办GDC|你嘅呢|16.8万|https://y.qq.com/n/ryqq/songDetail/000vRYZ30hTIjq
Lil Ghost小鬼|Mood (Lil Ghost Remix|Explicit)|209.2万|https://y.qq.com/n/ryqq/songDetail/000DfsWV2zWb6l
Lil Ghost小鬼|别叫我达芬奇 (Punk Version)|209.2万|https://y.qq.com/n/ryqq/songDetail/004D8S6y2DgqLW
Lil Ghost小鬼|GOOD NIGHT|209.2万|https://y.qq.com/n/ryqq/songDetail/003KW7XJ1LUF2p
Lil Ghost小鬼|Raining|209.2万|https://y.qq.com/n/ryqq/songDetail/0012k0rH40xJHo
Lil Ghost小鬼|别叫我达芬奇|209.2万|https://y.qq.com/n/ryqq/songDetail/002d01GE06HVkZ
Lil Ghost小鬼|只对你有感觉 (Live)|209.2万|https://y.qq.com/n/ryqq/songDetail/002dlB0X3bapxx
Lil Ghost小鬼|NO 808|209.2万|https://y.qq.com/n/ryqq/songDetail/0011YOHF4R0hSS
Lil Ghost小鬼|偏爱 (Live)|209.2万|https://y.qq.com/n/ryqq/songDetail/0045Nimk2S41Qn
Lil Ghost小鬼|拜托了世界|209.2万|https://y.qq.com/n/ryqq/songDetail/002mgQSZ1u0xA7
Lil Ghost小鬼|你最近还好吗|209.2万|https://y.qq.com/n/ryqq/songDetail/0038WG2M0SC2CF
井胧|骁|36.3万|https://y.qq.com/n/ryqq/songDetail/000zqcIw34Wv2H
井胧|把孤独当做晚餐|36.3万|https://y.qq.com/n/ryqq/songDetail/000STsvn0AXtPb
井胧|无虞|36.3万|https://y.qq.com/n/ryqq/songDetail/000IiURm2thD1X
井胧|不删|36.3万|https://y.qq.com/n/ryqq/songDetail/00080NBt42T4xD
井胧|笑吧|36.3万|https://y.qq.com/n/ryqq/songDetail/003M1Cwm3sLL4F
井胧|囚鸟|36.3万|https://y.qq.com/n/ryqq/songDetail/003RJs0n3Ndc8J
井胧|起风了|36.3万|https://y.qq.com/n/ryqq/songDetail/003Qaep11x5sWT
井胧|NANA PARTY (Live)|36.3万|https://y.qq.com/n/ryqq/songDetail/001xfBBx2sKpje
井胧|把孤独当作晚餐|36.3万|https://y.qq.com/n/ryqq/songDetail/0000SvdU1uOS9o
井胧|情谣|36.3万|https://y.qq.com/n/ryqq/songDetail/004Wkm5n0Y9YiW
郭德纲|照花台|30.3万|https://y.qq.com/n/ryqq/songDetail/001QiV731ayjvO
郭德纲|辈分歌|30.3万|https://y.qq.com/n/ryqq/songDetail/004DDsOB2aD4NB
郭德纲|北展德云社相声专场(片段1)|30.3万|https://y.qq.com/n/ryqq/songDetail/003hY1X54cmzd1
郭德纲|《妙峰山》|30.3万|https://y.qq.com/n/ryqq/songDetail/001VaOU71p8Q53
郭德纲|《于谦的风流人生》郭德纲于谦2017精选相声|30.3万|https://y.qq.com/n/ryqq/songDetail/002WgCrD3nz78E
郭德纲|探清水河 (live版)|30.3万|https://y.qq.com/n/ryqq/songDetail/004U0eiV0cSLno
郭德纲|我是大侦探|30.3万|https://y.qq.com/n/ryqq/songDetail/001lUnLy3URqtW
郭德纲|我要闹绯闻|30.3万|https://y.qq.com/n/ryqq/songDetail/000gr6Tq2OznR8
郭德纲|十三香 (Live)|30.3万|https://y.qq.com/n/ryqq/songDetail/001j3Fpz2Os79r
郭德纲|《探清水河》郭德纲|30.3万|https://y.qq.com/n/ryqq/songDetail/003TJhLW30Tb5S
宋冬野|安和桥|211.0万|https://y.qq.com/n/ryqq/songDetail/001fpbwS2TUTjV
宋冬野|斑马，斑马|211.0万|https://y.qq.com/n/ryqq/songDetail/000yxeuQ2hsTgl
宋冬野|董小姐|211.0万|https://y.qq.com/n/ryqq/songDetail/003eLKKD2wQ4th
宋冬野|郭源潮|211.0万|https://y.qq.com/n/ryqq/songDetail/000EnMb70Tldm3
宋冬野|莉莉安|211.0万|https://y.qq.com/n/ryqq/songDetail/002tnaXt0tJTIV
宋冬野|鸽子|211.0万|https://y.qq.com/n/ryqq/songDetail/004MiUav2nyM72
宋冬野|关忆北|211.0万|https://y.qq.com/n/ryqq/songDetail/001wpSDz2m33r4
宋冬野|平淡日子里的刺|211.0万|https://y.qq.com/n/ryqq/songDetail/003Oq3hs2NRuLR
宋冬野|空港曲|211.0万|https://y.qq.com/n/ryqq/songDetail/004PkLUL3SM6KO
宋冬野|平淡日子里的刺|211.0万|https://y.qq.com/n/ryqq/songDetail/000OJTAu0366h7
刘惜君|大风吹 (Live)|109.7万|https://y.qq.com/n/ryqq/songDetail/002Fc5Be34LLWm
刘惜君|我很快乐|109.7万|https://y.qq.com/n/ryqq/songDetail/0027opWa4PxDhg
刘惜君|菩提偈|109.7万|https://y.qq.com/n/ryqq/songDetail/001QzQx63wRlcB
刘惜君|聊表心意|109.7万|https://y.qq.com/n/ryqq/songDetail/000J5T6B1GySI5
刘惜君|故人江南|109.7万|https://y.qq.com/n/ryqq/songDetail/003AjcYT2AcL7x
刘惜君|遥远的歌|109.7万|https://y.qq.com/n/ryqq/songDetail/000RSZOY23obcE
刘惜君|忙|109.7万|https://y.qq.com/n/ryqq/songDetail/001LTF4d4gYNXQ
刘惜君|心若琉璃|109.7万|https://y.qq.com/n/ryqq/songDetail/00306k0a1PPjw2
刘惜君|怎么唱情歌|109.7万|https://y.qq.com/n/ryqq/songDetail/003DDwAx2tCXWn
刘惜君|美丽心情|109.7万|https://y.qq.com/n/ryqq/songDetail/000UUXvt3SLUIq
张远|嘉宾|55.4万|https://y.qq.com/n/ryqq/songDetail/001i36ji0C8Cov
张远|有生之年|55.4万|https://y.qq.com/n/ryqq/songDetail/000EcXU91iui6h
张远|蜕变 (Live)|55.4万|https://y.qq.com/n/ryqq/songDetail/001Go5lV3JCATj
张远|陌路重逢|55.4万|https://y.qq.com/n/ryqq/songDetail/003R34Le03BuXK
张远|有个爱你的人不容易|55.4万|https://y.qq.com/n/ryqq/songDetail/0016SVL128UhIj
张远|门外|55.4万|https://y.qq.com/n/ryqq/songDetail/0039yQNT0uM3VG
张远|我最闪亮 (Live)|55.4万|https://y.qq.com/n/ryqq/songDetail/004US9I61VMrUo
张远|落霞与鲸|55.4万|https://y.qq.com/n/ryqq/songDetail/00173La13PGWdc
张远|我和我的祖国 (全民合唱版)|55.4万|https://y.qq.com/n/ryqq/songDetail/002GWhbU3lu2Mf
张远|蜕变 (纯享版)|55.4万|https://y.qq.com/n/ryqq/songDetail/003WUHI02RsbEg
摩登兄弟刘宇宁|天问|74.6万|https://y.qq.com/n/ryqq/songDetail/002kOvBZ3eQChP
摩登兄弟刘宇宁|女儿国 (Live)|74.6万|https://y.qq.com/n/ryqq/songDetail/003cjLev1DSJPx
摩登兄弟刘宇宁|让酒|74.6万|https://y.qq.com/n/ryqq/songDetail/002OZ9wm0EhjEO
摩登兄弟刘宇宁|怎样 (Live)|74.6万|https://y.qq.com/n/ryqq/songDetail/000pmB7W4TpjcR
摩登兄弟刘宇宁|烟火星辰|74.6万|https://y.qq.com/n/ryqq/songDetail/0010eJFc3qi6QW
摩登兄弟刘宇宁|雨一直下 (Live)|74.6万|https://y.qq.com/n/ryqq/songDetail/001fYlsz3IvHaq
摩登兄弟刘宇宁|初恋 (Live)|74.6万|https://y.qq.com/n/ryqq/songDetail/001olV2a3QT9ub
摩登兄弟刘宇宁|街角的祝福 (Live)|74.6万|https://y.qq.com/n/ryqq/songDetail/000xWPD2328ccA
摩登兄弟刘宇宁|矜持 (Live)|74.6万|https://y.qq.com/n/ryqq/songDetail/001WkiPc4UKMIg
摩登兄弟刘宇宁|千里江山|74.6万|https://y.qq.com/n/ryqq/songDetail/003e6vqS2Ros7B
王贰浪|像鱼|55.0万|https://y.qq.com/n/ryqq/songDetail/000NHikR1jV7Zz
王贰浪|人间城|55.0万|https://y.qq.com/n/ryqq/songDetail/003Ie3mb3yyRZq
王贰浪|像鱼 (DJ阳少版)|55.0万|https://y.qq.com/n/ryqq/songDetail/003D3QiW1g2EPX
王贰浪|虚拟|55.0万|https://y.qq.com/n/ryqq/songDetail/002E08Kp4GBFtb
王贰浪|像鱼|55.0万|https://y.qq.com/n/ryqq/songDetail/002VFQZ60WvDCC
王贰浪|此类生物|55.0万|https://y.qq.com/n/ryqq/songDetail/003xZhec041p9V
王贰浪|少一点天分|55.0万|https://y.qq.com/n/ryqq/songDetail/003sDoJ94gNLYg
王贰浪|谁|55.0万|https://y.qq.com/n/ryqq/songDetail/003CXuxy2lwpXP
王贰浪|我走后 (Live)|55.0万|https://y.qq.com/n/ryqq/songDetail/000BJTEa1igcaH
王贰浪|少一点天分|55.0万|https://y.qq.com/n/ryqq/songDetail/003axw4l1qF60Q
曲婉婷|没有什么不同|249.5万|https://y.qq.com/n/ryqq/songDetail/003WliDd3sfbMz
曲婉婷|我的歌声里|249.5万|https://y.qq.com/n/ryqq/songDetail/003eZ03f3yrLl5
曲婉婷|Jar Of Love (Album Version)|249.5万|https://y.qq.com/n/ryqq/songDetail/002b4LF810mHRC
曲婉婷|爱的海洋|249.5万|https://y.qq.com/n/ryqq/songDetail/001haSrh3b4bVV
曲婉婷|The Courage To Love (Theme Song From "Divorce Lawyer")|249.5万|https://y.qq.com/n/ryqq/songDetail/004fbIQn2TaeOn
曲婉婷|我的歌声里|249.5万|https://y.qq.com/n/ryqq/songDetail/004NuzfP1KjQuM
曲婉婷|我的歌声里 (Demo)|249.5万|https://y.qq.com/n/ryqq/songDetail/004dsXpr1W5ioK
曲婉婷|我的歌声里|249.5万|https://y.qq.com/n/ryqq/songDetail/000eWGa83uaiub
曲婉婷|Everything In the World|249.5万|https://y.qq.com/n/ryqq/songDetail/000QOwDO0rItFX
曲婉婷|承认|249.5万|https://y.qq.com/n/ryqq/songDetail/0042x4SC1xHAQy
贺一航|入了我的心丢了我的魂|37.2万|https://y.qq.com/n/ryqq/songDetail/003HMaj00f8udb
贺一航|请先说你好|37.2万|https://y.qq.com/n/ryqq/songDetail/000L8lFG0tU3yw
贺一航|原来占据你内心的人不是我|37.2万|https://y.qq.com/n/ryqq/songDetail/000lhxPp0qLmsJ
贺一航|一个人的寂寞两个人的错|37.2万|https://y.qq.com/n/ryqq/songDetail/003uL8IE3o37CL
贺一航|听说当初你找过我|37.2万|https://y.qq.com/n/ryqq/songDetail/000utfWj3Ew3cG
贺一航|请先说你好 (DJheap九天版)|37.2万|https://y.qq.com/n/ryqq/songDetail/0018Zc143uPRtO
贺一航|爱错了方式|37.2万|https://y.qq.com/n/ryqq/songDetail/003v1mXy1UdtX5
贺一航|你陪我一程 我念你一生|37.2万|https://y.qq.com/n/ryqq/songDetail/0007PeO623BYhF
贺一航|别爱太满别睡太晚|37.2万|https://y.qq.com/n/ryqq/songDetail/0006Wwt50IMiGr
贺一航|我又想你了|37.2万|https://y.qq.com/n/ryqq/songDetail/001kiWXf14rLZz
胡66|后来遇见他|114.9万|https://y.qq.com/n/ryqq/songDetail/000OjsEW0QrPAd
胡66|空空如也|114.9万|https://y.qq.com/n/ryqq/songDetail/000Wk6NP4NaAPo
胡66|浪人琵琶|114.9万|https://y.qq.com/n/ryqq/songDetail/002dh98v0Clgrm
胡66|都怪我|114.9万|https://y.qq.com/n/ryqq/songDetail/001Idu6i4Hb3ba
胡66|死性不改 (女声版)|114.9万|https://y.qq.com/n/ryqq/songDetail/0017cF390HmETI
胡66|请别说爱我|114.9万|https://y.qq.com/n/ryqq/songDetail/002H0K0K2p6TMT
胡66|不必说抱歉|114.9万|https://y.qq.com/n/ryqq/songDetail/000uudVk3mOkxW
胡66|无氧舱|114.9万|https://y.qq.com/n/ryqq/songDetail/004JuFfb1JbSAL
胡66|湮灭|114.9万|https://y.qq.com/n/ryqq/songDetail/000iy9ib063EHH
胡66|浪人琵琶|114.9万|https://y.qq.com/n/ryqq/songDetail/001nViHn20oD9w
司南|冬眠|72.1万|https://y.qq.com/n/ryqq/songDetail/001U2GJO2hSzQW
司南|春三月|72.1万|https://y.qq.com/n/ryqq/songDetail/004Zx0cr3ZQrkK
司南|烟雨行舟 (Single Version)|72.1万|https://y.qq.com/n/ryqq/songDetail/004Ix2dB3USXtV
司南|风过谢桃花|72.1万|https://y.qq.com/n/ryqq/songDetail/004WlH1b0SUVFO
司南|星辰如眸|72.1万|https://y.qq.com/n/ryqq/songDetail/0032ikDG2eTjUM
司南|烟雨行舟 (新版)|72.1万|https://y.qq.com/n/ryqq/songDetail/000qcMuV1OZZkp
司南|苏东坡|72.1万|https://y.qq.com/n/ryqq/songDetail/003ZabHD1Uz9Ul
司南|长大就好|72.1万|https://y.qq.com/n/ryqq/songDetail/000j8qDp21TkOo
司南|奔赴|72.1万|https://y.qq.com/n/ryqq/songDetail/0047bRjE09jBHy
司南|sonder|72.1万|https://y.qq.com/n/ryqq/songDetail/004BP2ro2aeQzs
渡|须尽欢|3.9万|https://y.qq.com/n/ryqq/songDetail/002Tt2rM0Qv7YN
渡|不如他|3.9万|https://y.qq.com/n/ryqq/songDetail/0015ulXi3LPUGw
渡|遗憾|3.9万|https://y.qq.com/n/ryqq/songDetail/000t2so22wgzsX
渡|与你有关与我无关|3.9万|https://y.qq.com/n/ryqq/songDetail/001cPUrP3y2ohe
渡|不要理我|3.9万|https://y.qq.com/n/ryqq/songDetail/000tJb8H4DJbGD
渡|失色|3.9万|https://y.qq.com/n/ryqq/songDetail/000pPRDf4QtlXO
渡|且不说|3.9万|https://y.qq.com/n/ryqq/songDetail/003EibNp3HR6BS
渡|谢谢爱过|3.9万|https://y.qq.com/n/ryqq/songDetail/00322Nxw4UJYtJ
渡|剧终|3.9万|https://y.qq.com/n/ryqq/songDetail/000QC5o82V4MRd
渡|盘旋|3.9万|https://y.qq.com/n/ryqq/songDetail/0008y9Wr1j6oKG
隔壁老樊|多想在平庸的生活拥抱你 (Live)|144.5万|https://y.qq.com/n/ryqq/songDetail/001k3Be610tdON
隔壁老樊|四块五|144.5万|https://y.qq.com/n/ryqq/songDetail/003PASqO0S26k3
隔壁老樊|你的姑娘|144.5万|https://y.qq.com/n/ryqq/songDetail/000DGgMM0ZX2bB
隔壁老樊|红色高跟鞋|144.5万|https://y.qq.com/n/ryqq/songDetail/003oEb133aXpTG
隔壁老樊|晚婚|144.5万|https://y.qq.com/n/ryqq/songDetail/0040iOV34MhReW
隔壁老樊|世本常态|144.5万|https://y.qq.com/n/ryqq/songDetail/0026RJ1A3NGMtC
隔壁老樊|姬和不如|144.5万|https://y.qq.com/n/ryqq/songDetail/000WVAs90fjSyN
隔壁老樊|百年孤寂 (Live)|144.5万|https://y.qq.com/n/ryqq/songDetail/002vhZKH1HY7IO
隔壁老樊|多想在平庸的生活拥抱你 (Live|伴奏)|144.5万|https://y.qq.com/n/ryqq/songDetail/004BwADc3hOTgY
隔壁老樊|如果没有你|144.5万|https://y.qq.com/n/ryqq/songDetail/001GuArt0UowrF
于文文|体面|105.7万|https://y.qq.com/n/ryqq/songDetail/000Md1wq0vnwzE
于文文|体面 (Live)|105.7万|https://y.qq.com/n/ryqq/songDetail/002lAQ5A3yyPmr
于文文|Dancing With Your Ghost (Live)|105.7万|https://y.qq.com/n/ryqq/songDetail/002G7EV43JX77i
于文文|红色高跟鞋 (Live)|105.7万|https://y.qq.com/n/ryqq/songDetail/002ZNrey0uTtGA
于文文|再见|105.7万|https://y.qq.com/n/ryqq/songDetail/003kXDFm2iKRID
于文文|第三人称|105.7万|https://y.qq.com/n/ryqq/songDetail/002Pl8kS239mP8
于文文|奉陪|105.7万|https://y.qq.com/n/ryqq/songDetail/004Q0PQm2qkYEK
于文文|心跳 (Live)|105.7万|https://y.qq.com/n/ryqq/songDetail/000t25PT1YCDOR
于文文|体面 (Live)|105.7万|https://y.qq.com/n/ryqq/songDetail/002qaEfQ3S3B7S
于文文|暗香 (Live)|105.7万|https://y.qq.com/n/ryqq/songDetail/001zlK5G3ckYSm
Bomb比尔|0222心动-比尔的歌|67.2万|https://y.qq.com/n/ryqq/songDetail/00361LmN13AYri
Bomb比尔|1022-比尔的歌|67.2万|https://y.qq.com/n/ryqq/songDetail/004ID2L33PYnie
Bomb比尔|1104梦-比尔的歌|67.2万|https://y.qq.com/n/ryqq/songDetail/0007Iqak0gD3Wd
Bomb比尔|0712奇怪-比尔的歌|67.2万|https://y.qq.com/n/ryqq/songDetail/00202vfY3W6PO8
Bomb比尔|0807|67.2万|https://y.qq.com/n/ryqq/songDetail/000ktT3L06h8ne
Bomb比尔|蓝蓝的夜-比尔的歌|67.2万|https://y.qq.com/n/ryqq/songDetail/002Jrdwo4EW0Qg
Bomb比尔|1201牵手-比尔的歌|67.2万|https://y.qq.com/n/ryqq/songDetail/003gRhrK2YV4xk
Bomb比尔|0222心动-比尔的歌 (抒情版)|67.2万|https://y.qq.com/n/ryqq/songDetail/003mvFYK0rZ4Qa
Bomb比尔|1127忍者-比尔的歌|67.2万|https://y.qq.com/n/ryqq/songDetail/004Acjph3w4H75
Bomb比尔|怪我0908|67.2万|https://y.qq.com/n/ryqq/songDetail/000R4eOQ4b5MY7
