歌手,歌名,关注量,歌曲id,链接
任然,飞鸟和蝉,282.3万,270283298,https://y.qq.com/n/ryqq/songDetail/004Fimy419PpsA
任然,无人之岛,282.3万,203452364,https://y.qq.com/n/ryqq/songDetail/001fTFGe0LqzdT
任然,落海,282.3万,307167242,https://y.qq.com/n/ryqq/songDetail/002otIR30L2LZO
任然,难堪,282.3万,332441237,https://y.qq.com/n/ryqq/songDetail/003mcx3e2S0bqa
任然,后继者,282.3万,109391882,https://y.qq.com/n/ryqq/songDetail/003qKlqV1PVMB8
任然,关键词,282.3万,201816550,https://y.qq.com/n/ryqq/songDetail/003Ph9WS2YraQM
任然,雀跃,282.3万,317328330,https://y.qq.com/n/ryqq/songDetail/002xADAG0ndpws
任然,疑心病,282.3万,105519196,https://y.qq.com/n/ryqq/songDetail/003HSdVY3Z3GST
任然,空空如也,282.3万,212676452,https://y.qq.com/n/ryqq/songDetail/001OFCtb1K2hBU
任然,走不出的回忆,282.3万,108966508,https://y.qq.com/n/ryqq/songDetail/002X2A9s2qIVBe
程响,时光洪流,143.1万,320315208,https://y.qq.com/n/ryqq/songDetail/001YVo3U4H3LLH
程响,四季予你,143.1万,290702057,https://y.qq.com/n/ryqq/songDetail/004bd0Av3rVEE3
程响,等你归来,143.1万,293985379,https://y.qq.com/n/ryqq/songDetail/000lkMEi2bOZ0v
程响,世界这么大还是遇见你,143.1万,248929498,https://y.qq.com/n/ryqq/songDetail/001xLIXo2w9V7U
程响,不再联系,143.1万,102798993,https://y.qq.com/n/ryqq/songDetail/000p3XN73Y5vV6
程响,千里共婵娟,143.1万,237179755,https://y.qq.com/n/ryqq/songDetail/003B3YRf2bQBix
程响,想起了你,143.1万,225556832,https://y.qq.com/n/ryqq/songDetail/002jyUB34ePDOv
程响,四季予你 (DJ版),143.1万,291376747,https://y.qq.com/n/ryqq/songDetail/001s7GQy3JQxaZ
程响,孤陋寡闻,143.1万,328458806,https://y.qq.com/n/ryqq/songDetail/002XNXC04QXD2W
程响,四季予你 (DJ沈念版),143.1万,294273687,https://y.qq.com/n/ryqq/songDetail/001o8nbL0Vh3ST
莫文蔚,这世界那么多人,227.0万,309058164,https://y.qq.com/n/ryqq/songDetail/000EId433wXlQN
莫文蔚,盛夏的果实,227.0万,4830161,https://y.qq.com/n/ryqq/songDetail/0009BoCc0C2KFN
莫文蔚,一生所爱,227.0万,1727258,https://y.qq.com/n/ryqq/songDetail/000U510n3mqyBf
莫文蔚,慢慢喜欢你,227.0万,213212911,https://y.qq.com/n/ryqq/songDetail/002kkJSE0IeS1F
莫文蔚,忽然之间,227.0万,4830362,https://y.qq.com/n/ryqq/songDetail/000B0ypt0gL3vR
莫文蔚,阴天,227.0万,4830345,https://y.qq.com/n/ryqq/songDetail/0031PqYN0sj8K3
莫文蔚,电台情歌,227.0万,4933701,https://y.qq.com/n/ryqq/songDetail/000gt6Y92Dm4YQ
莫文蔚,如果没有你,227.0万,103848,https://y.qq.com/n/ryqq/songDetail/0037K4vg2IaLqH
莫文蔚,他不爱我,227.0万,4830343,https://y.qq.com/n/ryqq/songDetail/003V5znv2Cgy1D
莫文蔚,那么爱你为什么,227.0万,4830198,https://y.qq.com/n/ryqq/songDetail/004cjfOF1dkG8J
王小帅,哭泣站台,52.9万,331724115,https://y.qq.com/n/ryqq/songDetail/000fdOY92wZNmm
王小帅,怨苍天变了心 (吉他版),52.9万,319905785,https://y.qq.com/n/ryqq/songDetail/001dGNKF3KlMu0
王小帅,你头顶的风,52.9万,296546796,https://y.qq.com/n/ryqq/songDetail/000QDYVT13JXoS
王小帅,不是因为寂寞才想你,52.9万,247123388,https://y.qq.com/n/ryqq/songDetail/001cgpor2AnOa9
王小帅,我爱他,52.9万,247917916,https://y.qq.com/n/ryqq/songDetail/002KVKHw4JCGfJ
王小帅,最近,52.9万,230393521,https://y.qq.com/n/ryqq/songDetail/003yK5G20jEhIJ
王小帅,机场等船,52.9万,315808284,https://y.qq.com/n/ryqq/songDetail/001oUe4A2OjmTN
王小帅,余光边框,52.9万,308555513,https://y.qq.com/n/ryqq/songDetail/003PoX5c48XCKb
王小帅,辞九门回忆（翻自 李袈）,52.9万,327173375,https://y.qq.com/n/ryqq/songDetail/003Lq4LV4RFRCN
王小帅,你头顶的风 (吉他版),52.9万,301773927,https://y.qq.com/n/ryqq/songDetail/004M7lfe32SuJh
毛不易,像我这样的人 (Live),598.3万,203514624,https://y.qq.com/n/ryqq/songDetail/00375L600p9sxv
毛不易,牧马城市,598.3万,213224236,https://y.qq.com/n/ryqq/songDetail/000uhMwj387EBp
毛不易,消愁 (Live),598.3万,203451421,https://y.qq.com/n/ryqq/songDetail/003kLvu04bLGzi
毛不易,借 (Live),598.3万,203705594,https://y.qq.com/n/ryqq/songDetail/002WLDmw0vkHtC
毛不易,呓语 (Live),598.3万,231911712,https://y.qq.com/n/ryqq/songDetail/002EKRp30g50rs
毛不易,梅香如故,598.3万,215969338,https://y.qq.com/n/ryqq/songDetail/003olD751EQ2Ul
毛不易,不染,598.3万,213079190,https://y.qq.com/n/ryqq/songDetail/001xlfsG2eVHUf
毛不易,爱情神话,598.3万,332882761,https://y.qq.com/n/ryqq/songDetail/002n8WAV4KfuPM
毛不易,像我这样的人 (Live),598.3万,214702782,https://y.qq.com/n/ryqq/songDetail/003hzeOV0LsPyx
毛不易,平凡的一天 (Live),598.3万,220673489,https://y.qq.com/n/ryqq/songDetail/004RHKh10BqQef
郁可唯,水中花 (Live),106.4万,330646127,https://y.qq.com/n/ryqq/songDetail/002TsjSY3dWAz5
郁可唯,路过人间 (演唱会Live限定版),106.4万,224617595,https://y.qq.com/n/ryqq/songDetail/002ic85X3x4zum
郁可唯,路过人间,106.4万,232965795,https://y.qq.com/n/ryqq/songDetail/0042jyJt0aQ0Gd
郁可唯,知否知否,106.4万,225716644,https://y.qq.com/n/ryqq/songDetail/002krvKI4Jgvq9
郁可唯,他不懂 (Live),106.4万,334397897,https://y.qq.com/n/ryqq/songDetail/000xO0V54Elc0m
郁可唯,很受伤 (Live),106.4万,332408267,https://y.qq.com/n/ryqq/songDetail/003hlRmY0Usxae
郁可唯,路过人间 (Live),106.4万,329943638,https://y.qq.com/n/ryqq/songDetail/0012eS2E3ncmAl
郁可唯,情人咒,106.4万,269243780,https://y.qq.com/n/ryqq/songDetail/003ihBAH3W4ODI
郁可唯,独家记忆 (Live),106.4万,109210078,https://y.qq.com/n/ryqq/songDetail/003kzGp00yeHHs
郁可唯,纸船,106.4万,259631067,https://y.qq.com/n/ryqq/songDetail/004amlYZ0zVdNl
时代少年团,男儿歌,342.9万,336270181,https://y.qq.com/n/ryqq/songDetail/004L20rs05bJrV
时代少年团,醉,342.9万,333407709,https://y.qq.com/n/ryqq/songDetail/000egT6Y408IZO
时代少年团,哪吒,342.9万,332182212,https://y.qq.com/n/ryqq/songDetail/0039rJNt2rNDz2
时代少年团,朱雀,342.9万,317737420,https://y.qq.com/n/ryqq/songDetail/003FHbEH29twZu
时代少年团,我喜欢你,342.9万,317737429,https://y.qq.com/n/ryqq/songDetail/004IaxkY3LZOkx
时代少年团,傻瓜,342.9万,317737421,https://y.qq.com/n/ryqq/songDetail/000X3grs2JIges
时代少年团,要你管,342.9万,286838572,https://y.qq.com/n/ryqq/songDetail/0040dtbo3XVRRE
时代少年团,少年时代,342.9万,307332919,https://y.qq.com/n/ryqq/songDetail/002IdsKB1F0YX1
时代少年团,姐姐真漂亮,342.9万,274684296,https://y.qq.com/n/ryqq/songDetail/003XqvzC0DhoQF
时代少年团,只有我一个人觉得？,342.9万,286838574,https://y.qq.com/n/ryqq/songDetail/002UKWPs2VIRLI
苏星婕,风吹过八千里,27.6万,325136985,https://y.qq.com/n/ryqq/songDetail/001hDICw1itMfY
苏星婕,落日与晚风,27.6万,315812068,https://y.qq.com/n/ryqq/songDetail/000ORNy208FEAN
苏星婕,清空,27.6万,294235538,https://y.qq.com/n/ryqq/songDetail/004LZwE13k5hzj
苏星婕,等一场大雨,27.6万,310985384,https://y.qq.com/n/ryqq/songDetail/001iyR1A1iIEzr
苏星婕,谎话,27.6万,330646032,https://y.qq.com/n/ryqq/songDetail/001WO9nI3beA2e
苏星婕,去年花开,27.6万,308126719,https://y.qq.com/n/ryqq/songDetail/000xH0YD3IEW7R
苏星婕,大可不必,27.6万,332333302,https://y.qq.com/n/ryqq/songDetail/003YlKf41ogIq5
苏星婕,时空缝隙,27.6万,300579156,https://y.qq.com/n/ryqq/songDetail/000U7QtL45R57g
苏星婕,几句话而已,27.6万,331241563,https://y.qq.com/n/ryqq/songDetail/00077tUQ1wa2vK
苏星婕,清空 (DJ版),27.6万,294235540,https://y.qq.com/n/ryqq/songDetail/002rZ3EE27C8ls
汪苏泷,有点甜,927.6万,4830766,https://y.qq.com/n/ryqq/songDetail/001bdYk41BCfRi
汪苏泷,后会无期,927.6万,7112743,https://y.qq.com/n/ryqq/songDetail/004gZy7l1GYJ1Q
汪苏泷,不分手的恋爱,927.6万,261268980,https://y.qq.com/n/ryqq/songDetail/0048hyit0fCNad
汪苏泷,一笑倾城,927.6万,108172834,https://y.qq.com/n/ryqq/songDetail/002xMLIa1JcZk0
汪苏泷,万有引力,927.6万,261268884,https://y.qq.com/n/ryqq/songDetail/003ZiKJt39Lfti
汪苏泷,小星星,927.6万,261268861,https://y.qq.com/n/ryqq/songDetail/001GVVE31hddH7
汪苏泷,忽而今夏,927.6万,213722048,https://y.qq.com/n/ryqq/songDetail/0035rPQr2p62CG
汪苏泷,年轮,927.6万,102793291,https://y.qq.com/n/ryqq/songDetail/0007CyFf3GHiN4
汪苏泷,情歌 (Live),927.6万,327675482,https://y.qq.com/n/ryqq/songDetail/002VT45M33Tksb
汪苏泷,剑魂,927.6万,332562324,https://y.qq.com/n/ryqq/songDetail/0042EqWL0IE8hN
en,嚣张,130.7万,235802819,https://y.qq.com/n/ryqq/songDetail/001Hp44V3pCQ53
en,曲终人亦散,130.7万,322359258,https://y.qq.com/n/ryqq/songDetail/001jctr241BiOo
en,间距,130.7万,283657774,https://y.qq.com/n/ryqq/songDetail/004f2uTR2CRh1h
en,暗示分离,130.7万,236668123,https://y.qq.com/n/ryqq/songDetail/0028PYV62F9p03
en,云水谣,130.7万,234428728,https://y.qq.com/n/ryqq/songDetail/003Q5Nf549PMWk
en,奉劝,130.7万,270034920,https://y.qq.com/n/ryqq/songDetail/003Zlmmb2yOosx
en,北纬23°26’,130.7万,333286050,https://y.qq.com/n/ryqq/songDetail/004IDf0g344iYi
en,代名词,130.7万,277594605,https://y.qq.com/n/ryqq/songDetail/003msMjU1CoyQE
en,放空,130.7万,301632808,https://y.qq.com/n/ryqq/songDetail/000cBg4u30obc4
en,无能为力,130.7万,293510034,https://y.qq.com/n/ryqq/songDetail/003v5QyJ4G6sAS
蓝心羽,阿拉斯加海湾,184.2万,287881671,https://y.qq.com/n/ryqq/songDetail/002FHVgG4btehE
蓝心羽,星辰不坠落,184.2万,316738965,https://y.qq.com/n/ryqq/songDetail/001kIvoK3siMwF
蓝心羽,记忆停留,184.2万,305654666,https://y.qq.com/n/ryqq/songDetail/002WcwVL2ypOuf
蓝心羽,星空剪影,184.2万,277696413,https://y.qq.com/n/ryqq/songDetail/000wdhv04LMOJv
蓝心羽,寂寞烟火,184.2万,219165837,https://y.qq.com/n/ryqq/songDetail/0004zcfr0neC9O
蓝心羽,小宇,184.2万,228122504,https://y.qq.com/n/ryqq/songDetail/003xnepc40S6oM
蓝心羽,贩卖日落,184.2万,243678280,https://y.qq.com/n/ryqq/songDetail/003lyWey4RB1NK
蓝心羽,2020抖音最火音乐串烧,184.2万,290471047,https://y.qq.com/n/ryqq/songDetail/0028KovL0CGvhS
蓝心羽,夏天的风,184.2万,261027308,https://y.qq.com/n/ryqq/songDetail/003jqNTL41sDBf
蓝心羽,漫步宇宙,184.2万,312637016,https://y.qq.com/n/ryqq/songDetail/000Q8V9Z0LMz5z
王忻辰,落日与晚风,58.0万,315812068,https://y.qq.com/n/ryqq/songDetail/000ORNy208FEAN
王忻辰,清空,58.0万,294235538,https://y.qq.com/n/ryqq/songDetail/004LZwE13k5hzj
王忻辰,迷失幻境,58.0万,278659043,https://y.qq.com/n/ryqq/songDetail/002Vo1xP3z9BVS
王忻辰,谎话,58.0万,330646032,https://y.qq.com/n/ryqq/songDetail/001WO9nI3beA2e
王忻辰,去年花开,58.0万,308126719,https://y.qq.com/n/ryqq/songDetail/000xH0YD3IEW7R
王忻辰,迷失幻境 (DJ版),58.0万,281937070,https://y.qq.com/n/ryqq/songDetail/001WYJBM3FRyIc
王忻辰,时间沦陷,58.0万,320567122,https://y.qq.com/n/ryqq/songDetail/004K79Ee1U5TDx
王忻辰,落差 (DJ版),58.0万,281936407,https://y.qq.com/n/ryqq/songDetail/003Md9lh2ltpID
王忻辰,落差,58.0万,281936398,https://y.qq.com/n/ryqq/songDetail/000CPsaO448jvN
王忻辰,清空 (DJ版),58.0万,294235540,https://y.qq.com/n/ryqq/songDetail/002rZ3EE27C8ls
张杰,只要平凡,1408.6万,214172912,https://y.qq.com/n/ryqq/songDetail/003HHPxJ4638xA
张杰,三生三世,1408.6万,200397365,https://y.qq.com/n/ryqq/songDetail/000hscqh1l8UlG
张杰,天下,1408.6万,273032704,https://y.qq.com/n/ryqq/songDetail/00041h1u3kgquE
张杰,他不懂,1408.6万,273032705,https://y.qq.com/n/ryqq/songDetail/002CtuAm1i0pI3
张杰,最熟悉的陌生人 (Live),1408.6万,333314493,https://y.qq.com/n/ryqq/songDetail/001xNGxr0Ygs3m
张杰,少年中国说,1408.6万,328373747,https://y.qq.com/n/ryqq/songDetail/002SlOWJ0uLHPL
张杰,月亮之上 (Live),1408.6万,331752691,https://y.qq.com/n/ryqq/songDetail/0015dJr102hFMW
张杰,逆战,1408.6万,5166863,https://y.qq.com/n/ryqq/songDetail/001RdTuq0aarsS
张杰,明天过后,1408.6万,273032694,https://y.qq.com/n/ryqq/songDetail/004Eiwhc3TSX8E
张杰,这就是爱,1408.6万,273032693,https://y.qq.com/n/ryqq/songDetail/002WMf1v4FFbm9
IN-K,落日与晚风,19.5万,315812068,https://y.qq.com/n/ryqq/songDetail/000ORNy208FEAN
IN-K,迷失幻境,19.5万,278659043,https://y.qq.com/n/ryqq/songDetail/002Vo1xP3z9BVS
IN-K,迷失幻境 (DJ版),19.5万,281937070,https://y.qq.com/n/ryqq/songDetail/001WYJBM3FRyIc
IN-K,落差 (DJ版),19.5万,281936407,https://y.qq.com/n/ryqq/songDetail/003Md9lh2ltpID
IN-K,落差,19.5万,281936398,https://y.qq.com/n/ryqq/songDetail/000CPsaO448jvN
IN-K,温柔孤岛,19.5万,311049819,https://y.qq.com/n/ryqq/songDetail/001eAeSJ1sUIKg
IN-K,回忆观影券,19.5万,274967057,https://y.qq.com/n/ryqq/songDetail/0040W0qk0yaaME
IN-K,落日与晚风 (DJ版),19.5万,317255395,https://y.qq.com/n/ryqq/songDetail/001bchVH1i6CEz
IN-K,结冰(Lonely),19.5万,311433947,https://y.qq.com/n/ryqq/songDetail/002VrCuU42efFH
IN-K,触摸,19.5万,291256966,https://y.qq.com/n/ryqq/songDetail/001F8tuV3biYmz
不是花火呀,陨落,133.5万,278994023,https://y.qq.com/n/ryqq/songDetail/001IN2SJ1U0FX9
不是花火呀,Ring Ring Ring,133.5万,315481516,https://y.qq.com/n/ryqq/songDetail/002e7RHm3JOg2g
不是花火呀,TA,133.5万,294414075,https://y.qq.com/n/ryqq/songDetail/004I2Jzb0T7qRf
不是花火呀,微风悄悄,133.5万,328328208,https://y.qq.com/n/ryqq/songDetail/001xspvU4YB7BR
不是花火呀,如一,133.5万,284734077,https://y.qq.com/n/ryqq/songDetail/003ZrclJ0267RC
不是花火呀,反方向的钟,133.5万,280248107,https://y.qq.com/n/ryqq/songDetail/003T4RLa092ciZ
不是花火呀,分你一半,133.5万,305466262,https://y.qq.com/n/ryqq/songDetail/001ZZy1s4SjM3j
不是花火呀,等风吹,133.5万,304100836,https://y.qq.com/n/ryqq/songDetail/000kCb684b4CBm
不是花火呀,年轮,133.5万,321087368,https://y.qq.com/n/ryqq/songDetail/000jn5Vd2JEZ9P
不是花火呀,某些喜欢,133.5万,307175699,https://y.qq.com/n/ryqq/songDetail/000nBZPW1QmQXT
李宇春,和你一样,260.2万,459684,https://y.qq.com/n/ryqq/songDetail/003PHZx04KX9Rf
李宇春,下个，路口，见,260.2万,625008,https://y.qq.com/n/ryqq/songDetail/001DIsVq3sSjGV
李宇春,无价之姐,260.2万,269084414,https://y.qq.com/n/ryqq/songDetail/004EXOM01fsOm8
李宇春,无价之姐,260.2万,276518056,https://y.qq.com/n/ryqq/songDetail/002VIFU90S4ICL
李宇春,蜀绣 (Live),260.2万,212992885,https://y.qq.com/n/ryqq/songDetail/001TmXYt4B8W4d
李宇春,岁岁平安,260.2万,253595744,https://y.qq.com/n/ryqq/songDetail/002aAZC611vK7v
李宇春,木兰,260.2万,221851799,https://y.qq.com/n/ryqq/songDetail/001u1WH93FIvrI
李宇春,你是人间的四月天,260.2万,231282176,https://y.qq.com/n/ryqq/songDetail/000gchU01AaLp8
李宇春,软肋,260.2万,306004934,https://y.qq.com/n/ryqq/songDetail/002JrTbh2sPtNF
李宇春,珍惜,260.2万,4814942,https://y.qq.com/n/ryqq/songDetail/003Qf9cv3etZ1t
等什么君(邓寓君),辞九门回忆,305.1万,230154448,https://y.qq.com/n/ryqq/songDetail/003izpqf19Dwps
等什么君(邓寓君),关山酒,305.1万,237270257,https://y.qq.com/n/ryqq/songDetail/002PSWuG0vbdfs
等什么君(邓寓君),春庭雪,305.1万,271099605,https://y.qq.com/n/ryqq/songDetail/0036hiOc1PzcKd
等什么君(邓寓君),难渡,305.1万,303228835,https://y.qq.com/n/ryqq/songDetail/000eK0In1LVeYJ
等什么君(邓寓君),天下,305.1万,265821775,https://y.qq.com/n/ryqq/songDetail/0037JdW10Oozhp
等什么君(邓寓君),慕夏,305.1万,235106071,https://y.qq.com/n/ryqq/songDetail/003EMmCL0Zf6I5
等什么君(邓寓君),归寻,305.1万,232742392,https://y.qq.com/n/ryqq/songDetail/0005JOdN2oCCea
等什么君(邓寓君),赤伶,305.1万,234541950,https://y.qq.com/n/ryqq/songDetail/002Z1Ber4PnDJS
等什么君(邓寓君),叹郁孤,305.1万,255769127,https://y.qq.com/n/ryqq/songDetail/003ZuHnS2AzGpj
等什么君(邓寓君),误红妆 (DJ沈念版),305.1万,274064751,https://y.qq.com/n/ryqq/songDetail/003Jr4NP1brooN
BEYOND,海阔天空,495.9万,4829067,https://y.qq.com/n/ryqq/songDetail/000buMWp48yjTi
BEYOND,真的爱你,495.9万,1319248,https://y.qq.com/n/ryqq/songDetail/004Gyue33FERTT
BEYOND,光辉岁月,495.9万,100526346,https://y.qq.com/n/ryqq/songDetail/003JJd7a3kd908
BEYOND,不再犹豫,495.9万,9059841,https://y.qq.com/n/ryqq/songDetail/0033N6Jr4DvOl9
BEYOND,灰色轨迹,495.9万,280550228,https://y.qq.com/n/ryqq/songDetail/003emqXa2aqw3q
BEYOND,冷雨夜,495.9万,1286471,https://y.qq.com/n/ryqq/songDetail/0018mMEo0QIheP
BEYOND,谁伴我闯荡,495.9万,102193444,https://y.qq.com/n/ryqq/songDetail/000bxpH921pLX5
BEYOND,喜欢你,495.9万,7096775,https://y.qq.com/n/ryqq/songDetail/001mbYZr3QR68r
BEYOND,大地,495.9万,105576206,https://y.qq.com/n/ryqq/songDetail/002SBsjq31MWB5
BEYOND,情人,495.9万,4835515,https://y.qq.com/n/ryqq/songDetail/004FEb3E0mUQvl
程jiajia,别错过 (DJ阿卓版),60.4万,312215422,https://y.qq.com/n/ryqq/songDetail/003wqjv70L6e9r
程jiajia,别错过,60.4万,306688724,https://y.qq.com/n/ryqq/songDetail/001swRzF23bfVj
程jiajia,山楂树の恋,60.4万,235839585,https://y.qq.com/n/ryqq/songDetail/0021uyhB2um654
程jiajia,外婆说,60.4万,321244491,https://y.qq.com/n/ryqq/songDetail/003k4Brd06l3pY
程jiajia,好想抱住你,60.4万,333901100,https://y.qq.com/n/ryqq/songDetail/001UQGSM3ViFDV
程jiajia,我爱你,60.4万,254111357,https://y.qq.com/n/ryqq/songDetail/0013uCFc0CZ4NY
程jiajia,山楂树の恋,60.4万,282623801,https://y.qq.com/n/ryqq/songDetail/0025IDqM2Doz3m
程jiajia,还是会长大,60.4万,291252656,https://y.qq.com/n/ryqq/songDetail/0049WssU3u6012
程jiajia,玫瑰花的葬礼,60.4万,291259988,https://y.qq.com/n/ryqq/songDetail/0033YnDS02U05J
程jiajia,温柔的风,60.4万,244425842,https://y.qq.com/n/ryqq/songDetail/004RlCTM1Vcp71
半吨兄弟,我们说好的 (烟嗓版),61.7万,330299382,https://y.qq.com/n/ryqq/songDetail/001D508N1AG4VI
半吨兄弟,漠河舞厅,61.7万,333308100,https://y.qq.com/n/ryqq/songDetail/000gwV4P3rPLAX
半吨兄弟,最后一次,61.7万,330146276,https://y.qq.com/n/ryqq/songDetail/0013TKVb1Y0wFs
半吨兄弟,秋天不回来 (烟嗓版),61.7万,323076658,https://y.qq.com/n/ryqq/songDetail/0040Lk594bvBK0
半吨兄弟,飞蛾扑火 (正式版),61.7万,248307935,https://y.qq.com/n/ryqq/songDetail/002KtBfN3Apo2P
半吨兄弟,偏爱,61.7万,321867916,https://y.qq.com/n/ryqq/songDetail/001KNgmD2dIC4D
半吨兄弟,我这一生,61.7万,255394303,https://y.qq.com/n/ryqq/songDetail/002mny3a49m118
半吨兄弟,爱情错觉,61.7万,233098288,https://y.qq.com/n/ryqq/songDetail/000CuWZ41aeVAp
半吨兄弟,口是心非 (烟嗓版),61.7万,255770906,https://y.qq.com/n/ryqq/songDetail/000AXI4V1RELvd
半吨兄弟,跟你走 (DJ小鱼儿版),61.7万,269540553,https://y.qq.com/n/ryqq/songDetail/004dof7v4O8ePV
王菲,如愿,346.9万,326584182,https://y.qq.com/n/ryqq/songDetail/001ufyHx10iWpg
王菲,百年孤寂,346.9万,7119145,https://y.qq.com/n/ryqq/songDetail/002wGjPc1oHGpt
王菲,匆匆那年,346.9万,9103820,https://y.qq.com/n/ryqq/songDetail/003KExF60zMMGK
王菲,因为爱情,346.9万,1416030,https://y.qq.com/n/ryqq/songDetail/001oxvQL0eOv48
王菲,红豆,346.9万,1255742,https://y.qq.com/n/ryqq/songDetail/0011nEwm2XPayS
王菲,容易受伤的女人,346.9万,4944917,https://y.qq.com/n/ryqq/songDetail/004ZTgPR3p7ftT
王菲,暧昧,346.9万,1539172,https://y.qq.com/n/ryqq/songDetail/004JLAKK2ab5ys
王菲,人间,346.9万,140119,https://y.qq.com/n/ryqq/songDetail/001NH5UK0mk4eq
王菲,约定,346.9万,1834075,https://y.qq.com/n/ryqq/songDetail/000hcBJX09LEWO
王菲,传奇,346.9万,107559496,https://y.qq.com/n/ryqq/songDetail/002twZxX087cPx
五月天,玫瑰少年,487.2万,235883438,https://y.qq.com/n/ryqq/songDetail/0035sVym0anwc4
五月天,突然好想你,487.2万,447807,https://y.qq.com/n/ryqq/songDetail/002M8hNI2QgtRY
五月天,温柔,487.2万,5199848,https://y.qq.com/n/ryqq/songDetail/003L6xyk0vvEeA
五月天,倔强,487.2万,4932451,https://y.qq.com/n/ryqq/songDetail/004HyLC74RYiBC
五月天,知足,487.2万,4830286,https://y.qq.com/n/ryqq/songDetail/0033P66R0qEtlT
五月天,你不是真正的快乐,487.2万,447810,https://y.qq.com/n/ryqq/songDetail/003g4dpV4bOEJs
五月天,后来的我们,487.2万,107709592,https://y.qq.com/n/ryqq/songDetail/0022QuVR1LcRHN
五月天,知足 (07 最知足版),487.2万,405388,https://y.qq.com/n/ryqq/songDetail/003Xsmq21ksC54
五月天,我不愿 让你一个人,487.2万,1056871,https://y.qq.com/n/ryqq/songDetail/004LlhsV2NmnVY
五月天,刻在我心底的名字,487.2万,320899411,https://y.qq.com/n/ryqq/songDetail/003o91nr0kc8ej
阿YueYue,云与海,48.2万,278271554,https://y.qq.com/n/ryqq/songDetail/004IFjwP42XBGI
阿YueYue,不负人间,48.2万,317238885,https://y.qq.com/n/ryqq/songDetail/003CQae60y6PtK
阿YueYue,沈园外,48.2万,291458041,https://y.qq.com/n/ryqq/songDetail/00333VYG3eXFtv
阿YueYue,寻屿,48.2万,299603511,https://y.qq.com/n/ryqq/songDetail/000bBLQW0oBCG3
阿YueYue,云与海 (DJ沈念版),48.2万,281225599,https://y.qq.com/n/ryqq/songDetail/000459xh0AZwhJ
阿YueYue,予君书,48.2万,254178377,https://y.qq.com/n/ryqq/songDetail/003pK7zy498TLC
阿YueYue,不论,48.2万,321612680,https://y.qq.com/n/ryqq/songDetail/004aeCi34aQgd5
阿YueYue,不负人间 (DJ默涵版),48.2万,317364748,https://y.qq.com/n/ryqq/songDetail/004ftRoE4fzbpi
阿YueYue,止渴,48.2万,318689635,https://y.qq.com/n/ryqq/songDetail/000lJeWJ0RGLnS
阿YueYue,旧灯错,48.2万,255436782,https://y.qq.com/n/ryqq/songDetail/001MZe2i2mwTqw
王力宏,好心分手,464.0万,102950624,https://y.qq.com/n/ryqq/songDetail/003MTm6H1EknjX
王力宏,缘分一道桥,464.0万,109181039,https://y.qq.com/n/ryqq/songDetail/004NXwuk36ixAW
王力宏,大城小爱,464.0万,105905352,https://y.qq.com/n/ryqq/songDetail/004O1DHG4MjYOi
王力宏,需要人陪,464.0万,740366,https://y.qq.com/n/ryqq/songDetail/004AeIvh4ML0Bz
王力宏,我们的歌,464.0万,102193483,https://y.qq.com/n/ryqq/songDetail/000NqZLy2lfXjT
王力宏,你不知道的事,464.0万,740362,https://y.qq.com/n/ryqq/songDetail/004OhZs82CZXfA
王力宏,天地龙鳞,464.0万,334382135,https://y.qq.com/n/ryqq/songDetail/001lePVO36SNSo
王力宏,爱一点,464.0万,102070020,https://y.qq.com/n/ryqq/songDetail/002HsogO0iKhf2
王力宏,花田错,464.0万,105905349,https://y.qq.com/n/ryqq/songDetail/003BM7re120wtL
王力宏,依然爱你,464.0万,974808,https://y.qq.com/n/ryqq/songDetail/001ucwE018fmRe
队长,哪里都是你,18.9万,229103825,https://y.qq.com/n/ryqq/songDetail/000DwlYJ09mLoO
队长,楼顶上的小斑鸠,18.9万,309815939,https://y.qq.com/n/ryqq/songDetail/002WT9Ce0muiiF
队长,哪里都是你2.0,18.9万,231979024,https://y.qq.com/n/ryqq/songDetail/004Wt9120LVlNS
队长,Let Go,18.9万,273443543,https://y.qq.com/n/ryqq/songDetail/002D6bru0LMvl1
队长,可能,18.9万,309815932,https://y.qq.com/n/ryqq/songDetail/0007S3gq2yiJhh
队长,夜行,18.9万,231875078,https://y.qq.com/n/ryqq/songDetail/0043WJwI15ssNK
队长,飞到你心里,18.9万,309815931,https://y.qq.com/n/ryqq/songDetail/003hAtf03ic4IX
队长,Let Go 2.0,18.9万,294270825,https://y.qq.com/n/ryqq/songDetail/002GZPpl3J9H7y
队长,明天,18.9万,309815936,https://y.qq.com/n/ryqq/songDetail/0026mnxd1DGQjx
队长,Falling Down,18.9万,256030118,https://y.qq.com/n/ryqq/songDetail/003DZvBE3PIgF7
王源,流星也为你落下来了,426.6万,314421854,https://y.qq.com/n/ryqq/songDetail/0005rvWd0W0weX
王源,在未来,426.6万,333354372,https://y.qq.com/n/ryqq/songDetail/004BbAqP4TeE5T
王源,你的名字是世界瞒着我最大的事情,426.6万,314421865,https://y.qq.com/n/ryqq/songDetail/001AuPNy1DkSZB
王源,穿过寒冬拥抱你,426.6万,335914080,https://y.qq.com/n/ryqq/songDetail/003t7Tq22uLR0L
王源,骄傲,426.6万,211747417,https://y.qq.com/n/ryqq/songDetail/003QMt9F3WhmXS
王源,疯人公园,426.6万,314421852,https://y.qq.com/n/ryqq/songDetail/0015YToP0qqH31
王源,HOME (归),426.6万,314421856,https://y.qq.com/n/ryqq/songDetail/004fBjon1ZmjRC
王源,世界上没有真正的感同身受 (Live),426.6万,231740475,https://y.qq.com/n/ryqq/songDetail/000Aj2LZ2nzdPw
王源,只要有想见的人，就不是孤身一人,426.6万,229049527,https://y.qq.com/n/ryqq/songDetail/002O9vvQ3DkCrj
王源,一些悲伤又美好的事,426.6万,314421862,https://y.qq.com/n/ryqq/songDetail/001vQLpv3Jz89v
戴羽彤,来迟,54.4万,305023607,https://y.qq.com/n/ryqq/songDetail/000qIeQR2e5HTp
戴羽彤,来迟 (DJ名龙版),54.4万,308254531,https://y.qq.com/n/ryqq/songDetail/002d96t33eyiKL
戴羽彤,那个女孩 (女版),54.4万,320010631,https://y.qq.com/n/ryqq/songDetail/000Q6FV62jj8yC
戴羽彤,漠河舞厅,54.4万,334436138,https://y.qq.com/n/ryqq/songDetail/001h4Gdc1gdvPT
戴羽彤,红色高跟鞋,54.4万,262768218,https://y.qq.com/n/ryqq/songDetail/000bXwSp4VFvbL
戴羽彤,别错过 (电子版),54.4万,319616060,https://y.qq.com/n/ryqq/songDetail/000SIYZn1MRDGJ
戴羽彤,最天使 (Live),54.4万,127605771,https://y.qq.com/n/ryqq/songDetail/001xH2ad1o6ih3
戴羽彤,醒不来的梦 (抒情版),54.4万,292015969,https://y.qq.com/n/ryqq/songDetail/001ZFQ9P4OJiyn
戴羽彤,放空 (中英文版),54.4万,318033431,https://y.qq.com/n/ryqq/songDetail/004FYd933V1sc0
戴羽彤,你的约定,54.4万,331485283,https://y.qq.com/n/ryqq/songDetail/002FczDC1WdUA1
Alan Walker (艾兰・沃克),Faded,829.9万,105030812,https://y.qq.com/n/ryqq/songDetail/002NkERn2LNVI4
Alan Walker (艾兰・沃克),All Falls Down,829.9万,205127505,https://y.qq.com/n/ryqq/songDetail/0014ahiq40MFQ5
Alan Walker (艾兰・沃克),Move Your Body (Alan Walker Remix),829.9万,108957328,https://y.qq.com/n/ryqq/songDetail/0044Hrfj24LHOn
Alan Walker (艾兰・沃克),The Spectre,829.9万,203810208,https://y.qq.com/n/ryqq/songDetail/004WYNc84TSHJ6
Alan Walker (艾兰・沃克),Play,829.9万,237243943,https://y.qq.com/n/ryqq/songDetail/002tD7MA2eB1IL
Alan Walker (艾兰・沃克),Sorry,829.9万,294068448,https://y.qq.com/n/ryqq/songDetail/004XCzAm1cpiaJ
Alan Walker (艾兰・沃克),On My Way,829.9万,230253171,https://y.qq.com/n/ryqq/songDetail/000NgBjP4PclJ1
Alan Walker (艾兰・沃克),Ignite,829.9万,213907427,https://y.qq.com/n/ryqq/songDetail/002vbWwe3ZmffT
Alan Walker (艾兰・沃克),Alone,829.9万,109364695,https://y.qq.com/n/ryqq/songDetail/001nHOrr49sHM7
Alan Walker (艾兰・沃克),Hymn For The Weekend (Remix),829.9万,107541252,https://y.qq.com/n/ryqq/songDetail/002X3RjI43O8qj
周传雄,黄昏,207.9万,526713,https://y.qq.com/n/ryqq/songDetail/000Sw6cm1GHNRw
周传雄,青花,207.9万,102204539,https://y.qq.com/n/ryqq/songDetail/002MFDAV3rPFlo
周传雄,冬天的秘密,207.9万,469833,https://y.qq.com/n/ryqq/songDetail/003zWj0S1kDIJA
周传雄,寂寞沙洲冷,207.9万,1334012,https://y.qq.com/n/ryqq/songDetail/003XPmiG3eMglL
周传雄,关不上的窗,207.9万,469831,https://y.qq.com/n/ryqq/songDetail/003ACATV3kb8b0
周传雄,我的心太乱,207.9万,102296996,https://y.qq.com/n/ryqq/songDetail/003JuI6f0q7Ybi
周传雄,经典歌曲串烧：黄昏+我的心太乱+花香+有没有一首歌会让你想起我等,207.9万,127393018,https://y.qq.com/n/ryqq/songDetail/003koBwm01V4oD
周传雄,男人海洋,207.9万,1829499,https://y.qq.com/n/ryqq/songDetail/001CgPZg3O0v4S
周传雄,冬天的秘密 (Live),207.9万,212544067,https://y.qq.com/n/ryqq/songDetail/000YCRGm08191E
周传雄,蓝色土耳其,207.9万,102383399,https://y.qq.com/n/ryqq/songDetail/001kAb3L4GzJWY
A1 TRIP,放空,4.5万,308435624,https://y.qq.com/n/ryqq/songDetail/004ByH6Q4K9jz8
A1 TRIP,Butterfly,4.5万,324418583,https://y.qq.com/n/ryqq/songDetail/001wkuiS2peCQx
A1 TRIP,暗恋,4.5万,319613467,https://y.qq.com/n/ryqq/songDetail/000cDFqO0h1vam
A1 TRIP,Promise Me,4.5万,311196700,https://y.qq.com/n/ryqq/songDetail/000SFjcT4Few3x
A1 TRIP,浪漫小情歌,4.5万,313504713,https://y.qq.com/n/ryqq/songDetail/004YUFhg28baRa
A1 TRIP,拒绝来电(baby call me),4.5万,322370870,https://y.qq.com/n/ryqq/songDetail/001kYrmA1UCMze
A1 TRIP,我想和你在一起,4.5万,330646181,https://y.qq.com/n/ryqq/songDetail/00276Lc74FAgnV
A1 TRIP,别讲抱歉(Sorry),4.5万,318289476,https://y.qq.com/n/ryqq/songDetail/004VLb8A1FU6jx
A1 TRIP,为什么你的电话打不通,4.5万,330649442,https://y.qq.com/n/ryqq/songDetail/003Fh2jw2tvwEw
A1 TRIP,枕头战士,4.5万,330643991,https://y.qq.com/n/ryqq/songDetail/001PeRK11oBQ64
小乐哥,执迷不悟,36.0万,276499661,https://y.qq.com/n/ryqq/songDetail/001z4tFZ2VvIoX
小乐哥,执迷不悟 (DJ版),36.0万,278266520,https://y.qq.com/n/ryqq/songDetail/0038Y2Sl0RUSWi
小乐哥,慢慢,36.0万,280328907,https://y.qq.com/n/ryqq/songDetail/0009Lygz4WyW0o
小乐哥,高攀,36.0万,327321849,https://y.qq.com/n/ryqq/songDetail/003S2CDu2GGOCu
小乐哥,浪漫至死不渝,36.0万,323313080,https://y.qq.com/n/ryqq/songDetail/004MEzHQ1OQOxs
小乐哥,慢慢 (DJ名龙版),36.0万,281575583,https://y.qq.com/n/ryqq/songDetail/002PElcZ2Zkl4i
小乐哥,终于等到这一句,36.0万,297469744,https://y.qq.com/n/ryqq/songDetail/003L239S1ke4jN
小乐哥,高攀 (DJ楠哈哈版),36.0万,327389639,https://y.qq.com/n/ryqq/songDetail/000GmWJa1Tv3hr
小乐哥,兰亭序 (Live),36.0万,127589419,https://y.qq.com/n/ryqq/songDetail/004fDfMm1Y4Gtd
小乐哥,顽疾,36.0万,310804085,https://y.qq.com/n/ryqq/songDetail/002HHZDi449Mzd
刘大壮,自以为 (吉他版),114.7万,328574780,https://y.qq.com/n/ryqq/songDetail/001Holuf2miCji
刘大壮,我很好 (吉他版),114.7万,282309322,https://y.qq.com/n/ryqq/songDetail/0013SucF2Fjjli
刘大壮,一吻天荒 (吉他版),114.7万,271412436,https://y.qq.com/n/ryqq/songDetail/001DW4gK3HXAvk
刘大壮,最,114.7万,290186110,https://y.qq.com/n/ryqq/songDetail/000JU6Lv0igKGP
刘大壮,信仰,114.7万,269832706,https://y.qq.com/n/ryqq/songDetail/003ytFCS1KR7Je
刘大壮,三号线 (吉他版),114.7万,285804076,https://y.qq.com/n/ryqq/songDetail/001n1NJa3TuHMX
刘大壮,可惜不可惜 (吉他版),114.7万,320131659,https://y.qq.com/n/ryqq/songDetail/004YedXT4bPlxH
刘大壮,我不是你的宋冬野,114.7万,255304085,https://y.qq.com/n/ryqq/songDetail/000SLaBp1bnaro
刘大壮,假装 (吉他版),114.7万,312659841,https://y.qq.com/n/ryqq/songDetail/003YxlIE23t3SJ
刘大壮,吉他初恋,114.7万,308351242,https://y.qq.com/n/ryqq/songDetail/000LTMOO1mNBir
Uu (刘梦妤),气象站台,81.3万,297657207,https://y.qq.com/n/ryqq/songDetail/000JumH938huIb
Uu (刘梦妤),那女孩对我说,81.3万,233583097,https://y.qq.com/n/ryqq/songDetail/001LokF20Yw4xD
Uu (刘梦妤),夏天的风,81.3万,258244510,https://y.qq.com/n/ryqq/songDetail/0020HNvU4GxTZN
Uu (刘梦妤),慢慢,81.3万,275136960,https://y.qq.com/n/ryqq/songDetail/000ZFIAd2F2LjE
Uu (刘梦妤),全名,81.3万,320763896,https://y.qq.com/n/ryqq/songDetail/002pGbdr3Yg6kg
Uu (刘梦妤),小城小爱,81.3万,314585593,https://y.qq.com/n/ryqq/songDetail/000OesCR0rh2u1
Uu (刘梦妤),迁徙,81.3万,330646041,https://y.qq.com/n/ryqq/songDetail/000mu49j3JTbNM
Uu (刘梦妤),那些年,81.3万,270000761,https://y.qq.com/n/ryqq/songDetail/002kdqnF42Gc2F
Uu (刘梦妤),那男孩还好吗,81.3万,244499239,https://y.qq.com/n/ryqq/songDetail/002COmzJ0SPZMl
Uu (刘梦妤),自卑感,81.3万,236224437,https://y.qq.com/n/ryqq/songDetail/001X6tNH48Qz2U
张学友,吻别,684.8万,105648715,https://y.qq.com/n/ryqq/songDetail/004RDW5Q2ol2jj
张学友,只想一生跟你走,684.8万,8129165,https://y.qq.com/n/ryqq/songDetail/0033oxAn0LGrQy
张学友,如果这都不算爱,684.8万,4900010,https://y.qq.com/n/ryqq/songDetail/001vkidL3kKTDX
张学友,一千个伤心的理由,684.8万,543977,https://y.qq.com/n/ryqq/songDetail/003QCk2S3o6gEC
张学友,遥远的她 (粤语),684.8万,102358168,https://y.qq.com/n/ryqq/songDetail/000XlAS21gz2tF
张学友,饿狼传说,684.8万,1829645,https://y.qq.com/n/ryqq/songDetail/0034WmtS2fqghR
张学友,慢慢,684.8万,1250002,https://y.qq.com/n/ryqq/songDetail/0015H75B1NvYzl
张学友,等你等到我心痛,684.8万,7234573,https://y.qq.com/n/ryqq/songDetail/004W0XY80g2dbp
张学友,相思风雨中,684.8万,164395,https://y.qq.com/n/ryqq/songDetail/003uxEks3pwy4H
张学友,旧情绵绵,684.8万,1249734,https://y.qq.com/n/ryqq/songDetail/002yLJaA20Qe6L
BLACKPINK,How You Like That,598.3万,269560516,https://y.qq.com/n/ryqq/songDetail/0026GG814HkHcw
BLACKPINK,Lovesick Girls,598.3万,278793856,https://y.qq.com/n/ryqq/songDetail/001UhgdW1aLjAl
BLACKPINK,Kill This Love,598.3万,230972660,https://y.qq.com/n/ryqq/songDetail/003H6Wrn18Jvwk
BLACKPINK,DDU-DU DDU-DU (Korean Ver.),598.3万,214118497,https://y.qq.com/n/ryqq/songDetail/000XNcaR17vzPm
BLACKPINK,WHISTLE (口哨),598.3万,107910518,https://y.qq.com/n/ryqq/songDetail/001KrvAS1Zjk93
BLACKPINK,AS IF IT'S YOUR LAST (像最后一样),598.3万,202831830,https://y.qq.com/n/ryqq/songDetail/003Dkr5N2Ue0q4
BLACKPINK,Pretty Savage,598.3万,278793854,https://y.qq.com/n/ryqq/songDetail/004S8WeW0hEZv1
BLACKPINK,BOOMBAYAH (???),598.3万,107910519,https://y.qq.com/n/ryqq/songDetail/0009pjYS4CZIjX
BLACKPINK,Don't Know What To Do,598.3万,230973317,https://y.qq.com/n/ryqq/songDetail/003wsuRu4PdcNJ
BLACKPINK,Ice Cream (with Selena Gomez),598.3万,273608673,https://y.qq.com/n/ryqq/songDetail/001Eb3hp2sm095
张碧晨,只要平凡,347.0万,214172912,https://y.qq.com/n/ryqq/songDetail/003HHPxJ4638xA
张碧晨,光的方向,347.0万,304010757,https://y.qq.com/n/ryqq/songDetail/0038ujdO1c3KdA
张碧晨,如故,347.0万,320651615,https://y.qq.com/n/ryqq/songDetail/000RscgG2i34pY
张碧晨,年轮,347.0万,102677326,https://y.qq.com/n/ryqq/songDetail/001q62Bb1xCTx7
张碧晨,镌刻,347.0万,331914192,https://y.qq.com/n/ryqq/songDetail/002KewCI0QMpl2
张碧晨,凉凉,347.0万,200380820,https://y.qq.com/n/ryqq/songDetail/001Nl0W80sBSwJ
张碧晨,光的方向 (Live),347.0万,327967409,https://y.qq.com/n/ryqq/songDetail/001cTGNL1D6emT
张碧晨,不要忘记我爱你,347.0万,102657429,https://y.qq.com/n/ryqq/songDetail/000WBOXF0UMPjy
张碧晨,星空剪影 (Live),347.0万,304863178,https://y.qq.com/n/ryqq/songDetail/003DtVii0qfOjO
张碧晨,开往早晨的午夜,347.0万,200222056,https://y.qq.com/n/ryqq/songDetail/002I7Aoh32pQPK
李克勤,月半小夜曲,98.6万,1431046,https://y.qq.com/n/ryqq/songDetail/001cdurD2fY83O
李克勤,秒针,98.6万,326054081,https://y.qq.com/n/ryqq/songDetail/0024w35126otxT
李克勤,护花使者,98.6万,1829536,https://y.qq.com/n/ryqq/songDetail/004Z9p1Q45uuCl
李克勤,红日 (粤语),98.6万,1829615,https://y.qq.com/n/ryqq/songDetail/001qy18T16r5ZO
李克勤,一生不变,98.6万,1448809,https://y.qq.com/n/ryqq/songDetail/002UJ6H83O21Gy
李克勤,一生中最爱 (Live),98.6万,330646129,https://y.qq.com/n/ryqq/songDetail/000AJUrO1jU6Ca
李克勤,天下有情人 (Live),98.6万,249426620,https://y.qq.com/n/ryqq/songDetail/003WVNUZ1Ap2Zg
李克勤,爱你不需要理由,98.6万,10697,https://y.qq.com/n/ryqq/songDetail/000TBgY52OwYqf
李克勤,最爱 (Live),98.6万,209405262,https://y.qq.com/n/ryqq/songDetail/0002vGVA1Y24MM
李克勤,傻女 (Live),98.6万,1821779,https://y.qq.com/n/ryqq/songDetail/000TnrSP083upJ
刘至佳,危险派对,37.0万,324803060,https://y.qq.com/n/ryqq/songDetail/004R7qfh1ALctJ
刘至佳,时光背面的我,37.0万,316051220,https://y.qq.com/n/ryqq/songDetail/003u53bt2rZEA1
刘至佳,摩登爱情 (女版),37.0万,323171650,https://y.qq.com/n/ryqq/songDetail/001LP3Di1r8l6x
刘至佳,摩登爱情 (DJ阿卓版),37.0万,329000215,https://y.qq.com/n/ryqq/songDetail/004Xp0q64MHxf1
刘至佳,你的眼睛像星星 (女版),37.0万,312370030,https://y.qq.com/n/ryqq/songDetail/000wjWP91EHfGl
刘至佳,你的眼睛像星星 (DJ阿卓版),37.0万,313287364,https://y.qq.com/n/ryqq/songDetail/002mzPab19tqsR
刘至佳,说爱你,37.0万,224928243,https://y.qq.com/n/ryqq/songDetail/0022fsjW39a0zG
刘至佳,夏天,37.0万,237274226,https://y.qq.com/n/ryqq/songDetail/003ThN0Y2iVDPZ
刘至佳,平行恋人 (女版),37.0万,278364095,https://y.qq.com/n/ryqq/songDetail/001FB9NT4DLYvu
刘至佳,月牙湾,37.0万,228379803,https://y.qq.com/n/ryqq/songDetail/002pX7tP0EkCtr
白小白,我爱你不问归期,145.7万,258222697,https://y.qq.com/n/ryqq/songDetail/0015LkaZ20fy1P
白小白,爱不得忘不舍,145.7万,249824832,https://y.qq.com/n/ryqq/songDetail/003xwWKv0g5q1a
白小白,我们终究是错过,145.7万,214746560,https://y.qq.com/n/ryqq/songDetail/004FGIwg2Fzt9u
白小白,我爱你不问归期（合唱版）,145.7万,333173566,https://y.qq.com/n/ryqq/songDetail/002Taa681cH4i6
白小白,最美情侣,145.7万,201623252,https://y.qq.com/n/ryqq/songDetail/000xwNRW1eTO19
白小白,爱不得忘不舍 (DJ版),145.7万,249885163,https://y.qq.com/n/ryqq/songDetail/001QdSdF1l2R3D
白小白,最后我们没在一起,145.7万,213034544,https://y.qq.com/n/ryqq/songDetail/003GkuJW0vWdti
白小白,最后我们没在一起 (DJ伟伟Mix),145.7万,213071260,https://y.qq.com/n/ryqq/songDetail/003eD5H04PvLoo
白小白,爱不得忘不舍 (DJ加速版),145.7万,305465296,https://y.qq.com/n/ryqq/songDetail/002O9Pkk2mOJzQ
白小白,最美婚礼,145.7万,213773154,https://y.qq.com/n/ryqq/songDetail/0037TP0W3d8ANf
EXO (??),??? ?? (Been Through) (顺其自然),583.3万,212657304,https://y.qq.com/n/ryqq/songDetail/003ugx653jE2Xl
EXO (??),Love Shot,583.3万,225042058,https://y.qq.com/n/ryqq/songDetail/0023HEeH3xzJC3
EXO (??),十二月的奇迹 (Miracles in December),583.3万,5100590,https://y.qq.com/n/ryqq/songDetail/000tyWZD16SFVG
EXO (??),咆哮(Growl) (Chinese Ver.),583.3万,4986317,https://y.qq.com/n/ryqq/songDetail/000iCbza0g51tb
EXO (??),初雪,583.3万,5102851,https://y.qq.com/n/ryqq/songDetail/003F7B9o0C7CRM
EXO (??),???(Growl) (咆哮),583.3万,4986566,https://y.qq.com/n/ryqq/songDetail/004RqVqI3KwfBY
EXO (??),?? (前夜) (The Eve),583.3万,203281736,https://y.qq.com/n/ryqq/songDetail/004Hk1Nn1k8kCi
EXO (??),Baby, Don't Cry (Chinese Ver.),https://y.qq.com/n/ryqq/songDetail/001tJaEo1HLoqy,583.3万
EXO (??),Ko Ko Bop (叩叩趴),583.3万,203281737,https://y.qq.com/n/ryqq/songDetail/004A5WHv39FMYi
EXO (??),蝴蝶少女 (Don't go),583.3万,5068373,https://y.qq.com/n/ryqq/songDetail/000WM2uH3w62uf
张韶涵,破茧,425.0万,265649028,https://y.qq.com/n/ryqq/songDetail/001Y7zXa1p0ryF
张韶涵,淋雨一直走,425.0万,4830917,https://y.qq.com/n/ryqq/songDetail/000jgeta4Havfd
张韶涵,阿刁 (Live),425.0万,212892375,https://y.qq.com/n/ryqq/songDetail/001KxARP2Ij3hH
张韶涵,欧若拉,425.0万,102366335,https://y.qq.com/n/ryqq/songDetail/001t1qJd0DaKOs
张韶涵,亲爱的，那不是爱情,425.0万,414596,https://y.qq.com/n/ryqq/songDetail/001zZDxD3AR3pL
张韶涵,快乐崇拜,425.0万,102366341,https://y.qq.com/n/ryqq/songDetail/0022FXVL1BgCdO
张韶涵,隐形的翅膀,425.0万,100378,https://y.qq.com/n/ryqq/songDetail/004ZX0AQ49Bc8Y
张韶涵,有形的翅膀,425.0万,7112718,https://y.qq.com/n/ryqq/songDetail/000Vb13F0Pf2Y5
张韶涵,如果的事,425.0万,95410,https://y.qq.com/n/ryqq/songDetail/0040ZKt52jxJ6Y
张韶涵,黎明前的黑暗 (Live),425.0万,254357327,https://y.qq.com/n/ryqq/songDetail/003kT6Nu080HGU
张靓颖,女儿国,415.4万,212046553,https://y.qq.com/n/ryqq/songDetail/003YYX4K3gTZBT
张靓颖,我的梦,415.4万,105044366,https://y.qq.com/n/ryqq/songDetail/003FIqDQ0xyaGF
张靓颖,一生一次心一动,415.4万,331914611,https://y.qq.com/n/ryqq/songDetail/0030GNzn2XQXpg
张靓颖,如果这就是爱情,415.4万,770724,https://y.qq.com/n/ryqq/songDetail/002vghem1otEWQ
张靓颖,画心,415.4万,441134,https://y.qq.com/n/ryqq/songDetail/0045cdSn27l6YM
张靓颖,我们说好的,415.4万,402497,https://y.qq.com/n/ryqq/songDetail/000IS4iG07Wwhr
张靓颖,如果爱下去,415.4万,178681,https://y.qq.com/n/ryqq/songDetail/002E9hkT4P5J3n
张靓颖,终于等到你,415.4万,5026333,https://y.qq.com/n/ryqq/songDetail/003dIT9t46SLw8
张靓颖,燕归巢,415.4万,102174397,https://y.qq.com/n/ryqq/songDetail/000MbcLT3Rrxqi
张靓颖,雨蝶 (Live),415.4万,213374392,https://y.qq.com/n/ryqq/songDetail/002yMPiX3tRqyL
大籽,白月光与朱砂痣,59.4万,291911135,https://y.qq.com/n/ryqq/songDetail/002iqQ4I1wyB7L
大籽,放空,59.4万,308435624,https://y.qq.com/n/ryqq/songDetail/004ByH6Q4K9jz8
大籽,白月光与朱砂痣 (DJ小鱼儿版),59.4万,294270581,https://y.qq.com/n/ryqq/songDetail/004AOacG1ZQCuV
大籽,倒计时,59.4万,331732670,https://y.qq.com/n/ryqq/songDetail/0035lF7v4HktWN
大籽,花与马,59.4万,296149534,https://y.qq.com/n/ryqq/songDetail/004eCA9l2eQt2S
大籽,不可抗力,59.4万,221416496,https://y.qq.com/n/ryqq/songDetail/000LIpwz1g6MlJ
大籽,行星,59.4万,275207828,https://y.qq.com/n/ryqq/songDetail/0033oGAc2jd4xD
大籽,都市丽人生存报告,59.4万,251313640,https://y.qq.com/n/ryqq/songDetail/000Pi2Sd3m2M7O
大籽,花与马 (DJ版),59.4万,296556395,https://y.qq.com/n/ryqq/songDetail/002q72uv0xnmgb
大籽,白月光与朱砂痣 (Remix),59.4万,293337265,https://y.qq.com/n/ryqq/songDetail/003nPWIY3txWIA
杜宣达,指纹,4.2万,331264584,https://y.qq.com/n/ryqq/songDetail/000HTbQv2OHqYi
杜宣达,原来我从未忘记你,4.2万,326982560,https://y.qq.com/n/ryqq/songDetail/002wQvYs18lq9l
杜宣达,我不配,4.2万,293994348,https://y.qq.com/n/ryqq/songDetail/000uC9tn4T1LQ0
杜宣达,花海,4.2万,278476331,https://y.qq.com/n/ryqq/songDetail/003wkkwR1pQmmI
杜宣达,像鱼,4.2万,127546882,https://y.qq.com/n/ryqq/songDetail/002RxJ0O3YcMy6
杜宣达,即兴,4.2万,127546883,https://y.qq.com/n/ryqq/songDetail/002t5DDR3WVFhv
杜宣达,坠落星空【治愈吉他版】,4.2万,264347190,https://y.qq.com/n/ryqq/songDetail/001bMKqH3FM7Eo
杜宣达,我爱她【治愈吉他版】,4.2万,264347270,https://y.qq.com/n/ryqq/songDetail/000YAkTe3RFM5K
杜宣达,爱你没错,4.2万,328051405,https://y.qq.com/n/ryqq/songDetail/0014G1tU4aJ2Lb
杜宣达,空白格,4.2万,264347062,https://y.qq.com/n/ryqq/songDetail/002VQMbR1WMQDO
虎二,窗,65.4万,311880134,https://y.qq.com/n/ryqq/songDetail/003h4Nqn3RENQ4
虎二,你应该很快乐,65.4万,127233942,https://y.qq.com/n/ryqq/songDetail/003H9bZy1KGYH0
虎二,你一定要幸福,65.4万,219125693,https://y.qq.com/n/ryqq/songDetail/001gPpBl27Wcnw
虎二,等不到,65.4万,232544578,https://y.qq.com/n/ryqq/songDetail/002KGdP81XSmVP
虎二,离开我你快乐吗,65.4万,222992981,https://y.qq.com/n/ryqq/songDetail/004FDOIt2kTKjX
虎二,一百万个可能,65.4万,217181700,https://y.qq.com/n/ryqq/songDetail/004dbfuf1jEjpI
虎二,一个人决定,65.4万,229109645,https://y.qq.com/n/ryqq/songDetail/001dOlLd1jxVKK
虎二,不仅仅是喜欢,65.4万,120001066,https://y.qq.com/n/ryqq/songDetail/0037gokD1AHk0J
虎二,过去了,65.4万,247504957,https://y.qq.com/n/ryqq/songDetail/003QUepS4Pet06
虎二,尘土,65.4万,215954972,https://y.qq.com/n/ryqq/songDetail/000unfmN0Ke5AC
房东的猫,New Boy ,147.5万,318200470,https://y.qq.com/n/ryqq/songDetail/003UTVCN0QvffG
房东的猫,云烟成雨,147.5万,204586755,https://y.qq.com/n/ryqq/songDetail/001yYM0I30CzdP
房东的猫,是对爱的渴望,147.5万,333736865,https://y.qq.com/n/ryqq/songDetail/002u5gMr3Lak6j
房东的猫,我可以,147.5万,244627419,https://y.qq.com/n/ryqq/songDetail/0039o8U140hL15
房东的猫,下一站，茶山刘,147.5万,202883260,https://y.qq.com/n/ryqq/songDetail/000gYjUp2aHqed
房东的猫,斑马斑马 (翻唱),147.5万,246019413,https://y.qq.com/n/ryqq/songDetail/003NfW9d3lhFUE
房东的猫,rainy night/雨夜 (Ft. 房东的猫),147.5万,319785095,https://y.qq.com/n/ryqq/songDetail/002bOExX3qddJh
房东的猫,我是任何野蛮生长的事物,147.5万,287173908,https://y.qq.com/n/ryqq/songDetail/003fyuuV0TD8v5
房东的猫,蝴蝶之夏,147.5万,224988376,https://y.qq.com/n/ryqq/songDetail/001q3yaN0SVDTP
房东的猫,时光，一如既往,147.5万,299626667,https://y.qq.com/n/ryqq/songDetail/002j31BN4azXch
曲肖冰,静悄悄 (Remix),91.6万,318459263,https://y.qq.com/n/ryqq/songDetail/001EJzGW3zc33t
曲肖冰,厚颜无耻,91.6万,236683792,https://y.qq.com/n/ryqq/songDetail/000LZSEr3kTRFk
曲肖冰,反复催眠,91.6万,331353237,https://y.qq.com/n/ryqq/songDetail/000J34ln3dDPXB
曲肖冰,当真,91.6万,215951234,https://y.qq.com/n/ryqq/songDetail/000mYvlv2HvIg5
曲肖冰,走马,91.6万,200503437,https://y.qq.com/n/ryqq/songDetail/002Ee2W21JAfYl
曲肖冰,静悄悄,91.6万,218109539,https://y.qq.com/n/ryqq/songDetail/000WyUF03DywGy
曲肖冰,太阳 (正式版),91.6万,239132884,https://y.qq.com/n/ryqq/songDetail/0033upXO0xmskX
曲肖冰,天亮以前说再见,91.6万,226739530,https://y.qq.com/n/ryqq/songDetail/000toHZo1K8Bec
曲肖冰,清空,91.6万,300575025,https://y.qq.com/n/ryqq/songDetail/004dQefs1nDE3n
曲肖冰,离人愁,91.6万,213465893,https://y.qq.com/n/ryqq/songDetail/000BqKaL17enVh
黄霄,星辰大海,68.6万,293695482,https://y.qq.com/n/ryqq/songDetail/002LNOds0rYvpK
黄霄,幻想,68.6万,324754450,https://y.qq.com/n/ryqq/songDetail/003mtpTf0Yj6Bi
黄霄,《星辰大海》建党百年主题音乐,68.6万,313478658,https://y.qq.com/n/ryqq/songDetail/0039g7yk0Yemhd
黄霄,带我去很远地方,68.6万,319352928,https://y.qq.com/n/ryqq/songDetail/003B5XyG05zbQ5
黄霄,Wish You Were Here,68.6万,321148609,https://y.qq.com/n/ryqq/songDetail/00216HFs2JHZua
黄霄,Sad Sometimes,68.6万,238405865,https://y.qq.com/n/ryqq/songDetail/004btiGP3lBOt9
黄霄,平行线 (Wish You Were Here),68.6万,317833123,https://y.qq.com/n/ryqq/songDetail/004VQ5jq3KCth4
黄霄,左手指月 (Live),68.6万,225712637,https://y.qq.com/n/ryqq/songDetail/003eD4ak3oCYxz
黄霄,梦返,68.6万,312801134,https://y.qq.com/n/ryqq/songDetail/002uJsik1HQOYw
黄霄,左手指月 (纯享版),68.6万,227324427,https://y.qq.com/n/ryqq/songDetail/0025hxa92dbW2R
Taylor Swift (泰勒・斯威夫特),Love Story,1000.8万,639141,https://y.qq.com/n/ryqq/songDetail/004GK4aP4TGbbG
Taylor Swift (泰勒・斯威夫特),Cruel Summer,1000.8万,235175529,https://y.qq.com/n/ryqq/songDetail/0013TCdl37SVzP
Taylor Swift (泰勒・斯威夫特),Blank Space,1000.8万,9109354,https://y.qq.com/n/ryqq/songDetail/003VHaBb0wCHop
Taylor Swift (泰勒・斯威夫特),Lover,1000.8万,235175530,https://y.qq.com/n/ryqq/songDetail/004DHn5044x7Oy
Taylor Swift (泰勒・斯威夫特),Welcome To New York,1000.8万,9109353,https://y.qq.com/n/ryqq/songDetail/002WCV372JMZJw
Taylor Swift (泰勒・斯威夫特),I Knew You Were Trouble,1000.8万,2480405,https://y.qq.com/n/ryqq/songDetail/002UQcup2VNwVV
Taylor Swift (泰勒・斯威夫特),Look What You Made Me Do,1000.8万,203691607,https://y.qq.com/n/ryqq/songDetail/003hvIkL1QiILk
Taylor Swift (泰勒・斯威夫特),exile,1000.8万,273139295,https://y.qq.com/n/ryqq/songDetail/001Au6Iw15kRp6
Taylor Swift (泰勒・斯威夫特),Wildest Dreams,1000.8万,9109361,https://y.qq.com/n/ryqq/songDetail/001546Nv3cy1er
Taylor Swift (泰勒・斯威夫特),Love Story(Taylor’s Version),1000.8万,323156384,https://y.qq.com/n/ryqq/songDetail/003NtRLm0KTp7h
郭顶,我们俩,64.9万,105413206,https://y.qq.com/n/ryqq/songDetail/003MASv802hpJ7
郭顶,水星记,64.9万,109291468,https://y.qq.com/n/ryqq/songDetail/00485V8K4InqbZ
郭顶,保留,64.9万,109360107,https://y.qq.com/n/ryqq/songDetail/003kC9Vx0LrGdd
郭顶,凄美地,64.9万,108955211,https://y.qq.com/n/ryqq/songDetail/00057jkW1DsOrQ
郭顶,想着你,64.9万,109360104,https://y.qq.com/n/ryqq/songDetail/00331ISN37M4v7
郭顶,情歌两三首,64.9万,100483195,https://y.qq.com/n/ryqq/songDetail/001r6qND1nodZO
郭顶,每个眼神都只身荒野,64.9万,109360108,https://y.qq.com/n/ryqq/songDetail/000EAF9r3nGEdX
郭顶,不是说好的吗,64.9万,149162,https://y.qq.com/n/ryqq/songDetail/000QhLdB2q1Io1
郭顶,幸运大门,64.9万,624389,https://y.qq.com/n/ryqq/songDetail/001ETakU3sX1gP
郭顶,在云端,64.9万,109360106,https://y.qq.com/n/ryqq/songDetail/003YmEOh1Q1HI2
孙燕姿,遇见,354.2万,8145,https://y.qq.com/n/ryqq/songDetail/001xJbdb2MBaaz
孙燕姿,开始懂了,354.2万,5646,https://y.qq.com/n/ryqq/songDetail/003PSWcB4EDl6P
孙燕姿,我怀念的,354.2万,5211338,https://y.qq.com/n/ryqq/songDetail/000BO3xy4fd8BJ
孙燕姿,天黑黑,354.2万,5211222,https://y.qq.com/n/ryqq/songDetail/000CbUE00I998M
孙燕姿,逆光,354.2万,5211334,https://y.qq.com/n/ryqq/songDetail/000vEqEm3Jy8Ot
孙燕姿,绿光,354.2万,100893994,https://y.qq.com/n/ryqq/songDetail/000WugRh2zj35y
孙燕姿,温柔 #MaydayBlue20th,354.2万,248641051,https://y.qq.com/n/ryqq/songDetail/000qzndv3RJUjM
孙燕姿,我不难过,354.2万,331464283,https://y.qq.com/n/ryqq/songDetail/003338nA3F9FWl
孙燕姿,第一天,354.2万,100893886,https://y.qq.com/n/ryqq/songDetail/00282pxp009eOa
孙燕姿,世界终结前一天,354.2万,335294658,https://y.qq.com/n/ryqq/songDetail/004GVXhr2kGrkb
金志文,自娱自乐,188.7万,321583991,https://y.qq.com/n/ryqq/songDetail/001DdpQA0ZzQCH
金志文,远走高飞 (独唱版),188.7万,201949026,https://y.qq.com/n/ryqq/songDetail/0027zPYs3A9fyb
金志文,难以启齿的柔弱,188.7万,462620,https://y.qq.com/n/ryqq/songDetail/002kROg53HRjXc
金志文,太傻 (Live),188.7万,108883944,https://y.qq.com/n/ryqq/songDetail/000OIGu03YtdZj
金志文,远走高飞 (合唱版),188.7万,202044507,https://y.qq.com/n/ryqq/songDetail/001MVT301EZOQr
金志文,夏洛特烦恼,188.7万,104338750,https://y.qq.com/n/ryqq/songDetail/0003lSMc4KXPxX
金志文,肩上蝶,188.7万,4830999,https://y.qq.com/n/ryqq/songDetail/001qULbd2IPmXQ
金志文,千年,188.7万,212877966,https://y.qq.com/n/ryqq/songDetail/0010hBPF4TtDbz
金志文,流着泪说分手,188.7万,462622,https://y.qq.com/n/ryqq/songDetail/001aNWZH3H5C08
金志文,自娱自乐 (Remix),188.7万,326334023,https://y.qq.com/n/ryqq/songDetail/0040qoZ83zxY1l
张信哲,爱如潮水,254.7万,105876234,https://y.qq.com/n/ryqq/songDetail/001oEME64eXNbp
张信哲,爱就一个字,254.7万,6404955,https://y.qq.com/n/ryqq/songDetail/004MVmia0q98lZ
张信哲,别怕我伤心,254.7万,5160887,https://y.qq.com/n/ryqq/songDetail/000z6RLz2OWlRY
张信哲,过火,254.7万,7269,https://y.qq.com/n/ryqq/songDetail/002bongo1BDtKz
张信哲,信仰,254.7万,15441,https://y.qq.com/n/ryqq/songDetail/001SE3Nh3ZMQCD
张信哲,爱你没错,254.7万,102059449,https://y.qq.com/n/ryqq/songDetail/000IypSk4MT4KG
张信哲,信仰,254.7万,227796537,https://y.qq.com/n/ryqq/songDetail/004AyQh208XBth
张信哲,从开始到现在,254.7万,1505459,https://y.qq.com/n/ryqq/songDetail/001eVDr11LqEeU
张信哲,有一点动心,254.7万,5160895,https://y.qq.com/n/ryqq/songDetail/000xFG441g9WWP
张信哲,太想爱你,254.7万,230170,https://y.qq.com/n/ryqq/songDetail/004S4CHp4UcoKO
林宥嘉,说谎,280.6万,638596,https://y.qq.com/n/ryqq/songDetail/000W95Fk3lAVxV
林宥嘉,残酷月光,280.6万,102296994,https://y.qq.com/n/ryqq/songDetail/002FeoGW3Y832q
林宥嘉,想自由,280.6万,7122835,https://y.qq.com/n/ryqq/songDetail/0008y2Nk0IEH0p
林宥嘉,成全,280.6万,213973896,https://y.qq.com/n/ryqq/songDetail/001mGEoQ0iQrz1
林宥嘉,兜圈,280.6万,104926344,https://y.qq.com/n/ryqq/songDetail/001UbzjR3aioul
林宥嘉,浪费,280.6万,4830759,https://y.qq.com/n/ryqq/songDetail/000SU3OH3Nu5hx
林宥嘉,金曲串烧：说谎+残酷月光+浪费+全世界谁倾听你等,280.6万,127393015,https://y.qq.com/n/ryqq/songDetail/003Rzv8e2gmxbm
林宥嘉,你是我的眼,280.6万,777178,https://y.qq.com/n/ryqq/songDetail/002HwV7r2zx50j
林宥嘉,致姗姗来迟的你,280.6万,108749881,https://y.qq.com/n/ryqq/songDetail/003Iq94Q0SnePV
林宥嘉,我爱的人,280.6万,7124836,https://y.qq.com/n/ryqq/songDetail/002PBpfw3DWK8e
Imagine Dragons (梦龙),ENEMY (宿敌),163.7万,330642021,https://y.qq.com/n/ryqq/songDetail/000PrVH61RayLn
Imagine Dragons (梦龙),Enemy,163.7万,331813547,https://y.qq.com/n/ryqq/songDetail/001NQbkk0UekFI
Imagine Dragons (梦龙),Shots (Broiler Remix),163.7万,102387639,https://y.qq.com/n/ryqq/songDetail/001Ue5983QvMUm
Imagine Dragons (梦龙),Believer,163.7万,227167821,https://y.qq.com/n/ryqq/songDetail/0041Jedy2YybNI
Imagine Dragons (梦龙),Demons,163.7万,1149425,https://y.qq.com/n/ryqq/songDetail/000XIqSK0YYIiL
Imagine Dragons (梦龙),Natural,163.7万,214735663,https://y.qq.com/n/ryqq/songDetail/0041LIv52fRAvF
Imagine Dragons (梦龙),Believer,163.7万,202210558,https://y.qq.com/n/ryqq/songDetail/003uk0GY3wjLw8
Imagine Dragons (梦龙),Radioactive,163.7万,1149424,https://y.qq.com/n/ryqq/songDetail/004W48Vn3R3mly
Imagine Dragons (梦龙),Warriors,163.7万,203514080,https://y.qq.com/n/ryqq/songDetail/003SdGZm3fqsUa
Imagine Dragons (梦龙),Whatever It Takes,163.7万,202210260,https://y.qq.com/n/ryqq/songDetail/00318kzZ38BaJ4
蔡健雅,红色高跟鞋,149.4万,624649,https://y.qq.com/n/ryqq/songDetail/003IGhQO0JdnuC
蔡健雅,LETTING GO,149.4万,1030353,https://y.qq.com/n/ryqq/songDetail/004aJoYT3ia7al
蔡健雅,思念是一种病,149.4万,103697658,https://y.qq.com/n/ryqq/songDetail/003ilXfl3EWxcV
蔡健雅,越来越不懂,149.4万,102191338,https://y.qq.com/n/ryqq/songDetail/0037OKVx2ybIUT
蔡健雅,Beautiful Love,149.4万,145324,https://y.qq.com/n/ryqq/songDetail/004fQTu016b9W4
蔡健雅,被驯服的象,149.4万,5020469,https://y.qq.com/n/ryqq/songDetail/004AUBNe2ayqrK
蔡健雅,紫 (片中版),149.4万,203241465,https://y.qq.com/n/ryqq/songDetail/001g2wIy33mRtt
蔡健雅,空白格,149.4万,102193376,https://y.qq.com/n/ryqq/songDetail/003vlwdT0f5NFw
蔡健雅,越来越不懂,149.4万,408050,https://y.qq.com/n/ryqq/songDetail/001naIrr2wx0d0
蔡健雅,别找我麻烦,149.4万,1030808,https://y.qq.com/n/ryqq/songDetail/004KYudz0nNX8S
来一碗老于,解药 (新版),52.6万,317956947,https://y.qq.com/n/ryqq/songDetail/0037YjOm4c23EL
来一碗老于,云水谣 (新版),52.6万,322359298,https://y.qq.com/n/ryqq/songDetail/002syzQf1ayiiD
来一碗老于,云水谣,52.6万,127598219,https://y.qq.com/n/ryqq/songDetail/001LiuCL309VKM
来一碗老于,关于你我还没想好,52.6万,292932850,https://y.qq.com/n/ryqq/songDetail/000cQ0Jg4fnuYb
来一碗老于,解药,52.6万,127619282,https://y.qq.com/n/ryqq/songDetail/000Ez4qH3BLZmT
来一碗老于,谪仙 (老于版),52.6万,319806592,https://y.qq.com/n/ryqq/songDetail/002Q4hz93OJF1y
来一碗老于,春泥 (Demo),52.6万,322287316,https://y.qq.com/n/ryqq/songDetail/001lsJDr4QWE8m
来一碗老于,桃花诺,52.6万,127610140,https://y.qq.com/n/ryqq/songDetail/0046EM9B3xb2kD
来一碗老于,春庭雪 (Demo),52.6万,325106497,https://y.qq.com/n/ryqq/songDetail/000dRqPH2QMzyB
来一碗老于,一吻天荒 (Live),52.6万,127628284,https://y.qq.com/n/ryqq/songDetail/0006rq1B1KWbuN
BIGBANG (??),IF YOU,1357.3万,102793935,https://y.qq.com/n/ryqq/songDetail/000GDzSZ0yAEB9
BIGBANG (??),Haru Haru (一天一天),1357.3万,7086704,https://y.qq.com/n/ryqq/songDetail/001S0qKq0Vrdw4
BIGBANG (??),Lies (谎言),1357.3万,7094913,https://y.qq.com/n/ryqq/songDetail/004PBghD2IVci7
BIGBANG (??),Let's not fall in love (?? ???? ???),1357.3万,102954020,https://y.qq.com/n/ryqq/songDetail/0015STaX0b1FBE
BIGBANG (??),Blue,1357.3万,1148636,https://y.qq.com/n/ryqq/songDetail/000tp7LK0ebcZv
BIGBANG (??),Fantastic Baby,1357.3万,1166273,https://y.qq.com/n/ryqq/songDetail/0016j8j527uqHq
BIGBANG (??),LOSER (失败者),1357.3万,102376507,https://y.qq.com/n/ryqq/songDetail/002HuRZ4120Ght
BIGBANG (??),BANG BANG BANG (???),1357.3万,102629053,https://y.qq.com/n/ryqq/songDetail/000ThqP30Wzpcy
BIGBANG (??),SOBER (清醒),1357.3万,102793934,https://y.qq.com/n/ryqq/songDetail/003U8Ej82yXufm
BIGBANG (??),FXXK IT,1357.3万,109714341,https://y.qq.com/n/ryqq/songDetail/003fosyZ0OhEUy
王以太,危险派对,22.4万,324803060,https://y.qq.com/n/ryqq/songDetail/004R7qfh1ALctJ
王以太,BIG TIME,22.4万,332063548,https://y.qq.com/n/ryqq/songDetail/0009rycf2Pp9Fa
王以太,目不转睛,22.4万,214745858,https://y.qq.com/n/ryqq/songDetail/001WMCQn0LpdQH
王以太,目不转睛 (Live),22.4万,216080561,https://y.qq.com/n/ryqq/songDetail/003FgG6Z4ZPsTe
王以太,有一颗星为我存在,22.4万,225578682,https://y.qq.com/n/ryqq/songDetail/002fWfE80VfkAI
王以太,阿司匹林 (Live),22.4万,326630942,https://y.qq.com/n/ryqq/songDetail/000umFZT1E7PHz
王以太,无畏 (Live),22.4万,320299916,https://y.qq.com/n/ryqq/songDetail/002z1zl22nLJ8z
王以太,童言无忌 (Live),22.4万,216985205,https://y.qq.com/n/ryqq/songDetail/001zx0Am1UYgPe
王以太,目不转睛 (Live),22.4万,217599949,https://y.qq.com/n/ryqq/songDetail/001IifIX2TIysp
王以太,四面楚歌,22.4万,237273776,https://y.qq.com/n/ryqq/songDetail/001gIAM52NsvSO
秦海清,不如,7.8万,310637306,https://y.qq.com/n/ryqq/songDetail/004UkzBC2TqjK4
秦海清,不如 (DJ抖音完整版),7.8万,323010915,https://y.qq.com/n/ryqq/songDetail/000P9X9033jAD5
秦海清,不如 (伴奏),7.8万,310637305,https://y.qq.com/n/ryqq/songDetail/001AOvGl0OLI1D
秦海清,不如 (DJ阿卓版&DJ小秋版),7.8万,318103958,https://y.qq.com/n/ryqq/songDetail/004XabFT2E4vcC
秦海清,善变,7.8万,307152354,https://y.qq.com/n/ryqq/songDetail/002UFw161vPNde
秦海清,不敢给你听的情歌,7.8万,290424827,https://y.qq.com/n/ryqq/songDetail/002qbAod46I87f
秦海清,三行情书,7.8万,305455542,https://y.qq.com/n/ryqq/songDetail/001Ww34x3cMNhC
秦海清,醒不来的梦 (乐队版),7.8万,305455088,https://y.qq.com/n/ryqq/songDetail/000o0KtE44mH6d
秦海清,沉默分离,7.8万,320312010,https://y.qq.com/n/ryqq/songDetail/001iByxX3YKs1J
秦海清,不如 (DJ沈念&DJ小帽版),7.8万,318790600,https://y.qq.com/n/ryqq/songDetail/004e6Ibw0WwEqQ
刘若英,后来,244.7万,4830150,https://y.qq.com/n/ryqq/songDetail/000XeLXA3X8CTH
刘若英,当爱在靠近,244.7万,4830211,https://y.qq.com/n/ryqq/songDetail/000SGl2m1jfQJX
刘若英,为爱痴狂,244.7万,1948018,https://y.qq.com/n/ryqq/songDetail/003FKXPn0vJr7C
刘若英,原来你也在这里,244.7万,136473,https://y.qq.com/n/ryqq/songDetail/001Mb1pe1MUjrg
刘若英,成全,244.7万,4931339,https://y.qq.com/n/ryqq/songDetail/004SYfOv2KgUqk
刘若英,后来,244.7万,261482231,https://y.qq.com/n/ryqq/songDetail/000mmx6T0EAxjO
刘若英,很爱很爱你,244.7万,4830124,https://y.qq.com/n/ryqq/songDetail/000WV4TP1AqItt
刘若英,分开旅行,244.7万,136471,https://y.qq.com/n/ryqq/songDetail/001oG2nR3Dx4Hs
刘若英,后来 (Live),244.7万,1889266,https://y.qq.com/n/ryqq/songDetail/001G5IgY2gHy1T
刘若英,一辈子的孤单,244.7万,103968846,https://y.qq.com/n/ryqq/songDetail/004VDzQb2pjVKR
The Kid LAROI,STAY (Explicit),13.9万,316391467,https://y.qq.com/n/ryqq/songDetail/0043EX2e2F6JCA
The Kid LAROI,STAY,13.9万,318932633,https://y.qq.com/n/ryqq/songDetail/0017J4Io2X59Qx
The Kid LAROI,Stay(feat. The Kid LAROI) (Explicit),13.9万,306046873,https://y.qq.com/n/ryqq/songDetail/003EOZWU4UQfGH
The Kid LAROI,Unstable,13.9万,300113889,https://y.qq.com/n/ryqq/songDetail/001PpGDc1rvJSz
The Kid LAROI,GO (Explicit),13.9万,268459559,https://y.qq.com/n/ryqq/songDetail/0006CnqQ3C1bLV
The Kid LAROI,NOT SOBER (Explicit),13.9万,317780158,https://y.qq.com/n/ryqq/songDetail/003xOkm235XxEd
The Kid LAROI,WITHOUT YOU (Explicit),13.9万,282907305,https://y.qq.com/n/ryqq/songDetail/001OtuEy22OOAi
The Kid LAROI,F*CK YOU, GOODBYE (Explicit),https://y.qq.com/n/ryqq/songDetail/000HpYxH2FLJzb,13.9万
The Kid LAROI,Diva (Explicit),13.9万,252865881,https://y.qq.com/n/ryqq/songDetail/0028hHf73ZilOr
The Kid LAROI,ATTENTION (Explicit),13.9万,318931535,https://y.qq.com/n/ryqq/songDetail/002hTAWp1MhtN4
赵雷,成都,253.8万,200790315,https://y.qq.com/n/ryqq/songDetail/003TLWoN0gQnP5
赵雷,鼓楼,253.8万,200549981,https://y.qq.com/n/ryqq/songDetail/001JWMPW4aZyhR
赵雷,南方姑娘,253.8万,2480942,https://y.qq.com/n/ryqq/songDetail/001O8Fq6090GIP
赵雷,我们的时光,253.8万,100641068,https://y.qq.com/n/ryqq/songDetail/003ITzMw2CRNZX
赵雷,画,253.8万,106707604,https://y.qq.com/n/ryqq/songDetail/003ThnHE0lOP3W
赵雷,理想,253.8万,100641069,https://y.qq.com/n/ryqq/songDetail/002YiXmX3PKZHE
赵雷,少年锦时,253.8万,100641066,https://y.qq.com/n/ryqq/songDetail/000vNzlL39BsNt
赵雷,阿刁,253.8万,200549980,https://y.qq.com/n/ryqq/songDetail/003fV3uf1b2Lba
赵雷,成都 (Live),253.8万,200576210,https://y.qq.com/n/ryqq/songDetail/000MCRpx0myGAL
赵雷,三十岁的女人,253.8万,100641070,https://y.qq.com/n/ryqq/songDetail/002i47OG1GAKRM
陈慧娴,千千阙歌,87.1万,130363,https://y.qq.com/n/ryqq/songDetail/000E8jPw26JFub
陈慧娴,傻女,87.1万,130453,https://y.qq.com/n/ryqq/songDetail/003brDHY0I5yrc
陈慧娴,情意结,87.1万,105828859,https://y.qq.com/n/ryqq/songDetail/002bPcqS35x2x6
陈慧娴,人生何处不相逢,87.1万,104482954,https://y.qq.com/n/ryqq/songDetail/003VpJoJ4Dw4Wp
陈慧娴,飘雪,87.1万,1319265,https://y.qq.com/n/ryqq/songDetail/001OPYkX03qrKo
陈慧娴,月半小夜曲 (Live),87.1万,423320,https://y.qq.com/n/ryqq/songDetail/002HRnuj4Byp5x
陈慧娴,孤单背影,87.1万,1319258,https://y.qq.com/n/ryqq/songDetail/003atdQR0pkXFx
陈慧娴,月亮,87.1万,1319259,https://y.qq.com/n/ryqq/songDetail/002xVTlI15cjDR
陈慧娴,夜机,87.1万,130366,https://y.qq.com/n/ryqq/songDetail/004DPtX817wgZd
陈慧娴,归来吧,87.1万,1319268,https://y.qq.com/n/ryqq/songDetail/004Vpw254KExBN
烟(许佳豪),偏爱和例外,12.5万,327322033,https://y.qq.com/n/ryqq/songDetail/004IL6nZ3AnUmq
烟(许佳豪),想你这件事,12.5万,312113879,https://y.qq.com/n/ryqq/songDetail/002zFB7i0AYmFG
烟(许佳豪),想你这件事 (正式版),12.5万,315282520,https://y.qq.com/n/ryqq/songDetail/0049J5n84Tv8oT
烟(许佳豪),观众 (正式版),12.5万,319345660,https://y.qq.com/n/ryqq/songDetail/002jTpr92VobqJ
烟(许佳豪),观众,12.5万,317020384,https://y.qq.com/n/ryqq/songDetail/002cOCfv4G7QLN
烟(许佳豪),隐疾,12.5万,317821052,https://y.qq.com/n/ryqq/songDetail/0024t5OO23RvGz
烟(许佳豪),65平方的爱情,12.5万,333634968,https://y.qq.com/n/ryqq/songDetail/000xOCz30B7hn1
烟(许佳豪),隐疾 (吉他版),12.5万,317135252,https://y.qq.com/n/ryqq/songDetail/000Sjvie1ugECD
烟(许佳豪),烟(许佳豪)创作的原声,12.5万,127630458,https://y.qq.com/n/ryqq/songDetail/0038AmGv3KIQbD
烟(许佳豪),烟(许佳豪)创作的原声,12.5万,127661961,https://y.qq.com/n/ryqq/songDetail/003A7fqs0J5osp
刘德华,一起走过的日子,444.7万,773782,https://y.qq.com/n/ryqq/songDetail/002eTq6539AsfN
刘德华,暗里着迷,444.7万,102209103,https://y.qq.com/n/ryqq/songDetail/002qXtuA0vLIWr
刘德华,17岁,444.7万,102300586,https://y.qq.com/n/ryqq/songDetail/000HWyhv4UJpLq
刘德华,来生缘,444.7万,4846307,https://y.qq.com/n/ryqq/songDetail/001UEyYD2nvp1U
刘德华,暗里着迷 (Radio Edit),444.7万,153424,https://y.qq.com/n/ryqq/songDetail/001wkSnm4f9LeT
刘德华,忘情水,444.7万,8151482,https://y.qq.com/n/ryqq/songDetail/001VNZ7u2BWZhs
刘德华,世界第一等,444.7万,7091650,https://y.qq.com/n/ryqq/songDetail/0045RzZ24AiYP4
刘德华,冰雨,444.7万,7091652,https://y.qq.com/n/ryqq/songDetail/0041Ce4o4UPUmu
刘德华,谢谢你的爱 (国语),444.7万,153828,https://y.qq.com/n/ryqq/songDetail/002dOuqi1jL6DW
刘德华,练习,444.7万,153541,https://y.qq.com/n/ryqq/songDetail/002Q4Jgw0dxWxt
Sia (希雅),Unstoppable,238.0万,105355378,https://y.qq.com/n/ryqq/songDetail/003cgvUi1axThX
Sia (希雅),Move Your Body (Alan Walker Remix),238.0万,108957328,https://y.qq.com/n/ryqq/songDetail/0044Hrfj24LHOn
Sia (希雅),Cheap Thrills,238.0万,105389011,https://y.qq.com/n/ryqq/songDetail/000Ye81T35vEQT
Sia (希雅),Dusk Till Dawn,238.0万,203787489,https://y.qq.com/n/ryqq/songDetail/002Jj3at1u52e0
Sia (希雅),Move Your Body,238.0万,105540738,https://y.qq.com/n/ryqq/songDetail/002fucxO4YRfYv
Sia (希雅),Flames,238.0万,213390987,https://y.qq.com/n/ryqq/songDetail/002HlJI72XCg2T
Sia (希雅),Chandelier,238.0万,297547114,https://y.qq.com/n/ryqq/songDetail/000EHinr45WYRr
Sia (希雅),The Greatest,238.0万,108433782,https://y.qq.com/n/ryqq/songDetail/002VuMSE346lJX
Sia (希雅),Titanium,238.0万,941317,https://y.qq.com/n/ryqq/songDetail/003bEFRG4dGgfo
Sia (希雅),Cheap Thrills,238.0万,107568769,https://y.qq.com/n/ryqq/songDetail/003jPC932NWUbo
庄心妍,再见只是陌生人,496.8万,104690200,https://y.qq.com/n/ryqq/songDetail/000ocSdp4SSl6P
庄心妍,走着走着就散了,496.8万,104772455,https://y.qq.com/n/ryqq/songDetail/004NIK6u00TtHx
庄心妍,以后的以后,496.8万,201729189,https://y.qq.com/n/ryqq/songDetail/001cP3t82HI31e
庄心妍,庄心妍热歌金曲串烧,496.8万,127393021,https://y.qq.com/n/ryqq/songDetail/000ZzcAN13B7tH
庄心妍,放过自己,496.8万,104915879,https://y.qq.com/n/ryqq/songDetail/002k0qa50C6eFn
庄心妍,爱囚,496.8万,4775804,https://y.qq.com/n/ryqq/songDetail/001pbXyo4J3wMH
庄心妍,好可惜,496.8万,8158135,https://y.qq.com/n/ryqq/songDetail/001tYweH1iGcZf
庄心妍,为情所伤,496.8万,4775802,https://y.qq.com/n/ryqq/songDetail/000WN0p44c6fvD
庄心妍,一万个舍不得,496.8万,4775795,https://y.qq.com/n/ryqq/songDetail/0016O4Oh1WQB2A
庄心妍,真的不容易,496.8万,2635653,https://y.qq.com/n/ryqq/songDetail/000fGfsH3CrdSF
杨宗纬,凉凉,224.9万,200380820,https://y.qq.com/n/ryqq/songDetail/001Nl0W80sBSwJ
杨宗纬,其实都没有,224.9万,4768118,https://y.qq.com/n/ryqq/songDetail/004DRMhq3IZGL1
杨宗纬,一次就好,224.9万,104783753,https://y.qq.com/n/ryqq/songDetail/0031MMo90FDbTl
杨宗纬,洋葱,224.9万,416764,https://y.qq.com/n/ryqq/songDetail/003if7SP4fhnJd
杨宗纬,我们好像在哪见过,224.9万,5046526,https://y.qq.com/n/ryqq/songDetail/001EOqht4Gkd6P
杨宗纬,红尘来去一场梦 (Live),224.9万,108724756,https://y.qq.com/n/ryqq/songDetail/001HAOSw0l1mgG
杨宗纬,空白格 (《一生一世》电影片尾曲),224.9万,106708125,https://y.qq.com/n/ryqq/songDetail/000Zbl1S04Xq3s
杨宗纬,凉凉 (Live),224.9万,201820468,https://y.qq.com/n/ryqq/songDetail/003GkpYz2gsSCu
杨宗纬,那个男人,224.9万,944319,https://y.qq.com/n/ryqq/songDetail/0045CTWC1iksOS
杨宗纬,这一路走来,224.9万,4788627,https://y.qq.com/n/ryqq/songDetail/004egnEi07dM8f
梁静茹,勇气,318.6万,4830164,https://y.qq.com/n/ryqq/songDetail/000LDr7E13dXy1
梁静茹,会呼吸的痛,318.6万,411228,https://y.qq.com/n/ryqq/songDetail/004K6Ne61a1VA8
梁静茹,暖暖,318.6万,169763,https://y.qq.com/n/ryqq/songDetail/003Sn9Rg4N3oNq
梁静茹,可惜不是你,318.6万,4830284,https://y.qq.com/n/ryqq/songDetail/004GWiOZ1ZfSzv
梁静茹,情歌,318.6万,462188,https://y.qq.com/n/ryqq/songDetail/0010BrWk2SucQr
梁静茹,宁夏,318.6万,4932559,https://y.qq.com/n/ryqq/songDetail/004NFs8H4V8meS
梁静茹,给未来的自己,318.6万,411231,https://y.qq.com/n/ryqq/songDetail/002x8dpU2QNXFP
梁静茹,分手快乐,318.6万,4931887,https://y.qq.com/n/ryqq/songDetail/002HNfrq29vPtT
梁静茹,慢冷,318.6万,232278146,https://y.qq.com/n/ryqq/songDetail/001zX06o4BBaJf
梁静茹,爱久见人心,318.6万,1799991,https://y.qq.com/n/ryqq/songDetail/001vAPdQ1hpq7n
