毛不易|牧马城市|686.7万|https://y.qq.com/n/ryqq/songDetail/000uhMwj387EBp
毛不易|呓语 (Live)|686.7万|https://y.qq.com/n/ryqq/songDetail/002EKRp30g50rs
毛不易|看得最远的地方|686.7万|https://y.qq.com/n/ryqq/songDetail/003jPrhs2i3glx
毛不易|消愁 (Live)|686.7万|https://y.qq.com/n/ryqq/songDetail/003kLvu04bLGzi
毛不易|像我这样的人 (Live)|686.7万|https://y.qq.com/n/ryqq/songDetail/00375L600p9sxv
毛不易|无名的人|686.7万|https://y.qq.com/n/ryqq/songDetail/002QhULf16tWw1
毛不易|梅香如故|686.7万|https://y.qq.com/n/ryqq/songDetail/003olD751EQ2Ul
毛不易|不染|686.7万|https://y.qq.com/n/ryqq/songDetail/001xlfsG2eVHUf
毛不易|借 (Live)|686.7万|https://y.qq.com/n/ryqq/songDetail/002WLDmw0vkHtC
毛不易|平凡的一天 (Live)|686.7万|https://y.qq.com/n/ryqq/songDetail/004RHKh10BqQef
任然|飞鸟和蝉|307.6万|https://y.qq.com/n/ryqq/songDetail/004Fimy419PpsA
任然|无人之岛|307.6万|https://y.qq.com/n/ryqq/songDetail/001fTFGe0LqzdT
任然|后继者|307.6万|https://y.qq.com/n/ryqq/songDetail/003qKlqV1PVMB8
任然|疑心病|307.6万|https://y.qq.com/n/ryqq/songDetail/003HSdVY3Z3GST
任然|落海|307.6万|https://y.qq.com/n/ryqq/songDetail/002otIR30L2LZO
任然|空空如也|307.6万|https://y.qq.com/n/ryqq/songDetail/001OFCtb1K2hBU
任然|凉城|307.6万|https://y.qq.com/n/ryqq/songDetail/002SKEeh1VzObP
任然|雀跃|307.6万|https://y.qq.com/n/ryqq/songDetail/002xADAG0ndpws
任然|那年 (初版)|307.6万|https://y.qq.com/n/ryqq/songDetail/001rAXBw0bztc5
任然|山外小楼夜听雨|307.6万|https://y.qq.com/n/ryqq/songDetail/001hoRPW23jSPU
程响|人间烟火|172.8万|https://y.qq.com/n/ryqq/songDetail/000aSwfH08R6Mn
程响|世界这么大还是遇见你|172.8万|https://y.qq.com/n/ryqq/songDetail/001xLIXo2w9V7U
程响|四季予你|172.8万|https://y.qq.com/n/ryqq/songDetail/004bd0Av3rVEE3
程响|时光洪流|172.8万|https://y.qq.com/n/ryqq/songDetail/001YVo3U4H3LLH
程响|等你归来|172.8万|https://y.qq.com/n/ryqq/songDetail/000lkMEi2bOZ0v
程响|不再联系|172.8万|https://y.qq.com/n/ryqq/songDetail/000p3XN73Y5vV6
程响|可能|172.8万|https://y.qq.com/n/ryqq/songDetail/002i54Mn1oJnjw
程响|美丽女人|172.8万|https://y.qq.com/n/ryqq/songDetail/004RcYiL0r66cI
程响|一花一世界|172.8万|https://y.qq.com/n/ryqq/songDetail/001fVNDM2o0EwH
程响|在他乡|172.8万|https://y.qq.com/n/ryqq/songDetail/0036yLMk1xA9Hh
蓝心羽|阿拉斯加海湾|218.2万|https://y.qq.com/n/ryqq/songDetail/002FHVgG4btehE
蓝心羽|小宇|218.2万|https://y.qq.com/n/ryqq/songDetail/003xnepc40S6oM
蓝心羽|星空剪影|218.2万|https://y.qq.com/n/ryqq/songDetail/000wdhv04LMOJv
蓝心羽|星辰不坠落|218.2万|https://y.qq.com/n/ryqq/songDetail/001kIvoK3siMwF
蓝心羽|寂寞烟火|218.2万|https://y.qq.com/n/ryqq/songDetail/0004zcfr0neC9O
蓝心羽|记忆停留|218.2万|https://y.qq.com/n/ryqq/songDetail/002WcwVL2ypOuf
蓝心羽|倒影|218.2万|https://y.qq.com/n/ryqq/songDetail/000UlP8N2Vzgji
蓝心羽|突然一场雨|218.2万|https://y.qq.com/n/ryqq/songDetail/003SuciA3Km7mm
蓝心羽|舒伯特玫瑰|218.2万|https://y.qq.com/n/ryqq/songDetail/002RTCoE3XesiI
蓝心羽|陪你走过一年四季|218.2万|https://y.qq.com/n/ryqq/songDetail/002nEk2E2vyNV7
王菲|如愿|396.9万|https://y.qq.com/n/ryqq/songDetail/001ufyHx10iWpg
王菲|匆匆那年|396.9万|https://y.qq.com/n/ryqq/songDetail/003KExF60zMMGK
王菲|红豆|396.9万|https://y.qq.com/n/ryqq/songDetail/0011nEwm2XPayS
王菲|因为爱情|396.9万|https://y.qq.com/n/ryqq/songDetail/000JVeRF2NHMKT
王菲|容易受伤的女人|396.9万|https://y.qq.com/n/ryqq/songDetail/004ZTgPR3p7ftT
王菲|传奇|396.9万|https://y.qq.com/n/ryqq/songDetail/002twZxX087cPx
王菲|人间|396.9万|https://y.qq.com/n/ryqq/songDetail/001NH5UK0mk4eq
王菲|百年孤寂|396.9万|https://y.qq.com/n/ryqq/songDetail/002wGjPc1oHGpt
王菲|暧昧|396.9万|https://y.qq.com/n/ryqq/songDetail/004JLAKK2ab5ys
王菲|但愿人长久|396.9万|https://y.qq.com/n/ryqq/songDetail/002Hn2QM1xcdc6
汪苏泷|有点甜|991.7万|https://y.qq.com/n/ryqq/songDetail/001bdYk41BCfRi
汪苏泷|不分手的恋爱|991.7万|https://y.qq.com/n/ryqq/songDetail/0048hyit0fCNad
汪苏泷|后会无期|991.7万|https://y.qq.com/n/ryqq/songDetail/004gZy7l1GYJ1Q
汪苏泷|一笑倾城|991.7万|https://y.qq.com/n/ryqq/songDetail/002xMLIa1JcZk0
汪苏泷|眼泪落下之前|991.7万|https://y.qq.com/n/ryqq/songDetail/00141lYl4eciAr
汪苏泷|万有引力|991.7万|https://y.qq.com/n/ryqq/songDetail/003ZiKJt39Lfti
汪苏泷|小星星|991.7万|https://y.qq.com/n/ryqq/songDetail/001GVVE31hddH7
汪苏泷|剑魂|991.7万|https://y.qq.com/n/ryqq/songDetail/0042EqWL0IE8hN
汪苏泷|耿|991.7万|https://y.qq.com/n/ryqq/songDetail/001cG7uR1Igu37
汪苏泷|忽而今夏|991.7万|https://y.qq.com/n/ryqq/songDetail/0035rPQr2p62CG
李宇春|下个，路口，见|265.7万|https://y.qq.com/n/ryqq/songDetail/001DIsVq3sSjGV
李宇春|和你一样|265.7万|https://y.qq.com/n/ryqq/songDetail/003PHZx04KX9Rf
李宇春|北京欢迎你|265.7万|https://y.qq.com/n/ryqq/songDetail/000kVJBO1hJO8D
李宇春|无价之姐|265.7万|https://y.qq.com/n/ryqq/songDetail/004EXOM01fsOm8
李宇春|1987我不知会遇见你|265.7万|https://y.qq.com/n/ryqq/songDetail/00467LeA1TSU69
李宇春|软肋|265.7万|https://y.qq.com/n/ryqq/songDetail/002JrTbh2sPtNF
李宇春|银河中的星星|265.7万|https://y.qq.com/n/ryqq/songDetail/001EnoY00B2zcD
李宇春|珍惜|265.7万|https://y.qq.com/n/ryqq/songDetail/003Qf9cv3etZ1t
李宇春|蜀绣 (Live)|265.7万|https://y.qq.com/n/ryqq/songDetail/001TmXYt4B8W4d
李宇春|岁岁平安|265.7万|https://y.qq.com/n/ryqq/songDetail/002aAZC611vK7v
en|嚣张|151.7万|https://y.qq.com/n/ryqq/songDetail/001Hp44V3pCQ53
en|间距|151.7万|https://y.qq.com/n/ryqq/songDetail/004f2uTR2CRh1h
en|曲终人亦散|151.7万|https://y.qq.com/n/ryqq/songDetail/001jctr241BiOo
en|生分 (男版)|151.7万|https://y.qq.com/n/ryqq/songDetail/002dcPz61Y3KXn
en|暗示分离|151.7万|https://y.qq.com/n/ryqq/songDetail/0028PYV62F9p03
en|云水谣|151.7万|https://y.qq.com/n/ryqq/songDetail/003Q5Nf549PMWk
en|逾矩|151.7万|https://y.qq.com/n/ryqq/songDetail/0018VQde4Espcj
en|奉劝|151.7万|https://y.qq.com/n/ryqq/songDetail/003Zlmmb2yOosx
en|等雨停|151.7万|https://y.qq.com/n/ryqq/songDetail/0001As0t39OXLW
en|代名词|151.7万|https://y.qq.com/n/ryqq/songDetail/003msMjU1CoyQE
等什么君(邓寓君)|踏雪|345.5万|https://y.qq.com/n/ryqq/songDetail/003ylF5g4RhTSJ
等什么君(邓寓君)|辞九门回忆|345.5万|https://y.qq.com/n/ryqq/songDetail/003izpqf19Dwps
等什么君(邓寓君)|关山酒|345.5万|https://y.qq.com/n/ryqq/songDetail/002PSWuG0vbdfs
等什么君(邓寓君)|春庭雪|345.5万|https://y.qq.com/n/ryqq/songDetail/0036hiOc1PzcKd
等什么君(邓寓君)|天下|345.5万|https://y.qq.com/n/ryqq/songDetail/0037JdW10Oozhp
等什么君(邓寓君)|一花一剑|345.5万|https://y.qq.com/n/ryqq/songDetail/004XGSHX40gL2Q
等什么君(邓寓君)|慕夏|345.5万|https://y.qq.com/n/ryqq/songDetail/003EMmCL0Zf6I5
等什么君(邓寓君)|赤伶|345.5万|https://y.qq.com/n/ryqq/songDetail/002Z1Ber4PnDJS
等什么君(邓寓君)|叹郁孤|345.5万|https://y.qq.com/n/ryqq/songDetail/003ZuHnS2AzGpj
等什么君(邓寓君)|难渡|345.5万|https://y.qq.com/n/ryqq/songDetail/000eK0In1LVeYJ
七叔（叶泽浩）|踏山河|254.5万|https://y.qq.com/n/ryqq/songDetail/001DEjRI0ihriN
七叔（叶泽浩）|半生雪|254.5万|https://y.qq.com/n/ryqq/songDetail/0006wgUu1hHP0N
七叔（叶泽浩）|燕无歇|254.5万|https://y.qq.com/n/ryqq/songDetail/003qYzO34BNVmt
七叔（叶泽浩）|踏山河 (DJ Yaha版)|254.5万|https://y.qq.com/n/ryqq/songDetail/001qEYyS28fYRT
七叔（叶泽浩）|燕无歇 (DJ黑桃A版 feat.是七叔呢)|254.5万|https://y.qq.com/n/ryqq/songDetail/0043LktP370DLP
七叔（叶泽浩）|金玉良缘|254.5万|https://y.qq.com/n/ryqq/songDetail/003Gdxm21rvAET
七叔（叶泽浩）|客子光阴|254.5万|https://y.qq.com/n/ryqq/songDetail/002C2pm93c3HdL
七叔（叶泽浩）|莫问归期|254.5万|https://y.qq.com/n/ryqq/songDetail/0019R76z1e6XRQ
七叔（叶泽浩）|诛神诀|254.5万|https://y.qq.com/n/ryqq/songDetail/001T8VqK1V6UAr
七叔（叶泽浩）|诛神诀 (DJ R7版)|254.5万|https://y.qq.com/n/ryqq/songDetail/001fB0ax04jT3U
郭顶|水星记|99.2万|https://y.qq.com/n/ryqq/songDetail/00485V8K4InqbZ
郭顶|我们俩|99.2万|https://y.qq.com/n/ryqq/songDetail/003MASv802hpJ7
郭顶|保留|99.2万|https://y.qq.com/n/ryqq/songDetail/003kC9Vx0LrGdd
郭顶|凄美地|99.2万|https://y.qq.com/n/ryqq/songDetail/00057jkW1DsOrQ
郭顶|想着你|99.2万|https://y.qq.com/n/ryqq/songDetail/00331ISN37M4v7
郭顶|情歌两三首|99.2万|https://y.qq.com/n/ryqq/songDetail/001r6qND1nodZO
郭顶|每个眼神都只身荒野|99.2万|https://y.qq.com/n/ryqq/songDetail/000EAF9r3nGEdX
郭顶|在云端|99.2万|https://y.qq.com/n/ryqq/songDetail/003YmEOh1Q1HI2
郭顶|落地之前|99.2万|https://y.qq.com/n/ryqq/songDetail/004MCjjl3WE3Nf
郭顶|把你的外套留在深巷|99.2万|https://y.qq.com/n/ryqq/songDetail/001mswMq2DEfhy
张碧晨|光的方向|403.4万|https://y.qq.com/n/ryqq/songDetail/0038ujdO1c3KdA
张碧晨|只要平凡|403.4万|https://y.qq.com/n/ryqq/songDetail/003HHPxJ4638xA
张碧晨|开往早晨的午夜|403.4万|https://y.qq.com/n/ryqq/songDetail/002I7Aoh32pQPK
张碧晨|不要忘记我爱你|403.4万|https://y.qq.com/n/ryqq/songDetail/000WBOXF0UMPjy
张碧晨|年轮|403.4万|https://y.qq.com/n/ryqq/songDetail/001q62Bb1xCTx7
张碧晨|凉凉|403.4万|https://y.qq.com/n/ryqq/songDetail/001Nl0W80sBSwJ
张碧晨|陪你度过漫长岁月 (Live)|403.4万|https://y.qq.com/n/ryqq/songDetail/00109jZt3SElsF
张碧晨|雨天 (Live)|403.4万|https://y.qq.com/n/ryqq/songDetail/001PaLUn4UmxuA
张碧晨|迷途的孤鸟 (Live)|403.4万|https://y.qq.com/n/ryqq/songDetail/000BSCVq2weApH
张碧晨|如故|403.4万|https://y.qq.com/n/ryqq/songDetail/000RscgG2i34pY
时代少年团|哪吒|505.3万|https://y.qq.com/n/ryqq/songDetail/0039rJNt2rNDz2
时代少年团|绝配|505.3万|https://y.qq.com/n/ryqq/songDetail/000EApX10oJiqD
时代少年团|我喜欢你|505.3万|https://y.qq.com/n/ryqq/songDetail/004IaxkY3LZOkx
时代少年团|男儿歌|505.3万|https://y.qq.com/n/ryqq/songDetail/004L20rs05bJrV
时代少年团|渐暖|505.3万|https://y.qq.com/n/ryqq/songDetail/002wit7s1Tvdlg
时代少年团|侠|505.3万|https://y.qq.com/n/ryqq/songDetail/002KnGOC0AtypK
时代少年团|哭泣的游戏|505.3万|https://y.qq.com/n/ryqq/songDetail/003vnQ460ZvN1e
时代少年团|我终于失去了你 (Live)|505.3万|https://y.qq.com/n/ryqq/songDetail/0008G8pP4M8sko
时代少年团|醉|505.3万|https://y.qq.com/n/ryqq/songDetail/000egT6Y408IZO
时代少年团|100道光芒|505.3万|https://y.qq.com/n/ryqq/songDetail/004UA9sX3u1k0s
小阿七|从前说|65.1万|https://y.qq.com/n/ryqq/songDetail/003yLGL81rAVzJ
小阿七|长大成人|65.1万|https://y.qq.com/n/ryqq/songDetail/002pRLhL4fKwYa
小阿七|那女孩对我说|65.1万|https://y.qq.com/n/ryqq/songDetail/001QyD3L2tgPFS
小阿七|不谓侠|65.1万|https://y.qq.com/n/ryqq/songDetail/002UeFOY2trM6k
小阿七|酒家|65.1万|https://y.qq.com/n/ryqq/songDetail/004Sfqkc1VPbbu
小阿七|五十年以后|65.1万|https://y.qq.com/n/ryqq/songDetail/0030drfw1cb2gt
小阿七|曾经的我们|65.1万|https://y.qq.com/n/ryqq/songDetail/0038O3oO1X7mrm
小阿七|我想要|65.1万|https://y.qq.com/n/ryqq/songDetail/000jyTmI0YFH8O
小阿七|一生有你 (女生版)|65.1万|https://y.qq.com/n/ryqq/songDetail/003S96zL2Qi5KY
小阿七|笑红尘 (女版)|65.1万|https://y.qq.com/n/ryqq/songDetail/000bAGme3mKKHH
梦然|是你|148.7万|https://y.qq.com/n/ryqq/songDetail/000GVhGu078nKq
梦然|少年|148.7万|https://y.qq.com/n/ryqq/songDetail/000S7TGL43hhBO
梦然|没有你陪伴真的好孤单|148.7万|https://y.qq.com/n/ryqq/songDetail/003zJGba3VVI0M
梦然|爱到尽头也无悔|148.7万|https://y.qq.com/n/ryqq/songDetail/001HQBxH1KDNo5
梦然|野花|148.7万|https://y.qq.com/n/ryqq/songDetail/004XxXiX4Syq67
梦然|少年·战疫版|148.7万|https://y.qq.com/n/ryqq/songDetail/002TIoGq48RbSo
梦然|光|148.7万|https://y.qq.com/n/ryqq/songDetail/003nNRDZ2eSlm9
梦然|阿伯说|148.7万|https://y.qq.com/n/ryqq/songDetail/003255fg3EdV7m
梦然|阿尔山|148.7万|https://y.qq.com/n/ryqq/songDetail/001T0IWS1Xtl8G
梦然|当我遇见我|148.7万|https://y.qq.com/n/ryqq/songDetail/004KnBp81wXMis
戴羽彤|来迟|66.4万|https://y.qq.com/n/ryqq/songDetail/000qIeQR2e5HTp
戴羽彤|漠河舞厅|66.4万|https://y.qq.com/n/ryqq/songDetail/001h4Gdc1gdvPT
戴羽彤|我们俩|66.4万|https://y.qq.com/n/ryqq/songDetail/002UQGTf0tstIt
戴羽彤|来迟 (DJ名龙版)|66.4万|https://y.qq.com/n/ryqq/songDetail/002d96t33eyiKL
戴羽彤|红色高跟鞋|66.4万|https://y.qq.com/n/ryqq/songDetail/000bXwSp4VFvbL
戴羽彤|爱要怎么说出口 (女版)|66.4万|https://y.qq.com/n/ryqq/songDetail/000XBtib35s4Hf
戴羽彤|开始懂了 (女版)|66.4万|https://y.qq.com/n/ryqq/songDetail/000pdgDl4dRtLl
戴羽彤|孤独颂歌|66.4万|https://y.qq.com/n/ryqq/songDetail/0038BYlZ1cwshU
戴羽彤|那个女孩|66.4万|https://y.qq.com/n/ryqq/songDetail/001mALBb3WnSo4
戴羽彤|醒不来的梦 (抒情版)|66.4万|https://y.qq.com/n/ryqq/songDetail/001ZFQ9P4OJiyn
程佳佳|山楂树の恋|80.7万|https://y.qq.com/n/ryqq/songDetail/0021uyhB2um654
程佳佳|好想抱住你|80.7万|https://y.qq.com/n/ryqq/songDetail/001UQGSM3ViFDV
程佳佳|好想抱住你 (DJR7版)|80.7万|https://y.qq.com/n/ryqq/songDetail/003H089F3H0737
程佳佳|别错过|80.7万|https://y.qq.com/n/ryqq/songDetail/001swRzF23bfVj
程佳佳|别错过 (DJ阿卓版)|80.7万|https://y.qq.com/n/ryqq/songDetail/003wqjv70L6e9r
程佳佳|亲爱的下雨了|80.7万|https://y.qq.com/n/ryqq/songDetail/000l2Ili1vHcTR
程佳佳|外婆说|80.7万|https://y.qq.com/n/ryqq/songDetail/003k4Brd06l3pY
程佳佳|我爱你|80.7万|https://y.qq.com/n/ryqq/songDetail/0013uCFc0CZ4NY
程佳佳|还是会长大|80.7万|https://y.qq.com/n/ryqq/songDetail/0049WssU3u6012
程佳佳|山楂树の恋|80.7万|https://y.qq.com/n/ryqq/songDetail/0025IDqM2Doz3m
王忻辰|落日与晚风|69.6万|https://y.qq.com/n/ryqq/songDetail/000ORNy208FEAN
王忻辰|清空|69.6万|https://y.qq.com/n/ryqq/songDetail/004LZwE13k5hzj
王忻辰|去年花开|69.6万|https://y.qq.com/n/ryqq/songDetail/000xH0YD3IEW7R
王忻辰|迷失幻境|69.6万|https://y.qq.com/n/ryqq/songDetail/002Vo1xP3z9BVS
王忻辰|落差|69.6万|https://y.qq.com/n/ryqq/songDetail/000CPsaO448jvN
王忻辰|迷失幻境 (DJ版)|69.6万|https://y.qq.com/n/ryqq/songDetail/001WYJBM3FRyIc
王忻辰|落差 (DJ版)|69.6万|https://y.qq.com/n/ryqq/songDetail/003Md9lh2ltpID
王忻辰|放晴|69.6万|https://y.qq.com/n/ryqq/songDetail/004TZjMy2zXMag
王忻辰|时间沦陷|69.6万|https://y.qq.com/n/ryqq/songDetail/004K79Ee1U5TDx
王忻辰|落差|69.6万|https://y.qq.com/n/ryqq/songDetail/0021f53b0X7G7g
不是花火呀|陨落|162.7万|https://y.qq.com/n/ryqq/songDetail/001IN2SJ1U0FX9
不是花火呀|TA|162.7万|https://y.qq.com/n/ryqq/songDetail/004I2Jzb0T7qRf
不是花火呀|Ring Ring Ring|162.7万|https://y.qq.com/n/ryqq/songDetail/002e7RHm3JOg2g
不是花火呀|微风悄悄|162.7万|https://y.qq.com/n/ryqq/songDetail/001xspvU4YB7BR
不是花火呀|年轮|162.7万|https://y.qq.com/n/ryqq/songDetail/000jn5Vd2JEZ9P
不是花火呀|如一|162.7万|https://y.qq.com/n/ryqq/songDetail/003ZrclJ0267RC
不是花火呀|分你一半|162.7万|https://y.qq.com/n/ryqq/songDetail/001ZZy1s4SjM3j
不是花火呀|反方向的钟|162.7万|https://y.qq.com/n/ryqq/songDetail/003T4RLa092ciZ
不是花火呀|想自由|162.7万|https://y.qq.com/n/ryqq/songDetail/001NaaA72KLqfZ
不是花火呀|等风吹|162.7万|https://y.qq.com/n/ryqq/songDetail/000kCb684b4CBm
阿YueYue|云与海|69.7万|https://y.qq.com/n/ryqq/songDetail/004IFjwP42XBGI
阿YueYue|沈园外|69.7万|https://y.qq.com/n/ryqq/songDetail/00333VYG3eXFtv
阿YueYue|不负人间|69.7万|https://y.qq.com/n/ryqq/songDetail/003CQae60y6PtK
阿YueYue|寻屿|69.7万|https://y.qq.com/n/ryqq/songDetail/000bBLQW0oBCG3
阿YueYue|芊芊|69.7万|https://y.qq.com/n/ryqq/songDetail/001etFae0lKaoL
阿YueYue|千秋迭梦|69.7万|https://y.qq.com/n/ryqq/songDetail/0031LVI049RLhq
阿YueYue|云与海 (DJ沈念版)|69.7万|https://y.qq.com/n/ryqq/songDetail/000459xh0AZwhJ
阿YueYue|予君书|69.7万|https://y.qq.com/n/ryqq/songDetail/003pK7zy498TLC
阿YueYue|归去来兮|69.7万|https://y.qq.com/n/ryqq/songDetail/002xLzPe3jJ4mA
阿YueYue|青城山下|69.7万|https://y.qq.com/n/ryqq/songDetail/0007ounj47ZnyT
王小帅|哭泣站台|62.7万|https://y.qq.com/n/ryqq/songDetail/000fdOY92wZNmm
王小帅|怨苍天变了心 (吉他版)|62.7万|https://y.qq.com/n/ryqq/songDetail/001dGNKF3KlMu0
王小帅|不是因为寂寞才想你|62.7万|https://y.qq.com/n/ryqq/songDetail/001cgpor2AnOa9
王小帅|你头顶的风|62.7万|https://y.qq.com/n/ryqq/songDetail/000QDYVT13JXoS
王小帅|我爱他|62.7万|https://y.qq.com/n/ryqq/songDetail/002KVKHw4JCGfJ
王小帅|最近|62.7万|https://y.qq.com/n/ryqq/songDetail/003yK5G20jEhIJ
王小帅|最初的梦想 (吉他版)|62.7万|https://y.qq.com/n/ryqq/songDetail/000Qyara2MQ57k
王小帅|大海|62.7万|https://y.qq.com/n/ryqq/songDetail/0046CSt52JaTFM
王小帅|火红的萨日朗 (吉他版)|62.7万|https://y.qq.com/n/ryqq/songDetail/004NNLbp419BuW
王小帅|该不该难过|62.7万|https://y.qq.com/n/ryqq/songDetail/000RJlEb0VHAMM
张靓颖|沉香|436.2万|https://y.qq.com/n/ryqq/songDetail/001ckfYz1buB51
张靓颖|可|436.2万|https://y.qq.com/n/ryqq/songDetail/000QTSxY0HoJ7B
张靓颖|如果这就是爱情|436.2万|https://y.qq.com/n/ryqq/songDetail/002vghem1otEWQ
张靓颖|我的梦|436.2万|https://y.qq.com/n/ryqq/songDetail/003FIqDQ0xyaGF
张靓颖|画心|436.2万|https://y.qq.com/n/ryqq/songDetail/0045cdSn27l6YM
张靓颖|偏星|436.2万|https://y.qq.com/n/ryqq/songDetail/002pniMi05kXs3
张靓颖|女儿国|436.2万|https://y.qq.com/n/ryqq/songDetail/003YYX4K3gTZBT
张靓颖|不惜时光|436.2万|https://y.qq.com/n/ryqq/songDetail/001GG9z14GBMmC
张靓颖|如果爱下去|436.2万|https://y.qq.com/n/ryqq/songDetail/002E9hkT4P5J3n
张靓颖|终于等到你|436.2万|https://y.qq.com/n/ryqq/songDetail/003dIT9t46SLw8
许巍|曾经的你|242.8万|https://y.qq.com/n/ryqq/songDetail/004XcdPX08dOus
许巍|蓝莲花|242.8万|https://y.qq.com/n/ryqq/songDetail/001tcduI48ozWY
许巍|像风一样自由|242.8万|https://y.qq.com/n/ryqq/songDetail/0035GQtJ19dQ97
许巍|故乡|242.8万|https://y.qq.com/n/ryqq/songDetail/001XmE6a2apzbF
许巍|生活不止眼前的苟且|242.8万|https://y.qq.com/n/ryqq/songDetail/0007gGzt0Oi4iy
许巍|旅行|242.8万|https://y.qq.com/n/ryqq/songDetail/000Qhd4C3Hfn7t
许巍|曾经的你 (Live)|242.8万|https://y.qq.com/n/ryqq/songDetail/003r1NqB4YifUa
许巍|完美生活|242.8万|https://y.qq.com/n/ryqq/songDetail/001gFmS32mSRvn
许巍|时光|242.8万|https://y.qq.com/n/ryqq/songDetail/0039BYui0oQdFf
许巍|执着|242.8万|https://y.qq.com/n/ryqq/songDetail/001TuR1u0mDdTa
虎二|你一定要幸福|73.5万|https://y.qq.com/n/ryqq/songDetail/001gPpBl27Wcnw
虎二|你应该很快乐|73.5万|https://y.qq.com/n/ryqq/songDetail/003H9bZy1KGYH0
虎二|窗|73.5万|https://y.qq.com/n/ryqq/songDetail/003h4Nqn3RENQ4
虎二|离开我你快乐吗|73.5万|https://y.qq.com/n/ryqq/songDetail/004FDOIt2kTKjX
虎二|一个人决定|73.5万|https://y.qq.com/n/ryqq/songDetail/001dOlLd1jxVKK
虎二|漂洋过海来看你|73.5万|https://y.qq.com/n/ryqq/songDetail/003mWkA2122kTU
虎二|一百万个可能|73.5万|https://y.qq.com/n/ryqq/songDetail/004dbfuf1jEjpI
虎二|等不到|73.5万|https://y.qq.com/n/ryqq/songDetail/002KGdP81XSmVP
虎二|来日没有那么长|73.5万|https://y.qq.com/n/ryqq/songDetail/003VoF8w0JaZDY
虎二|永不失联的爱|73.5万|https://y.qq.com/n/ryqq/songDetail/003ybbAX31X7A3
赵雷|成都|274.1万|https://y.qq.com/n/ryqq/songDetail/003TLWoN0gQnP5
赵雷|我们的时光|274.1万|https://y.qq.com/n/ryqq/songDetail/003ITzMw2CRNZX
赵雷|画|274.1万|https://y.qq.com/n/ryqq/songDetail/003ThnHE0lOP3W
赵雷|鼓楼|274.1万|https://y.qq.com/n/ryqq/songDetail/001JWMPW4aZyhR
赵雷|南方姑娘|274.1万|https://y.qq.com/n/ryqq/songDetail/001O8Fq6090GIP
赵雷|理想|274.1万|https://y.qq.com/n/ryqq/songDetail/002YiXmX3PKZHE
赵雷|我记得|274.1万|https://y.qq.com/n/ryqq/songDetail/002dw4gv1ZmiGt
赵雷|少年锦时|274.1万|https://y.qq.com/n/ryqq/songDetail/000vNzlL39BsNt
赵雷|程艾影|274.1万|https://y.qq.com/n/ryqq/songDetail/000WJMGA339p5t
赵雷|三十岁的女人|274.1万|https://y.qq.com/n/ryqq/songDetail/002i47OG1GAKRM
Uu (刘梦妤)|气象站台|86.0万|https://y.qq.com/n/ryqq/songDetail/000JumH938huIb
Uu (刘梦妤)|那女孩对我说|86.0万|https://y.qq.com/n/ryqq/songDetail/001LokF20Yw4xD
Uu (刘梦妤)|慢慢|86.0万|https://y.qq.com/n/ryqq/songDetail/000ZFIAd2F2LjE
Uu (刘梦妤)|夏天的风|86.0万|https://y.qq.com/n/ryqq/songDetail/0020HNvU4GxTZN
Uu (刘梦妤)|小城小爱|86.0万|https://y.qq.com/n/ryqq/songDetail/000OesCR0rh2u1
Uu (刘梦妤)|那些年|86.0万|https://y.qq.com/n/ryqq/songDetail/002kdqnF42Gc2F
Uu (刘梦妤)|自卑感|86.0万|https://y.qq.com/n/ryqq/songDetail/001X6tNH48Qz2U
Uu (刘梦妤)|全名|86.0万|https://y.qq.com/n/ryqq/songDetail/002pGbdr3Yg6kg
Uu (刘梦妤)|那男孩还好吗|86.0万|https://y.qq.com/n/ryqq/songDetail/002COmzJ0SPZMl
Uu (刘梦妤)|夏日微风|86.0万|https://y.qq.com/n/ryqq/songDetail/003qXk180NlNWw
陈粒|走马|361.6万|https://y.qq.com/n/ryqq/songDetail/000ffReZ1XyCS7
陈粒|小半|361.6万|https://y.qq.com/n/ryqq/songDetail/001hs89m3C5p3g
陈粒|虚拟|361.6万|https://y.qq.com/n/ryqq/songDetail/002CqtaC3jYZpu
陈粒|易燃易爆炸|361.6万|https://y.qq.com/n/ryqq/songDetail/00394LZb2KXqak
陈粒|奇妙能力歌|361.6万|https://y.qq.com/n/ryqq/songDetail/004cXwmW4Hs88w
陈粒|空空 (Live)|361.6万|https://y.qq.com/n/ryqq/songDetail/002gq0iy32KzNf
陈粒|光|361.6万|https://y.qq.com/n/ryqq/songDetail/000X41LW079jRG
陈粒|历历万乡|361.6万|https://y.qq.com/n/ryqq/songDetail/0017JuDq1Ufot0
陈粒|桥豆麻袋|361.6万|https://y.qq.com/n/ryqq/songDetail/0006VJ3Y4e3ufF
陈粒|祝星|361.6万|https://y.qq.com/n/ryqq/songDetail/004YSSH3225pBw
易烊千玺|沙金|642.9万|https://y.qq.com/n/ryqq/songDetail/000otWOP1i5zjO
易烊千玺|海阔天空（《奇迹·笨小孩》电影陪伴曲）|642.9万|https://y.qq.com/n/ryqq/songDetail/000kjF9U4GnbuO
易烊千玺|粉雾海|642.9万|https://y.qq.com/n/ryqq/songDetail/003O1P6B2NQVF0
易烊千玺|一起向未来|642.9万|https://y.qq.com/n/ryqq/songDetail/002ImLyF0DWmx9
易烊千玺|大城小爱 (Live)|642.9万|https://y.qq.com/n/ryqq/songDetail/003B7uBk0LfzGI
易烊千玺|精彩才刚刚开始|642.9万|https://y.qq.com/n/ryqq/songDetail/001apXAh2mHRub
易烊千玺|离骚|642.9万|https://y.qq.com/n/ryqq/songDetail/001JaAKW4IurRk
易烊千玺|My Boo|642.9万|https://y.qq.com/n/ryqq/songDetail/002vqQZD2XF79L
易烊千玺|爱情鸟|642.9万|https://y.qq.com/n/ryqq/songDetail/004Fpnhh2f7U12
易烊千玺|还是笨小孩|642.9万|https://y.qq.com/n/ryqq/songDetail/0018SJjv20bSCa
刘大壮|我很好 (吉他版)|130.4万|https://y.qq.com/n/ryqq/songDetail/0013SucF2Fjjli
刘大壮|最|130.4万|https://y.qq.com/n/ryqq/songDetail/000JU6Lv0igKGP
刘大壮|一吻天荒 (吉他版)|130.4万|https://y.qq.com/n/ryqq/songDetail/001DW4gK3HXAvk
刘大壮|三号线 (吉他版)|130.4万|https://y.qq.com/n/ryqq/songDetail/001n1NJa3TuHMX
刘大壮|我不是你的宋冬野|130.4万|https://y.qq.com/n/ryqq/songDetail/000SLaBp1bnaro
刘大壮|信仰|130.4万|https://y.qq.com/n/ryqq/songDetail/003ytFCS1KR7Je
刘大壮|忘不了的是你|130.4万|https://y.qq.com/n/ryqq/songDetail/000lwXfv44rsVu
刘大壮|忘记时间|130.4万|https://y.qq.com/n/ryqq/songDetail/002bYP5J0cuHKH
刘大壮|可惜不可惜 (吉他版)|130.4万|https://y.qq.com/n/ryqq/songDetail/004YedXT4bPlxH
刘大壮|别怕我伤心|130.4万|https://y.qq.com/n/ryqq/songDetail/001rjdar3XdASH
庄心妍|再见只是陌生人|509.2万|https://y.qq.com/n/ryqq/songDetail/000ocSdp4SSl6P
庄心妍|走着走着就散了|509.2万|https://y.qq.com/n/ryqq/songDetail/004NIK6u00TtHx
庄心妍|庄心妍热歌金曲串烧|509.2万|https://y.qq.com/n/ryqq/songDetail/000ZzcAN13B7tH
庄心妍|以后的以后|509.2万|https://y.qq.com/n/ryqq/songDetail/001cP3t82HI31e
庄心妍|为情所伤|509.2万|https://y.qq.com/n/ryqq/songDetail/000WN0p44c6fvD
庄心妍|放过自己|509.2万|https://y.qq.com/n/ryqq/songDetail/002k0qa50C6eFn
庄心妍|爱囚|509.2万|https://y.qq.com/n/ryqq/songDetail/001pbXyo4J3wMH
庄心妍|一万个舍不得|509.2万|https://y.qq.com/n/ryqq/songDetail/0016O4Oh1WQB2A
庄心妍|好可惜|509.2万|https://y.qq.com/n/ryqq/songDetail/001tYweH1iGcZf
庄心妍|真的不容易|509.2万|https://y.qq.com/n/ryqq/songDetail/000fGfsH3CrdSF
阿悠悠|一生与你擦肩而过|140.5万|https://y.qq.com/n/ryqq/songDetail/000xRG4E4diqXD
阿悠悠|旧梦一场|140.5万|https://y.qq.com/n/ryqq/songDetail/0049iR603EJHAY
阿悠悠|你若三冬|140.5万|https://y.qq.com/n/ryqq/songDetail/002L4c0L3OqYxD
阿悠悠|旧梦一场 (DJ沈念版)|140.5万|https://y.qq.com/n/ryqq/songDetail/002bu0hf1wvo58
阿悠悠|念旧|140.5万|https://y.qq.com/n/ryqq/songDetail/0046jPQe24MGzG
阿悠悠|问情|140.5万|https://y.qq.com/n/ryqq/songDetail/000Dcvaq2G2Wlr
阿悠悠|一曲相思|140.5万|https://y.qq.com/n/ryqq/songDetail/0033qcD30q958p
阿悠悠|人为情叹|140.5万|https://y.qq.com/n/ryqq/songDetail/000oHw1p2k1wK6
阿悠悠|夜半听风|140.5万|https://y.qq.com/n/ryqq/songDetail/000AlPAp0K5B2c
阿悠悠|悠殇叹|140.5万|https://y.qq.com/n/ryqq/songDetail/0025R6uy1ekS29
街道办GDC|春娇与志明|19.3万|https://y.qq.com/n/ryqq/songDetail/004Uln1G2Aunqw
街道办GDC|离开|19.3万|https://y.qq.com/n/ryqq/songDetail/0046ES4f3o3leN
街道办GDC|GOODFRIEND|19.3万|https://y.qq.com/n/ryqq/songDetail/002F985B2LA3yP
街道办GDC|拥有不拥有|19.3万|https://y.qq.com/n/ryqq/songDetail/003sYNDy1l7EHc
街道办GDC|汹涌澎湃|19.3万|https://y.qq.com/n/ryqq/songDetail/002oYXGa4QGNVZ
街道办GDC|旅行者|19.3万|https://y.qq.com/n/ryqq/songDetail/004YV3z82J7JaC
街道办GDC|青春记录号|19.3万|https://y.qq.com/n/ryqq/songDetail/002miX692VyLbR
街道办GDC|电影|19.3万|https://y.qq.com/n/ryqq/songDetail/0014smLJ2LZenA
街道办GDC|GOODFRIEND (Album)|19.3万|https://y.qq.com/n/ryqq/songDetail/00298uIQ1AMYQ9
街道办GDC|你嘅呢|19.3万|https://y.qq.com/n/ryqq/songDetail/000vRYZ30hTIjq
白小白|我爱你不问归期|153.1万|https://y.qq.com/n/ryqq/songDetail/0015LkaZ20fy1P
白小白|爱不得忘不舍|153.1万|https://y.qq.com/n/ryqq/songDetail/003xwWKv0g5q1a
白小白|我们终究是错过 (Live版伴奏)|153.1万|https://y.qq.com/n/ryqq/songDetail/001z3KHk1DDlPs
白小白|最后我们没在一起|153.1万|https://y.qq.com/n/ryqq/songDetail/003GkuJW0vWdti
白小白|我们终究是错过（DJ阿远版）|153.1万|https://y.qq.com/n/ryqq/songDetail/001ROi674OmoiC
白小白|欠你的婚礼|153.1万|https://y.qq.com/n/ryqq/songDetail/001Hn22X3P1PMA
白小白|最美婚礼|153.1万|https://y.qq.com/n/ryqq/songDetail/0037TP0W3d8ANf
白小白|宠爱吖|153.1万|https://y.qq.com/n/ryqq/songDetail/004HilGb2TKbFY
白小白|最美情侣|153.1万|https://y.qq.com/n/ryqq/songDetail/001Nm1mV2pzljm
白小白|我爱你不问归期（合唱版）|153.1万|https://y.qq.com/n/ryqq/songDetail/002Taa681cH4i6
IN-K|落日与晚风|22.4万|https://y.qq.com/n/ryqq/songDetail/000ORNy208FEAN
IN-K|迷失幻境|22.4万|https://y.qq.com/n/ryqq/songDetail/002Vo1xP3z9BVS
IN-K|落差|22.4万|https://y.qq.com/n/ryqq/songDetail/000CPsaO448jvN
IN-K|迷失幻境 (DJ版)|22.4万|https://y.qq.com/n/ryqq/songDetail/001WYJBM3FRyIc
IN-K|落差 (DJ版)|22.4万|https://y.qq.com/n/ryqq/songDetail/003Md9lh2ltpID
IN-K|回忆观影券|22.4万|https://y.qq.com/n/ryqq/songDetail/0040W0qk0yaaME
IN-K|温柔孤岛|22.4万|https://y.qq.com/n/ryqq/songDetail/001eAeSJ1sUIKg
IN-K|为你|22.4万|https://y.qq.com/n/ryqq/songDetail/000eVRUl0sVFlC
IN-K|结冰(Lonely)|22.4万|https://y.qq.com/n/ryqq/songDetail/002VrCuU42efFH
IN-K|清晰|22.4万|https://y.qq.com/n/ryqq/songDetail/000bd73n3v7pjA
胡歌|忘记时间|210.7万|https://y.qq.com/n/ryqq/songDetail/002rgDAZ3SYfFL
胡歌|逍遥叹|210.7万|https://y.qq.com/n/ryqq/songDetail/003x0p2q3vib3P
胡歌|六月的雨|210.7万|https://y.qq.com/n/ryqq/songDetail/0027azpT1l6RWC
胡歌|一吻天荒|210.7万|https://y.qq.com/n/ryqq/songDetail/001nWoME0kaG55
胡歌|美丽的神话|210.7万|https://y.qq.com/n/ryqq/songDetail/003fgLaa0Jbhku
胡歌|指纹|210.7万|https://y.qq.com/n/ryqq/songDetail/003Hlspg1faAGf
胡歌|光棍|210.7万|https://y.qq.com/n/ryqq/songDetail/000gH45445U4nJ
胡歌|一念执着|210.7万|https://y.qq.com/n/ryqq/songDetail/003q7CLh3gOG20
胡歌|天亮以后|210.7万|https://y.qq.com/n/ryqq/songDetail/004ZovGz2QJApa
胡歌|月光|210.7万|https://y.qq.com/n/ryqq/songDetail/001kxN2N4ccuxb
张艺兴|面纱|371.3万|https://y.qq.com/n/ryqq/songDetail/00195sy73JXAkg
张艺兴|羊 (SHEEP)|371.3万|https://y.qq.com/n/ryqq/songDetail/001qjdRZ4ZswWO
张艺兴|Honey (和你)|371.3万|https://y.qq.com/n/ryqq/songDetail/004Hv0fc2CPKW6
张艺兴|我不好|371.3万|https://y.qq.com/n/ryqq/songDetail/0028V5ud0hup6E
张艺兴|亢龙有悔 (Live)|371.3万|https://y.qq.com/n/ryqq/songDetail/003L42l60ya3t3
张艺兴|会好的|371.3万|https://y.qq.com/n/ryqq/songDetail/001rujaV3AzLqt
张艺兴|一个人|371.3万|https://y.qq.com/n/ryqq/songDetail/003Kf2wo2cowwV
张艺兴|梦不落雨林|371.3万|https://y.qq.com/n/ryqq/songDetail/002adHlS1J0548
张艺兴|莲 (Lit)|371.3万|https://y.qq.com/n/ryqq/songDetail/004fon7X058gQK
张艺兴|3 Wishes|371.3万|https://y.qq.com/n/ryqq/songDetail/003ATnF23GaNgs
胡彦斌|你要的全拿走|168.1万|https://y.qq.com/n/ryqq/songDetail/000nNzj03CNUIT
胡彦斌|陪你度过漫长岁月 (Live)|168.1万|https://y.qq.com/n/ryqq/songDetail/00109jZt3SElsF
胡彦斌|月光|168.1万|https://y.qq.com/n/ryqq/songDetail/000c5J4O1KmPSA
胡彦斌|篇章|168.1万|https://y.qq.com/n/ryqq/songDetail/004RhCls4H7Gt7
胡彦斌|One Night In Shanghai|168.1万|https://y.qq.com/n/ryqq/songDetail/003v9yVe3M5Kvn
胡彦斌|迷途的孤鸟 (Live)|168.1万|https://y.qq.com/n/ryqq/songDetail/000BSCVq2weApH
胡彦斌|不负人间|168.1万|https://y.qq.com/n/ryqq/songDetail/001r6Jb83CpOHv
胡彦斌|北京欢迎你|168.1万|https://y.qq.com/n/ryqq/songDetail/000kVJBO1hJO8D
胡彦斌|红颜|168.1万|https://y.qq.com/n/ryqq/songDetail/001ub9792lVtm5
胡彦斌|还魂门|168.1万|https://y.qq.com/n/ryqq/songDetail/003abNbK2dnTMI
王贰浪|像鱼|65.2万|https://y.qq.com/n/ryqq/songDetail/000NHikR1jV7Zz
王贰浪|人间城|65.2万|https://y.qq.com/n/ryqq/songDetail/003Ie3mb3yyRZq
王贰浪|执迷不悟|65.2万|https://y.qq.com/n/ryqq/songDetail/000x4jVm2XQWgY
王贰浪|呓语|65.2万|https://y.qq.com/n/ryqq/songDetail/003cCFm6247LJ0
王贰浪|虚拟|65.2万|https://y.qq.com/n/ryqq/songDetail/003SMGPq1gjEl3
王贰浪|谁|65.2万|https://y.qq.com/n/ryqq/songDetail/003CXuxy2lwpXP
王贰浪|越来越不懂|65.2万|https://y.qq.com/n/ryqq/songDetail/003XVif72bkKB9
王贰浪|像鱼 (DJ阳少版)|65.2万|https://y.qq.com/n/ryqq/songDetail/003D3QiW1g2EPX
王贰浪|少一点天分|65.2万|https://y.qq.com/n/ryqq/songDetail/003sDoJ94gNLYg
王贰浪|暗恋是一首按了静音的歌|65.2万|https://y.qq.com/n/ryqq/songDetail/000U0h1p4aMnPo
井胧|彼岸|40.5万|https://y.qq.com/n/ryqq/songDetail/004cd2wK1Iv7v2
井胧|骁|40.5万|https://y.qq.com/n/ryqq/songDetail/000zqcIw34Wv2H
井胧|把孤独当做晚餐|40.5万|https://y.qq.com/n/ryqq/songDetail/000STsvn0AXtPb
井胧|彼岸 (吟唱版)|40.5万|https://y.qq.com/n/ryqq/songDetail/0033cSpj3BxQmA
井胧|把孤独当作晚餐|40.5万|https://y.qq.com/n/ryqq/songDetail/0000SvdU1uOS9o
井胧|不删|40.5万|https://y.qq.com/n/ryqq/songDetail/00080NBt42T4xD
井胧|无虞|40.5万|https://y.qq.com/n/ryqq/songDetail/000IiURm2thD1X
井胧|囚鸟|40.5万|https://y.qq.com/n/ryqq/songDetail/003RJs0n3Ndc8J
井胧|起风了|40.5万|https://y.qq.com/n/ryqq/songDetail/003Qaep11x5sWT
井胧|笑吧|40.5万|https://y.qq.com/n/ryqq/songDetail/003M1Cwm3sLL4F
贺一航|请先说你好|40.7万|https://y.qq.com/n/ryqq/songDetail/000L8lFG0tU3yw
贺一航|入了我的心丢了我的魂|40.7万|https://y.qq.com/n/ryqq/songDetail/003HMaj00f8udb
贺一航|原来占据你内心的人不是我|40.7万|https://y.qq.com/n/ryqq/songDetail/000lhxPp0qLmsJ
贺一航|听说当初你找过我|40.7万|https://y.qq.com/n/ryqq/songDetail/000utfWj3Ew3cG
贺一航|你陪我一程 我念你一生|40.7万|https://y.qq.com/n/ryqq/songDetail/0007PeO623BYhF
贺一航|一个人的寂寞两个人的错|40.7万|https://y.qq.com/n/ryqq/songDetail/003uL8IE3o37CL
贺一航|别爱太满别睡太晚|40.7万|https://y.qq.com/n/ryqq/songDetail/0006Wwt50IMiGr
贺一航|入了我的心丢了我的魂 (DJR7版)|40.7万|https://y.qq.com/n/ryqq/songDetail/0007JmRu3inqOT
贺一航|我承认爱过你|40.7万|https://y.qq.com/n/ryqq/songDetail/002QskoN0W1eqr
贺一航|我又想你了|40.7万|https://y.qq.com/n/ryqq/songDetail/001kiWXf14rLZz
摩登兄弟刘宇宁|寻一个你|98.1万|https://y.qq.com/n/ryqq/songDetail/001l38Gx3sl3kP
摩登兄弟刘宇宁|让酒|98.1万|https://y.qq.com/n/ryqq/songDetail/002OZ9wm0EhjEO
摩登兄弟刘宇宁|天问|98.1万|https://y.qq.com/n/ryqq/songDetail/002kOvBZ3eQChP
摩登兄弟刘宇宁|梦华|98.1万|https://y.qq.com/n/ryqq/songDetail/004LXIM91m6aR0
摩登兄弟刘宇宁|讲真的|98.1万|https://y.qq.com/n/ryqq/songDetail/0013Anev1ppT4b
摩登兄弟刘宇宁|有多少爱可以重来|98.1万|https://y.qq.com/n/ryqq/songDetail/0024c8zt4A4TQG
摩登兄弟刘宇宁|烟火星辰|98.1万|https://y.qq.com/n/ryqq/songDetail/0010eJFc3qi6QW
摩登兄弟刘宇宁|无双|98.1万|https://y.qq.com/n/ryqq/songDetail/003HmiAZ14RyVv
摩登兄弟刘宇宁|黑夜一束光|98.1万|https://y.qq.com/n/ryqq/songDetail/001tBFAK4bnWMY
摩登兄弟刘宇宁|烟花易冷 (Live)|98.1万|https://y.qq.com/n/ryqq/songDetail/000SzbRu3WRoBR
曲肖冰|当真|95.4万|https://y.qq.com/n/ryqq/songDetail/000mYvlv2HvIg5
曲肖冰|厚颜无耻|95.4万|https://y.qq.com/n/ryqq/songDetail/000LZSEr3kTRFk
曲肖冰|天亮以前说再见|95.4万|https://y.qq.com/n/ryqq/songDetail/000toHZo1K8Bec
曲肖冰|走马|95.4万|https://y.qq.com/n/ryqq/songDetail/002Ee2W21JAfYl
曲肖冰|静悄悄 (Remix)|95.4万|https://y.qq.com/n/ryqq/songDetail/001EJzGW3zc33t
曲肖冰|太阳|95.4万|https://y.qq.com/n/ryqq/songDetail/0033upXO0xmskX
曲肖冰|静悄悄|95.4万|https://y.qq.com/n/ryqq/songDetail/000WyUF03DywGy
曲肖冰|我是真的爱上你|95.4万|https://y.qq.com/n/ryqq/songDetail/000vMVDU2qiieN
曲肖冰|白羊|95.4万|https://y.qq.com/n/ryqq/songDetail/0038OKFK36DBB6
曲肖冰|清空|95.4万|https://y.qq.com/n/ryqq/songDetail/004dQefs1nDE3n
金润吉|最远的你是我最近的爱|25.4万|https://y.qq.com/n/ryqq/songDetail/001ksRzr36LJfQ
金润吉|谢谢你的爱|25.4万|https://y.qq.com/n/ryqq/songDetail/003FMUPi1SdyC6
金润吉|迟来的爱 (新版)|25.4万|https://y.qq.com/n/ryqq/songDetail/002E6uK62IcG1F
金润吉|我曾用心爱着你|25.4万|https://y.qq.com/n/ryqq/songDetail/000CbBda1zAEHF
金润吉|DISCO|25.4万|https://y.qq.com/n/ryqq/songDetail/000IjaNO3NBsGW
金润吉|Love Love|25.4万|https://y.qq.com/n/ryqq/songDetail/003JZU0r2p15ta
金润吉|Tell Me (韩文版)|25.4万|https://y.qq.com/n/ryqq/songDetail/003CDJm60t1Mhs
金润吉|学到老爱到老|25.4万|https://y.qq.com/n/ryqq/songDetail/003OqHBT2Tg5ay
金润吉|一次就好|25.4万|https://y.qq.com/n/ryqq/songDetail/002rnhHC49g08h
金润吉|深渊|25.4万|https://y.qq.com/n/ryqq/songDetail/000gHvLe3qfopB
马嘉祺|打开 (Live)|227.5万|https://y.qq.com/n/ryqq/songDetail/000q67ny3XMtpG
马嘉祺|不为什么 (Live)|227.5万|https://y.qq.com/n/ryqq/songDetail/004ZIals47ey9W
马嘉祺|左边右边 (Live)|227.5万|https://y.qq.com/n/ryqq/songDetail/000cN7aT1uSXgW
马嘉祺|飘向北方 (Live)|227.5万|https://y.qq.com/n/ryqq/songDetail/004EgAdd4Ck6c0
马嘉祺|让她降落 (Live)|227.5万|https://y.qq.com/n/ryqq/songDetail/001V8ECy452bqk
马嘉祺|剩下的盛夏 (Live)|227.5万|https://y.qq.com/n/ryqq/songDetail/002V099o3CIVmm
马嘉祺|燕尾蝶 (Band Ver.|Live)|227.5万|https://y.qq.com/n/ryqq/songDetail/001Rec0L2Z6NTI
马嘉祺|作为怪物 Band Team (Live)|227.5万|https://y.qq.com/n/ryqq/songDetail/0001DU0L1lfViP
马嘉祺|血腥爱情故事 (Live)|227.5万|https://y.qq.com/n/ryqq/songDetail/0045PQ563SL0rb
马嘉祺|我爱你 (Live)|227.5万|https://y.qq.com/n/ryqq/songDetail/0046Ykk41kO3ha
A1 TRIP|放空|7.5万|https://y.qq.com/n/ryqq/songDetail/004ByH6Q4K9jz8
A1 TRIP|Butterfly|7.5万|https://y.qq.com/n/ryqq/songDetail/001wkuiS2peCQx
A1 TRIP|Truthfully|7.5万|https://y.qq.com/n/ryqq/songDetail/0022yOW71EDKkH
A1 TRIP|Promise Me|7.5万|https://y.qq.com/n/ryqq/songDetail/000SFjcT4Few3x
A1 TRIP|暗恋|7.5万|https://y.qq.com/n/ryqq/songDetail/000cDFqO0h1vam
A1 TRIP|阔绰|7.5万|https://y.qq.com/n/ryqq/songDetail/002K9IdW49JxZP
A1 TRIP|浪漫小情歌|7.5万|https://y.qq.com/n/ryqq/songDetail/004YUFhg28baRa
A1 TRIP|白鸽 (Remix |说唱版)|7.5万|https://y.qq.com/n/ryqq/songDetail/0001uyjG3ioBQh
A1 TRIP|心动来电|7.5万|https://y.qq.com/n/ryqq/songDetail/004Rbdxo0qA3Pu
A1 TRIP|96%|7.5万|https://y.qq.com/n/ryqq/songDetail/00153nJl2q3dIy
凤凰传奇|奢香夫人|558.1万|https://y.qq.com/n/ryqq/songDetail/003XMyG91NpwQ1
凤凰传奇|全是爱|558.1万|https://y.qq.com/n/ryqq/songDetail/003vMyw03XyybQ
凤凰传奇|自由飞翔|558.1万|https://y.qq.com/n/ryqq/songDetail/002Ba1Td137VC7
凤凰传奇|郎的诱惑|558.1万|https://y.qq.com/n/ryqq/songDetail/003RcyNl3PXViA
凤凰传奇|荷塘月色|558.1万|https://y.qq.com/n/ryqq/songDetail/004Zeemn1ScQMX
凤凰传奇|我从草原来|558.1万|https://y.qq.com/n/ryqq/songDetail/002mbqv20UPkNT
凤凰传奇|最炫民族风|558.1万|https://y.qq.com/n/ryqq/songDetail/003ziBRN4WIQuj
凤凰传奇|自由自在|558.1万|https://y.qq.com/n/ryqq/songDetail/0026qTt51NFLSc
凤凰传奇|月亮之上|558.1万|https://y.qq.com/n/ryqq/songDetail/004IIvBM1S55sG
凤凰传奇|等爱的玫瑰|558.1万|https://y.qq.com/n/ryqq/songDetail/001cRzg92kUdjH
房东的猫|云烟成雨|175.7万|https://y.qq.com/n/ryqq/songDetail/001yYM0I30CzdP
房东的猫|New Boy|175.7万|https://y.qq.com/n/ryqq/songDetail/003UTVCN0QvffG
房东的猫|我可以|175.7万|https://y.qq.com/n/ryqq/songDetail/0039o8U140hL15
房东的猫|路过人间 (Live)|175.7万|https://y.qq.com/n/ryqq/songDetail/000VatkM3j1Aug
房东的猫|一个像夏天一个像秋天|175.7万|https://y.qq.com/n/ryqq/songDetail/004DEWdO1vO6lu
房东的猫|第一次 (Live)|175.7万|https://y.qq.com/n/ryqq/songDetail/001lCror45a3rk
房东的猫|凤凰花开的路口 (Live)|175.7万|https://y.qq.com/n/ryqq/songDetail/002idA8S3F1ypd
房东的猫|请你一定要记得我好吗|175.7万|https://y.qq.com/n/ryqq/songDetail/003d89or0AFsOx
房东的猫|和宇宙的温柔关联|175.7万|https://y.qq.com/n/ryqq/songDetail/003GLRoM05ooIW
房东的猫|下一站，茶山刘|175.7万|https://y.qq.com/n/ryqq/songDetail/000gYjUp2aHqed
小乐哥（王唯乐）|执迷不悟|41.0万|https://y.qq.com/n/ryqq/songDetail/001z4tFZ2VvIoX
小乐哥（王唯乐）|执迷不悟 (DJ版)|41.0万|https://y.qq.com/n/ryqq/songDetail/0038Y2Sl0RUSWi
小乐哥（王唯乐）|不甘 (Live)|41.0万|https://y.qq.com/n/ryqq/songDetail/000An6OI4ScInL
小乐哥（王唯乐）|慢慢|41.0万|https://y.qq.com/n/ryqq/songDetail/0009Lygz4WyW0o
小乐哥（王唯乐）|不甘|41.0万|https://y.qq.com/n/ryqq/songDetail/001jeRAY4CR72J
小乐哥（王唯乐）|浪漫至死不渝|41.0万|https://y.qq.com/n/ryqq/songDetail/004MEzHQ1OQOxs
小乐哥（王唯乐）|高攀|41.0万|https://y.qq.com/n/ryqq/songDetail/003S2CDu2GGOCu
小乐哥（王唯乐）|慢慢 (DJ名龙版)|41.0万|https://y.qq.com/n/ryqq/songDetail/002PElcZ2Zkl4i
小乐哥（王唯乐）|对你说|41.0万|https://y.qq.com/n/ryqq/songDetail/00164O3C3evd4p
小乐哥（王唯乐）|兰亭序 (片段) (片段)|41.0万|https://y.qq.com/n/ryqq/songDetail/004fDfMm1Y4Gtd
朴树|平凡之路|223.8万|https://y.qq.com/n/ryqq/songDetail/000T1Ws32MWrUj
朴树|NEW BOY|223.8万|https://y.qq.com/n/ryqq/songDetail/002ic6jw1iwaBn
朴树|送别|223.8万|https://y.qq.com/n/ryqq/songDetail/002uBSiC1hbInQ
朴树|那些花儿|223.8万|https://y.qq.com/n/ryqq/songDetail/000xdFEH0GpGV5
朴树|生如夏花|223.8万|https://y.qq.com/n/ryqq/songDetail/001NrtIJ0ylNai
朴树|白桦林|223.8万|https://y.qq.com/n/ryqq/songDetail/003zmGbg4Tz0UL
朴树|平凡之路 (Live)|223.8万|https://y.qq.com/n/ryqq/songDetail/001RIuye3daguU
朴树|清白之年|223.8万|https://y.qq.com/n/ryqq/songDetail/003mKWLh2nEpxt
朴树|No Fear In My Heart|223.8万|https://y.qq.com/n/ryqq/songDetail/003QDnpH0jfFOP
朴树|且听风吟|223.8万|https://y.qq.com/n/ryqq/songDetail/002O2x082sJT34
蔡徐坤|Hug me (抱我)|465.7万|https://y.qq.com/n/ryqq/songDetail/000q6NJL2mySiB
蔡徐坤|情人|465.7万|https://y.qq.com/n/ryqq/songDetail/000aWBBQ2fMyBJ
蔡徐坤|Wait Wait Wait|465.7万|https://y.qq.com/n/ryqq/songDetail/002kRCBE4dfcU2
蔡徐坤|迷|465.7万|https://y.qq.com/n/ryqq/songDetail/0048ioeg3F6148
蔡徐坤|欲|465.7万|https://y.qq.com/n/ryqq/songDetail/003hjq7P16om23
蔡徐坤|没有意外|465.7万|https://y.qq.com/n/ryqq/songDetail/003Fe8vW2OUnje
蔡徐坤|Home|465.7万|https://y.qq.com/n/ryqq/songDetail/000dmDNI4StGwk
蔡徐坤|You Can Be My GirlFriend|465.7万|https://y.qq.com/n/ryqq/songDetail/000syT4u2bWoWa
蔡徐坤|感受她|465.7万|https://y.qq.com/n/ryqq/songDetail/001pMei1320gi0
蔡徐坤|Pull Up|465.7万|https://y.qq.com/n/ryqq/songDetail/004VMZFB1Sgnoz
郁可唯|路过人间 (演唱会Live限定版)|137.2万|https://y.qq.com/n/ryqq/songDetail/002ic85X3x4zum
郁可唯|路过人间|137.2万|https://y.qq.com/n/ryqq/songDetail/0042jyJt0aQ0Gd
郁可唯|知否知否|137.2万|https://y.qq.com/n/ryqq/songDetail/002krvKI4Jgvq9
郁可唯|水中花 (Live)|137.2万|https://y.qq.com/n/ryqq/songDetail/002TsjSY3dWAz5
郁可唯|闹哄哄|137.2万|https://y.qq.com/n/ryqq/songDetail/003QabSY1oE6d1
郁可唯|他不懂 (Live)|137.2万|https://y.qq.com/n/ryqq/songDetail/000xO0V54Elc0m
郁可唯|路过人间 (Live)|137.2万|https://y.qq.com/n/ryqq/songDetail/0012eS2E3ncmAl
郁可唯|俩俩|137.2万|https://y.qq.com/n/ryqq/songDetail/002Hcgim2s404g
郁可唯|我们的爱 (Live)|137.2万|https://y.qq.com/n/ryqq/songDetail/001rmHmJ3AKve0
郁可唯|情人咒|137.2万|https://y.qq.com/n/ryqq/songDetail/003ihBAH3W4ODI
于果|侧脸|13.9万|https://y.qq.com/n/ryqq/songDetail/003WjRGk1b3FPN
于果|侧脸 (DJ版)|13.9万|https://y.qq.com/n/ryqq/songDetail/003YYxX600yccc
于果|趁虚而入|13.9万|https://y.qq.com/n/ryqq/songDetail/000nMJRl1ZB4Ah
于果|极光|13.9万|https://y.qq.com/n/ryqq/songDetail/003Za4Mx47w7Ne
于果|你最初的|13.9万|https://y.qq.com/n/ryqq/songDetail/003wwVsJ1dETR9
于果|我以为 我可以|13.9万|https://y.qq.com/n/ryqq/songDetail/001N7kaZ3CKnSa
于果|不再见|13.9万|https://y.qq.com/n/ryqq/songDetail/001iHei6232FD5
于果|鸟儿飞|13.9万|https://y.qq.com/n/ryqq/songDetail/002Qdfj01Wg6MK
于果|Loving u u|13.9万|https://y.qq.com/n/ryqq/songDetail/002MhbUC3TsWPM
于果|侧脸 (Inst.)|13.9万|https://y.qq.com/n/ryqq/songDetail/004THG3f2msCGo
胜屿|你的眼神 (粤语版)|38.2万|https://y.qq.com/n/ryqq/songDetail/0021I27O0tlCDO
胜屿|你的眼神 (DjPad仔版)|38.2万|https://y.qq.com/n/ryqq/songDetail/001LCHn94Mtx4y
胜屿|难得有情人|38.2万|https://y.qq.com/n/ryqq/songDetail/004W0wZ916bde7
胜屿|我们说好的|38.2万|https://y.qq.com/n/ryqq/songDetail/002HP2fV2s9qWI
胜屿|不该用情|38.2万|https://y.qq.com/n/ryqq/songDetail/000uJzBz1HniBx
胜屿|根本你不懂得爱我|38.2万|https://y.qq.com/n/ryqq/songDetail/0021xLfm18mhjW
胜屿|欧若拉|38.2万|https://y.qq.com/n/ryqq/songDetail/000MPi1208eIcq
胜屿|该怎么说再见|38.2万|https://y.qq.com/n/ryqq/songDetail/000zyCct0fW0qo
胜屿|着迷|38.2万|https://y.qq.com/n/ryqq/songDetail/000rLTV93rxips
胜屿|该死的懦弱 (国语)|38.2万|https://y.qq.com/n/ryqq/songDetail/00279FUm3LIktM
刘至佳|危险派对|43.5万|https://y.qq.com/n/ryqq/songDetail/004R7qfh1ALctJ
刘至佳|时光背面的我|43.5万|https://y.qq.com/n/ryqq/songDetail/003u53bt2rZEA1
刘至佳|鲸语|43.5万|https://y.qq.com/n/ryqq/songDetail/00259mrk4Gqwe5
刘至佳|说爱你|43.5万|https://y.qq.com/n/ryqq/songDetail/0022fsjW39a0zG
刘至佳|摩登爱情 (女版)|43.5万|https://y.qq.com/n/ryqq/songDetail/001LP3Di1r8l6x
刘至佳|你的眼睛像星星 (女版)|43.5万|https://y.qq.com/n/ryqq/songDetail/000wjWP91EHfGl
刘至佳|日月星辰|43.5万|https://y.qq.com/n/ryqq/songDetail/004avcdU47eZiH
刘至佳|你的眼睛像星星 (DJ阿卓版)|43.5万|https://y.qq.com/n/ryqq/songDetail/002mzPab19tqsR
刘至佳|鲸语 (DJ楠哈哈版)|43.5万|https://y.qq.com/n/ryqq/songDetail/000ShY530bWZId
刘至佳|摩登爱情 (DJ阿卓版)|43.5万|https://y.qq.com/n/ryqq/songDetail/004Xp0q64MHxf1
鹿晗|勋章|892.8万|https://y.qq.com/n/ryqq/songDetail/001vBZtU09AoiB
鹿晗|致爱 Your Song|892.8万|https://y.qq.com/n/ryqq/songDetail/002IVyIU4093Xr
鹿晗|我们的明天|892.8万|https://y.qq.com/n/ryqq/songDetail/000aKw3L1eVeys
鹿晗|慢慢 (Slow Motion)|892.8万|https://y.qq.com/n/ryqq/songDetail/004SphgF19XKVP
鹿晗|敏感（LH x Z.TAO）|892.8万|https://y.qq.com/n/ryqq/songDetail/001DxMma1WVa62
鹿晗|让我留在你身边|892.8万|https://y.qq.com/n/ryqq/songDetail/0044Wbzg3MHfeQ
鹿晗|追梦赤子心|892.8万|https://y.qq.com/n/ryqq/songDetail/0021SIVy2hJFCT
鹿晗|诺言|892.8万|https://y.qq.com/n/ryqq/songDetail/001ISMW10iVPVF
鹿晗|心率（Like a dream）|892.8万|https://y.qq.com/n/ryqq/songDetail/004U68Js3zgKaR
鹿晗|怜城辞|892.8万|https://y.qq.com/n/ryqq/songDetail/003QvihA1dmsXR
吕口口|爱上你是一个错 (女声版)|17.0万|https://y.qq.com/n/ryqq/songDetail/003MAJLN0lngxf
吕口口|失忆|17.0万|https://y.qq.com/n/ryqq/songDetail/001cM1zF220Skx
吕口口|时间沦陷 (女声版)|17.0万|https://y.qq.com/n/ryqq/songDetail/000KCrrJ1J5ZUN
吕口口|最近 (女生版)|17.0万|https://y.qq.com/n/ryqq/songDetail/001E1QyK3lU1bs
吕口口|我配不上你|17.0万|https://y.qq.com/n/ryqq/songDetail/003m4ubx3eqA6x
吕口口|别想他|17.0万|https://y.qq.com/n/ryqq/songDetail/003Z0Rbh10bsgq
吕口口|爱我的人和我爱的人|17.0万|https://y.qq.com/n/ryqq/songDetail/000Aye8z1Q4tlx
吕口口|风度|17.0万|https://y.qq.com/n/ryqq/songDetail/003hBLrX0CnzsE
吕口口|失忆 (DJR7版)|17.0万|https://y.qq.com/n/ryqq/songDetail/0017R0Ft4JuoiR
吕口口|沉默以对|17.0万|https://y.qq.com/n/ryqq/songDetail/003cVDis4ETPOT
ycccc|满天星辰不及你|12.3万|https://y.qq.com/n/ryqq/songDetail/001NTymr2HdIZz
ycccc|漫天星辰不及你|12.3万|https://y.qq.com/n/ryqq/songDetail/001VkJD40KhZND
ycccc|潮汐|12.3万|https://y.qq.com/n/ryqq/songDetail/004fSdNZ3qhu1X
ycccc|最后一页|12.3万|https://y.qq.com/n/ryqq/songDetail/0006Bu373tVlqv
ycccc|风的轨迹|12.3万|https://y.qq.com/n/ryqq/songDetail/001icGuI1QEq1M
ycccc|满天星辰不及你 (DJR7版)|12.3万|https://y.qq.com/n/ryqq/songDetail/000GuPij3Md13U
ycccc|潮汐|12.3万|https://y.qq.com/n/ryqq/songDetail/001BSGOZ4cvrN0
ycccc|笑柄|12.3万|https://y.qq.com/n/ryqq/songDetail/002H69Ey3fZKCG
ycccc|星河皆予你|12.3万|https://y.qq.com/n/ryqq/songDetail/000bYsXh2B5OEW
ycccc|先说谎的人 (Live)|12.3万|https://y.qq.com/n/ryqq/songDetail/002Ih5sF3qAexp
王以太|危险派对|34.0万|https://y.qq.com/n/ryqq/songDetail/004R7qfh1ALctJ
王以太|别怕变老 (Live)|34.0万|https://y.qq.com/n/ryqq/songDetail/002QVJj60dV4r3
王以太|头头是道 (Live)|34.0万|https://y.qq.com/n/ryqq/songDetail/003LTH900FJowc
王以太|阿司匹林|34.0万|https://y.qq.com/n/ryqq/songDetail/00311qLb4dp3mh
王以太|目不转睛|34.0万|https://y.qq.com/n/ryqq/songDetail/001WMCQn0LpdQH
王以太|吹 right now (现在吹) (Live)|34.0万|https://y.qq.com/n/ryqq/songDetail/002IXwaQ4IAgof
王以太|一席之地 (Live)|34.0万|https://y.qq.com/n/ryqq/songDetail/003426ds2kQK4r
王以太|现实的生活 (Live)|34.0万|https://y.qq.com/n/ryqq/songDetail/003H7yV13OVmal
王以太|一席之地Cypher (Live)|34.0万|https://y.qq.com/n/ryqq/songDetail/002zwURA3Gmf3o
王以太|人来疯 (Live)|34.0万|https://y.qq.com/n/ryqq/songDetail/00082HZ40fSFYP
虞书欣|失忆|28.8万|https://y.qq.com/n/ryqq/songDetail/0043sFKN0bmbip
虞书欣|想和你|28.8万|https://y.qq.com/n/ryqq/songDetail/0021SZt03boCuT
虞书欣|好像都一样|28.8万|https://y.qq.com/n/ryqq/songDetail/002yodvB1mh6Yi
虞书欣|雨过天晴|28.8万|https://y.qq.com/n/ryqq/songDetail/002YZTRo3bA4bn
虞书欣|初礼来了|28.8万|https://y.qq.com/n/ryqq/songDetail/0001VQO24JkZgW
虞书欣|失忆 (伴奏)|28.8万|https://y.qq.com/n/ryqq/songDetail/004NT3Cc3SA8Qn
虞书欣|夏天|28.8万|https://y.qq.com/n/ryqq/songDetail/004RMIgB0WMIGL
虞书欣|Gwalla|28.8万|https://y.qq.com/n/ryqq/songDetail/001LIsBn2gzlgL
虞书欣|Promise (Live)|28.8万|https://y.qq.com/n/ryqq/songDetail/00267K7d3EXZsb
虞书欣|自从遇见你|28.8万|https://y.qq.com/n/ryqq/songDetail/002BExbe4D857F
黄龄|星河叹|60.0万|https://y.qq.com/n/ryqq/songDetail/002vFTTV2Rywwk
黄龄|叹|60.0万|https://y.qq.com/n/ryqq/songDetail/003X4iNb0Jcd4X
黄龄|惊鸿一面|60.0万|https://y.qq.com/n/ryqq/songDetail/004Q419j1mysZ2
黄龄|入画江南|60.0万|https://y.qq.com/n/ryqq/songDetail/000KYcCk1cfAfq
黄龄|痒|60.0万|https://y.qq.com/n/ryqq/songDetail/003bh3Wx3gGPn5
黄龄|来日方长|60.0万|https://y.qq.com/n/ryqq/songDetail/002jFxjp3elaqQ
黄龄|风月|60.0万|https://y.qq.com/n/ryqq/songDetail/002E6Yvr3FSS9U
黄龄|High歌|60.0万|https://y.qq.com/n/ryqq/songDetail/000weCyk0dt2V6
黄龄|我们爱过就好|60.0万|https://y.qq.com/n/ryqq/songDetail/000FuTKN3FopR9
黄龄|牵丝戏 (梦幻西游盘丝洞门派曲)|60.0万|https://y.qq.com/n/ryqq/songDetail/0014x1gf08IaQW
INTO1-米卡|输入法打可爱按第五|39.7万|https://y.qq.com/n/ryqq/songDetail/003hnykw0M16pk
INTO1-米卡|输入法打可爱按第五 (纯享版)|39.7万|https://y.qq.com/n/ryqq/songDetail/0035O76z1mlMjl
INTO1-米卡|Beautiful|39.7万|https://y.qq.com/n/ryqq/songDetail/001vLyoi4bMBOK
INTO1-米卡|输入法打可爱按第五 (Live)|39.7万|https://y.qq.com/n/ryqq/songDetail/001TtwI72nJ3qr
INTO1-米卡|trust me|39.7万|https://y.qq.com/n/ryqq/songDetail/003foXwU4GOAo4
INTO1-米卡|Take Me To Your Heart|39.7万|https://y.qq.com/n/ryqq/songDetail/000Zz3p24Etbu6
INTO1-米卡|11|39.7万|https://y.qq.com/n/ryqq/songDetail/000hPoD01qMcoN
INTO1-米卡|红豆 (Live)|39.7万|https://y.qq.com/n/ryqq/songDetail/000raLA13GYOCe
INTO1-米卡|So Sick (Live)|39.7万|https://y.qq.com/n/ryqq/songDetail/002AoAP10oldHC
INTO1-米卡|香水有毒 (Live|Remix)|39.7万|https://y.qq.com/n/ryqq/songDetail/001mYixH1UH3ug
金志文|自娱自乐|197.1万|https://y.qq.com/n/ryqq/songDetail/001DdpQA0ZzQCH
金志文|远走高飞 (独唱版)|197.1万|https://y.qq.com/n/ryqq/songDetail/0027zPYs3A9fyb
金志文|难以启齿的柔弱|197.1万|https://y.qq.com/n/ryqq/songDetail/002kROg53HRjXc
金志文|太傻 (Live)|197.1万|https://y.qq.com/n/ryqq/songDetail/000OIGu03YtdZj
金志文|肩上蝶|197.1万|https://y.qq.com/n/ryqq/songDetail/001qULbd2IPmXQ
金志文|乘风破浪 (酸菜缸版)|197.1万|https://y.qq.com/n/ryqq/songDetail/003pjDWs235LnR
金志文|远走高飞 (合唱版)|197.1万|https://y.qq.com/n/ryqq/songDetail/001MVT301EZOQr
金志文|千年|197.1万|https://y.qq.com/n/ryqq/songDetail/0010hBPF4TtDbz
金志文|夏洛特烦恼|197.1万|https://y.qq.com/n/ryqq/songDetail/0003lSMc4KXPxX
金志文|我想念|197.1万|https://y.qq.com/n/ryqq/songDetail/0048RupG0rIvz4
刘瑞琦|两三句|127.3万|https://y.qq.com/n/ryqq/songDetail/002HYG3N1Cb6Mq
刘瑞琦|房间|127.3万|https://y.qq.com/n/ryqq/songDetail/001evmuP29rXfo
刘瑞琦|晴天|127.3万|https://y.qq.com/n/ryqq/songDetail/000pgbEQ1C4Hsv
刘瑞琦|海芋恋|127.3万|https://y.qq.com/n/ryqq/songDetail/002PQX4n3lqz7P
刘瑞琦|原谅|127.3万|https://y.qq.com/n/ryqq/songDetail/000oWIzL0AhbL5
刘瑞琦|来不及|127.3万|https://y.qq.com/n/ryqq/songDetail/0031Bum640mLPV
刘瑞琦|房间 (新版)|127.3万|https://y.qq.com/n/ryqq/songDetail/001HXIzh1hfxKw
刘瑞琦|夏天|127.3万|https://y.qq.com/n/ryqq/songDetail/002MDIx71dubHx
刘瑞琦|夏天的风|127.3万|https://y.qq.com/n/ryqq/songDetail/001nZ7YK4cYAvu
刘瑞琦|触电|127.3万|https://y.qq.com/n/ryqq/songDetail/001O8SPU44wtJY
Lil Ghost小鬼|别叫我达芬奇 (Punk Version)|257.2万|https://y.qq.com/n/ryqq/songDetail/004D8S6y2DgqLW
Lil Ghost小鬼|GOOD NIGHT|257.2万|https://y.qq.com/n/ryqq/songDetail/003KW7XJ1LUF2p
Lil Ghost小鬼|Mood (Lil Ghost Remix|Explicit)|257.2万|https://y.qq.com/n/ryqq/songDetail/000DfsWV2zWb6l
Lil Ghost小鬼|偏爱|257.2万|https://y.qq.com/n/ryqq/songDetail/004Sp8cB2BOXKI
Lil Ghost小鬼|只对你有感觉 (Live)|257.2万|https://y.qq.com/n/ryqq/songDetail/002dlB0X3bapxx
Lil Ghost小鬼|别叫我达芬奇|257.2万|https://y.qq.com/n/ryqq/songDetail/002d01GE06HVkZ
Lil Ghost小鬼|Raining|257.2万|https://y.qq.com/n/ryqq/songDetail/0012k0rH40xJHo
Lil Ghost小鬼|偏爱 (Live)|257.2万|https://y.qq.com/n/ryqq/songDetail/0045Nimk2S41Qn
Lil Ghost小鬼|NO 808|257.2万|https://y.qq.com/n/ryqq/songDetail/0011YOHF4R0hSS
Lil Ghost小鬼|不良少年|257.2万|https://y.qq.com/n/ryqq/songDetail/0046JcZC0BrFXb
来一碗老于|解药 (新版)|68.6万|https://y.qq.com/n/ryqq/songDetail/0037YjOm4c23EL
来一碗老于|天地似无情|68.6万|https://y.qq.com/n/ryqq/songDetail/001CNm9V2SpP46
来一碗老于|东南西北中|68.6万|https://y.qq.com/n/ryqq/songDetail/003RgqwG1YZFFy
来一碗老于|鸳鸯债 (Live)|68.6万|https://y.qq.com/n/ryqq/songDetail/002HLFJu0fMX3G
来一碗老于|青花瓷 (Live)|68.6万|https://y.qq.com/n/ryqq/songDetail/00073sQu0bztvW
来一碗老于|春泥 (弹唱版)|68.6万|https://y.qq.com/n/ryqq/songDetail/00335c4N1fhbBx
来一碗老于|美人画卷|68.6万|https://y.qq.com/n/ryqq/songDetail/001JXy7g32mGVM
来一碗老于|解药|68.6万|https://y.qq.com/n/ryqq/songDetail/000Ez4qH3BLZmT
来一碗老于|爱上你是一个错|68.6万|https://y.qq.com/n/ryqq/songDetail/003jq8Pl0l5HY9
来一碗老于|云水谣 (新版)|68.6万|https://y.qq.com/n/ryqq/songDetail/002syzQf1ayiiD
张远|嘉宾|64.5万|https://y.qq.com/n/ryqq/songDetail/001i36ji0C8Cov
张远|活该|64.5万|https://y.qq.com/n/ryqq/songDetail/003Zg1Xx0RLxmI
张远|有生之年|64.5万|https://y.qq.com/n/ryqq/songDetail/000EcXU91iui6h
张远|有生之年 (Live)|64.5万|https://y.qq.com/n/ryqq/songDetail/003AELcs2Kybqs
张远|我最闪亮 (Live)|64.5万|https://y.qq.com/n/ryqq/songDetail/004US9I61VMrUo
张远|南方秋野，北方春茶|64.5万|https://y.qq.com/n/ryqq/songDetail/004ZcV350s2BIR
张远|哼|64.5万|https://y.qq.com/n/ryqq/songDetail/003ljbom0ZtjHB
张远|仰望星云|64.5万|https://y.qq.com/n/ryqq/songDetail/003amLW73cm7ZO
张远|少年 (Live)|64.5万|https://y.qq.com/n/ryqq/songDetail/002bikQO2gVek8
张远|有个爱你的人不容易|64.5万|https://y.qq.com/n/ryqq/songDetail/0016SVL128UhIj
张家旺|爱我的人和我爱的人 (对唱版)|8.7万|https://y.qq.com/n/ryqq/songDetail/002G5YbT0T1eh5
张家旺|给不了你未来|8.7万|https://y.qq.com/n/ryqq/songDetail/004UkISI4VesRR
张家旺|最后的人|8.7万|https://y.qq.com/n/ryqq/songDetail/000n8fHV04jkl0
张家旺|不负相思|8.7万|https://y.qq.com/n/ryqq/songDetail/002C1dR4040pWc
张家旺|迟来的情话|8.7万|https://y.qq.com/n/ryqq/songDetail/003ZbWC54Hyyxl
张家旺|当爱在靠近 (合唱版)|8.7万|https://y.qq.com/n/ryqq/songDetail/004Vslx12eRnl8
张家旺|我可以 (合唱版)|8.7万|https://y.qq.com/n/ryqq/songDetail/001fNhJX0TNHyk
张家旺|金玉良缘 (合唱版)|8.7万|https://y.qq.com/n/ryqq/songDetail/000yVIAq1yQgyS
张家旺|爱上你是一个错 (对唱版)|8.7万|https://y.qq.com/n/ryqq/songDetail/003x79rG0lPC9d
张家旺|孤独颂歌|8.7万|https://y.qq.com/n/ryqq/songDetail/003ynKAE1vL6fy
Bomb比尔|1022-比尔的歌|86.0万|https://y.qq.com/n/ryqq/songDetail/004ID2L33PYnie
Bomb比尔|0222心动-比尔的歌|86.0万|https://y.qq.com/n/ryqq/songDetail/00361LmN13AYri
Bomb比尔|N8PM-比尔的歌|86.0万|https://y.qq.com/n/ryqq/songDetail/002rq2Jt1Qvsce
Bomb比尔|1104梦-比尔的歌|86.0万|https://y.qq.com/n/ryqq/songDetail/0007Iqak0gD3Wd
Bomb比尔|0807|86.0万|https://y.qq.com/n/ryqq/songDetail/000ktT3L06h8ne
Bomb比尔|蓝蓝的夜-比尔的歌|86.0万|https://y.qq.com/n/ryqq/songDetail/002Jrdwo4EW0Qg
Bomb比尔|0712奇怪-比尔的歌|86.0万|https://y.qq.com/n/ryqq/songDetail/00202vfY3W6PO8
Bomb比尔|夏色17号-比尔的歌|86.0万|https://y.qq.com/n/ryqq/songDetail/004AwIzU4S5RWX
Bomb比尔|要怎么再见你呢-比尔的歌|86.0万|https://y.qq.com/n/ryqq/songDetail/001EHvL81RLyRi
Bomb比尔|1201牵手-比尔的歌|86.0万|https://y.qq.com/n/ryqq/songDetail/003gRhrK2YV4xk
徐良|坏女孩|589.4万|https://y.qq.com/n/ryqq/songDetail/0001oIjs0YFIf7
徐良|后会无期|589.4万|https://y.qq.com/n/ryqq/songDetail/004gZy7l1GYJ1Q
徐良|客官不可以|589.4万|https://y.qq.com/n/ryqq/songDetail/004WtRjE21f2dN
徐良|坏女孩 (Remix)|589.4万|https://y.qq.com/n/ryqq/songDetail/0008zrc52QDOG0
徐良|七秒钟的记忆|589.4万|https://y.qq.com/n/ryqq/songDetail/003o0Acd4PWz2j
徐良|犯贱|589.4万|https://y.qq.com/n/ryqq/songDetail/001QOU9Y4T1cmZ
徐良|红装|589.4万|https://y.qq.com/n/ryqq/songDetail/000fHxUW1i2uG8
徐良|那时雨|589.4万|https://y.qq.com/n/ryqq/songDetail/0013aGOv4ZNeXI
徐良|情话|589.4万|https://y.qq.com/n/ryqq/songDetail/004Vp4x21F5jX3
徐良|和平分手|589.4万|https://y.qq.com/n/ryqq/songDetail/00308aAJ45za7I
黄霄雲|星辰大海|84.3万|https://y.qq.com/n/ryqq/songDetail/002LNOds0rYvpK
黄霄雲|蝴蝶夫人|84.3万|https://y.qq.com/n/ryqq/songDetail/002Vnphp0q9EPu
黄霄雲|带我去很远地方|84.3万|https://y.qq.com/n/ryqq/songDetail/003B5XyG05zbQ5
黄霄雲|幻想|84.3万|https://y.qq.com/n/ryqq/songDetail/003mtpTf0Yj6Bi
黄霄雲|平行线 (Wish You Were Here)|84.3万|https://y.qq.com/n/ryqq/songDetail/004VQ5jq3KCth4
黄霄雲|Lydia|84.3万|https://y.qq.com/n/ryqq/songDetail/001W3CnY1XVhlP
黄霄雲|Sad Sometimes|84.3万|https://y.qq.com/n/ryqq/songDetail/004btiGP3lBOt9
黄霄雲|《星辰大海》建党百年主题音乐|84.3万|https://y.qq.com/n/ryqq/songDetail/0039g7yk0Yemhd
黄霄雲|Wish You Were Here|84.3万|https://y.qq.com/n/ryqq/songDetail/00216HFs2JHZua
黄霄雲|左手指月 (Live)|84.3万|https://y.qq.com/n/ryqq/songDetail/003eD4ak3oCYxz
毛不易|牧马城市|686.7万|https://y.qq.com/n/ryqq/songDetail/000uhMwj387EBp
毛不易|呓语 (Live)|686.7万|https://y.qq.com/n/ryqq/songDetail/002EKRp30g50rs
毛不易|看得最远的地方|686.7万|https://y.qq.com/n/ryqq/songDetail/003jPrhs2i3glx
毛不易|消愁 (Live)|686.7万|https://y.qq.com/n/ryqq/songDetail/003kLvu04bLGzi
毛不易|像我这样的人 (Live)|686.7万|https://y.qq.com/n/ryqq/songDetail/00375L600p9sxv
毛不易|无名的人|686.7万|https://y.qq.com/n/ryqq/songDetail/002QhULf16tWw1
毛不易|梅香如故|686.7万|https://y.qq.com/n/ryqq/songDetail/003olD751EQ2Ul
毛不易|不染|686.7万|https://y.qq.com/n/ryqq/songDetail/001xlfsG2eVHUf
毛不易|借 (Live)|686.7万|https://y.qq.com/n/ryqq/songDetail/002WLDmw0vkHtC
毛不易|平凡的一天 (Live)|686.7万|https://y.qq.com/n/ryqq/songDetail/004RHKh10BqQef
任然|飞鸟和蝉|307.6万|https://y.qq.com/n/ryqq/songDetail/004Fimy419PpsA
任然|无人之岛|307.6万|https://y.qq.com/n/ryqq/songDetail/001fTFGe0LqzdT
任然|后继者|307.6万|https://y.qq.com/n/ryqq/songDetail/003qKlqV1PVMB8
任然|疑心病|307.6万|https://y.qq.com/n/ryqq/songDetail/003HSdVY3Z3GST
任然|落海|307.6万|https://y.qq.com/n/ryqq/songDetail/002otIR30L2LZO
任然|空空如也|307.6万|https://y.qq.com/n/ryqq/songDetail/001OFCtb1K2hBU
任然|凉城|307.6万|https://y.qq.com/n/ryqq/songDetail/002SKEeh1VzObP
任然|雀跃|307.6万|https://y.qq.com/n/ryqq/songDetail/002xADAG0ndpws
任然|那年 (初版)|307.6万|https://y.qq.com/n/ryqq/songDetail/001rAXBw0bztc5
任然|山外小楼夜听雨|307.6万|https://y.qq.com/n/ryqq/songDetail/001hoRPW23jSPU
程响|人间烟火|172.8万|https://y.qq.com/n/ryqq/songDetail/000aSwfH08R6Mn
程响|世界这么大还是遇见你|172.8万|https://y.qq.com/n/ryqq/songDetail/001xLIXo2w9V7U
程响|四季予你|172.8万|https://y.qq.com/n/ryqq/songDetail/004bd0Av3rVEE3
程响|时光洪流|172.8万|https://y.qq.com/n/ryqq/songDetail/001YVo3U4H3LLH
程响|等你归来|172.8万|https://y.qq.com/n/ryqq/songDetail/000lkMEi2bOZ0v
程响|不再联系|172.8万|https://y.qq.com/n/ryqq/songDetail/000p3XN73Y5vV6
程响|可能|172.8万|https://y.qq.com/n/ryqq/songDetail/002i54Mn1oJnjw
程响|美丽女人|172.8万|https://y.qq.com/n/ryqq/songDetail/004RcYiL0r66cI
程响|一花一世界|172.8万|https://y.qq.com/n/ryqq/songDetail/001fVNDM2o0EwH
程响|在他乡|172.8万|https://y.qq.com/n/ryqq/songDetail/0036yLMk1xA9Hh
蓝心羽|阿拉斯加海湾|218.2万|https://y.qq.com/n/ryqq/songDetail/002FHVgG4btehE
蓝心羽|小宇|218.2万|https://y.qq.com/n/ryqq/songDetail/003xnepc40S6oM
蓝心羽|星空剪影|218.2万|https://y.qq.com/n/ryqq/songDetail/000wdhv04LMOJv
蓝心羽|星辰不坠落|218.2万|https://y.qq.com/n/ryqq/songDetail/001kIvoK3siMwF
蓝心羽|寂寞烟火|218.2万|https://y.qq.com/n/ryqq/songDetail/0004zcfr0neC9O
蓝心羽|记忆停留|218.2万|https://y.qq.com/n/ryqq/songDetail/002WcwVL2ypOuf
蓝心羽|倒影|218.2万|https://y.qq.com/n/ryqq/songDetail/000UlP8N2Vzgji
蓝心羽|突然一场雨|218.2万|https://y.qq.com/n/ryqq/songDetail/003SuciA3Km7mm
蓝心羽|舒伯特玫瑰|218.2万|https://y.qq.com/n/ryqq/songDetail/002RTCoE3XesiI
蓝心羽|陪你走过一年四季|218.2万|https://y.qq.com/n/ryqq/songDetail/002nEk2E2vyNV7
王菲|如愿|396.9万|https://y.qq.com/n/ryqq/songDetail/001ufyHx10iWpg
王菲|匆匆那年|396.9万|https://y.qq.com/n/ryqq/songDetail/003KExF60zMMGK
王菲|红豆|396.9万|https://y.qq.com/n/ryqq/songDetail/0011nEwm2XPayS
王菲|因为爱情|396.9万|https://y.qq.com/n/ryqq/songDetail/000JVeRF2NHMKT
王菲|容易受伤的女人|396.9万|https://y.qq.com/n/ryqq/songDetail/004ZTgPR3p7ftT
王菲|传奇|396.9万|https://y.qq.com/n/ryqq/songDetail/002twZxX087cPx
王菲|人间|396.9万|https://y.qq.com/n/ryqq/songDetail/001NH5UK0mk4eq
王菲|百年孤寂|396.9万|https://y.qq.com/n/ryqq/songDetail/002wGjPc1oHGpt
王菲|暧昧|396.9万|https://y.qq.com/n/ryqq/songDetail/004JLAKK2ab5ys
王菲|但愿人长久|396.9万|https://y.qq.com/n/ryqq/songDetail/002Hn2QM1xcdc6
汪苏泷|有点甜|991.7万|https://y.qq.com/n/ryqq/songDetail/001bdYk41BCfRi
汪苏泷|不分手的恋爱|991.7万|https://y.qq.com/n/ryqq/songDetail/0048hyit0fCNad
汪苏泷|后会无期|991.7万|https://y.qq.com/n/ryqq/songDetail/004gZy7l1GYJ1Q
汪苏泷|一笑倾城|991.7万|https://y.qq.com/n/ryqq/songDetail/002xMLIa1JcZk0
汪苏泷|眼泪落下之前|991.7万|https://y.qq.com/n/ryqq/songDetail/00141lYl4eciAr
汪苏泷|万有引力|991.7万|https://y.qq.com/n/ryqq/songDetail/003ZiKJt39Lfti
汪苏泷|小星星|991.7万|https://y.qq.com/n/ryqq/songDetail/001GVVE31hddH7
汪苏泷|剑魂|991.7万|https://y.qq.com/n/ryqq/songDetail/0042EqWL0IE8hN
汪苏泷|耿|991.7万|https://y.qq.com/n/ryqq/songDetail/001cG7uR1Igu37
汪苏泷|忽而今夏|991.7万|https://y.qq.com/n/ryqq/songDetail/0035rPQr2p62CG
李宇春|下个，路口，见|265.7万|https://y.qq.com/n/ryqq/songDetail/001DIsVq3sSjGV
李宇春|和你一样|265.7万|https://y.qq.com/n/ryqq/songDetail/003PHZx04KX9Rf
李宇春|北京欢迎你|265.7万|https://y.qq.com/n/ryqq/songDetail/000kVJBO1hJO8D
李宇春|无价之姐|265.7万|https://y.qq.com/n/ryqq/songDetail/004EXOM01fsOm8
李宇春|1987我不知会遇见你|265.7万|https://y.qq.com/n/ryqq/songDetail/00467LeA1TSU69
李宇春|软肋|265.7万|https://y.qq.com/n/ryqq/songDetail/002JrTbh2sPtNF
李宇春|银河中的星星|265.7万|https://y.qq.com/n/ryqq/songDetail/001EnoY00B2zcD
李宇春|珍惜|265.7万|https://y.qq.com/n/ryqq/songDetail/003Qf9cv3etZ1t
李宇春|蜀绣 (Live)|265.7万|https://y.qq.com/n/ryqq/songDetail/001TmXYt4B8W4d
李宇春|岁岁平安|265.7万|https://y.qq.com/n/ryqq/songDetail/002aAZC611vK7v
en|嚣张|151.7万|https://y.qq.com/n/ryqq/songDetail/001Hp44V3pCQ53
en|间距|151.7万|https://y.qq.com/n/ryqq/songDetail/004f2uTR2CRh1h
en|曲终人亦散|151.7万|https://y.qq.com/n/ryqq/songDetail/001jctr241BiOo
en|生分 (男版)|151.7万|https://y.qq.com/n/ryqq/songDetail/002dcPz61Y3KXn
en|暗示分离|151.7万|https://y.qq.com/n/ryqq/songDetail/0028PYV62F9p03
en|云水谣|151.7万|https://y.qq.com/n/ryqq/songDetail/003Q5Nf549PMWk
en|逾矩|151.7万|https://y.qq.com/n/ryqq/songDetail/0018VQde4Espcj
en|奉劝|151.7万|https://y.qq.com/n/ryqq/songDetail/003Zlmmb2yOosx
en|等雨停|151.7万|https://y.qq.com/n/ryqq/songDetail/0001As0t39OXLW
en|代名词|151.7万|https://y.qq.com/n/ryqq/songDetail/003msMjU1CoyQE
等什么君(邓寓君)|踏雪|345.5万|https://y.qq.com/n/ryqq/songDetail/003ylF5g4RhTSJ
等什么君(邓寓君)|辞九门回忆|345.5万|https://y.qq.com/n/ryqq/songDetail/003izpqf19Dwps
等什么君(邓寓君)|关山酒|345.5万|https://y.qq.com/n/ryqq/songDetail/002PSWuG0vbdfs
等什么君(邓寓君)|春庭雪|345.5万|https://y.qq.com/n/ryqq/songDetail/0036hiOc1PzcKd
等什么君(邓寓君)|天下|345.5万|https://y.qq.com/n/ryqq/songDetail/0037JdW10Oozhp
等什么君(邓寓君)|一花一剑|345.5万|https://y.qq.com/n/ryqq/songDetail/004XGSHX40gL2Q
等什么君(邓寓君)|慕夏|345.5万|https://y.qq.com/n/ryqq/songDetail/003EMmCL0Zf6I5
等什么君(邓寓君)|赤伶|345.5万|https://y.qq.com/n/ryqq/songDetail/002Z1Ber4PnDJS
等什么君(邓寓君)|叹郁孤|345.5万|https://y.qq.com/n/ryqq/songDetail/003ZuHnS2AzGpj
等什么君(邓寓君)|难渡|345.5万|https://y.qq.com/n/ryqq/songDetail/000eK0In1LVeYJ
七叔（叶泽浩）|踏山河|254.5万|https://y.qq.com/n/ryqq/songDetail/001DEjRI0ihriN
七叔（叶泽浩）|半生雪|254.5万|https://y.qq.com/n/ryqq/songDetail/0006wgUu1hHP0N
七叔（叶泽浩）|燕无歇|254.5万|https://y.qq.com/n/ryqq/songDetail/003qYzO34BNVmt
七叔（叶泽浩）|踏山河 (DJ Yaha版)|254.5万|https://y.qq.com/n/ryqq/songDetail/001qEYyS28fYRT
七叔（叶泽浩）|燕无歇 (DJ黑桃A版 feat.是七叔呢)|254.5万|https://y.qq.com/n/ryqq/songDetail/0043LktP370DLP
七叔（叶泽浩）|金玉良缘|254.5万|https://y.qq.com/n/ryqq/songDetail/003Gdxm21rvAET
七叔（叶泽浩）|客子光阴|254.5万|https://y.qq.com/n/ryqq/songDetail/002C2pm93c3HdL
七叔（叶泽浩）|莫问归期|254.5万|https://y.qq.com/n/ryqq/songDetail/0019R76z1e6XRQ
七叔（叶泽浩）|诛神诀|254.5万|https://y.qq.com/n/ryqq/songDetail/001T8VqK1V6UAr
七叔（叶泽浩）|诛神诀 (DJ R7版)|254.5万|https://y.qq.com/n/ryqq/songDetail/001fB0ax04jT3U
郭顶|水星记|99.2万|https://y.qq.com/n/ryqq/songDetail/00485V8K4InqbZ
郭顶|我们俩|99.2万|https://y.qq.com/n/ryqq/songDetail/003MASv802hpJ7
郭顶|保留|99.2万|https://y.qq.com/n/ryqq/songDetail/003kC9Vx0LrGdd
郭顶|凄美地|99.2万|https://y.qq.com/n/ryqq/songDetail/00057jkW1DsOrQ
郭顶|想着你|99.2万|https://y.qq.com/n/ryqq/songDetail/00331ISN37M4v7
郭顶|情歌两三首|99.2万|https://y.qq.com/n/ryqq/songDetail/001r6qND1nodZO
郭顶|每个眼神都只身荒野|99.2万|https://y.qq.com/n/ryqq/songDetail/000EAF9r3nGEdX
郭顶|在云端|99.2万|https://y.qq.com/n/ryqq/songDetail/003YmEOh1Q1HI2
郭顶|落地之前|99.2万|https://y.qq.com/n/ryqq/songDetail/004MCjjl3WE3Nf
郭顶|把你的外套留在深巷|99.2万|https://y.qq.com/n/ryqq/songDetail/001mswMq2DEfhy
张碧晨|光的方向|403.4万|https://y.qq.com/n/ryqq/songDetail/0038ujdO1c3KdA
张碧晨|只要平凡|403.4万|https://y.qq.com/n/ryqq/songDetail/003HHPxJ4638xA
张碧晨|开往早晨的午夜|403.4万|https://y.qq.com/n/ryqq/songDetail/002I7Aoh32pQPK
张碧晨|不要忘记我爱你|403.4万|https://y.qq.com/n/ryqq/songDetail/000WBOXF0UMPjy
张碧晨|年轮|403.4万|https://y.qq.com/n/ryqq/songDetail/001q62Bb1xCTx7
张碧晨|凉凉|403.4万|https://y.qq.com/n/ryqq/songDetail/001Nl0W80sBSwJ
张碧晨|陪你度过漫长岁月 (Live)|403.4万|https://y.qq.com/n/ryqq/songDetail/00109jZt3SElsF
张碧晨|雨天 (Live)|403.4万|https://y.qq.com/n/ryqq/songDetail/001PaLUn4UmxuA
张碧晨|迷途的孤鸟 (Live)|403.4万|https://y.qq.com/n/ryqq/songDetail/000BSCVq2weApH
张碧晨|如故|403.4万|https://y.qq.com/n/ryqq/songDetail/000RscgG2i34pY
时代少年团|哪吒|505.3万|https://y.qq.com/n/ryqq/songDetail/0039rJNt2rNDz2
时代少年团|绝配|505.3万|https://y.qq.com/n/ryqq/songDetail/000EApX10oJiqD
时代少年团|我喜欢你|505.3万|https://y.qq.com/n/ryqq/songDetail/004IaxkY3LZOkx
时代少年团|男儿歌|505.3万|https://y.qq.com/n/ryqq/songDetail/004L20rs05bJrV
时代少年团|渐暖|505.3万|https://y.qq.com/n/ryqq/songDetail/002wit7s1Tvdlg
时代少年团|侠|505.3万|https://y.qq.com/n/ryqq/songDetail/002KnGOC0AtypK
时代少年团|哭泣的游戏|505.3万|https://y.qq.com/n/ryqq/songDetail/003vnQ460ZvN1e
时代少年团|我终于失去了你 (Live)|505.3万|https://y.qq.com/n/ryqq/songDetail/0008G8pP4M8sko
时代少年团|醉|505.3万|https://y.qq.com/n/ryqq/songDetail/000egT6Y408IZO
时代少年团|100道光芒|505.3万|https://y.qq.com/n/ryqq/songDetail/004UA9sX3u1k0s
小阿七|从前说|65.1万|https://y.qq.com/n/ryqq/songDetail/003yLGL81rAVzJ
小阿七|长大成人|65.1万|https://y.qq.com/n/ryqq/songDetail/002pRLhL4fKwYa
小阿七|那女孩对我说|65.1万|https://y.qq.com/n/ryqq/songDetail/001QyD3L2tgPFS
小阿七|不谓侠|65.1万|https://y.qq.com/n/ryqq/songDetail/002UeFOY2trM6k
小阿七|酒家|65.1万|https://y.qq.com/n/ryqq/songDetail/004Sfqkc1VPbbu
小阿七|五十年以后|65.1万|https://y.qq.com/n/ryqq/songDetail/0030drfw1cb2gt
小阿七|曾经的我们|65.1万|https://y.qq.com/n/ryqq/songDetail/0038O3oO1X7mrm
小阿七|我想要|65.1万|https://y.qq.com/n/ryqq/songDetail/000jyTmI0YFH8O
小阿七|一生有你 (女生版)|65.1万|https://y.qq.com/n/ryqq/songDetail/003S96zL2Qi5KY
小阿七|笑红尘 (女版)|65.1万|https://y.qq.com/n/ryqq/songDetail/000bAGme3mKKHH
梦然|是你|148.7万|https://y.qq.com/n/ryqq/songDetail/000GVhGu078nKq
梦然|少年|148.7万|https://y.qq.com/n/ryqq/songDetail/000S7TGL43hhBO
梦然|没有你陪伴真的好孤单|148.7万|https://y.qq.com/n/ryqq/songDetail/003zJGba3VVI0M
梦然|爱到尽头也无悔|148.7万|https://y.qq.com/n/ryqq/songDetail/001HQBxH1KDNo5
梦然|野花|148.7万|https://y.qq.com/n/ryqq/songDetail/004XxXiX4Syq67
梦然|少年·战疫版|148.7万|https://y.qq.com/n/ryqq/songDetail/002TIoGq48RbSo
梦然|光|148.7万|https://y.qq.com/n/ryqq/songDetail/003nNRDZ2eSlm9
梦然|阿伯说|148.7万|https://y.qq.com/n/ryqq/songDetail/003255fg3EdV7m
梦然|阿尔山|148.7万|https://y.qq.com/n/ryqq/songDetail/001T0IWS1Xtl8G
梦然|当我遇见我|148.7万|https://y.qq.com/n/ryqq/songDetail/004KnBp81wXMis
戴羽彤|来迟|66.4万|https://y.qq.com/n/ryqq/songDetail/000qIeQR2e5HTp
戴羽彤|漠河舞厅|66.4万|https://y.qq.com/n/ryqq/songDetail/001h4Gdc1gdvPT
戴羽彤|我们俩|66.4万|https://y.qq.com/n/ryqq/songDetail/002UQGTf0tstIt
戴羽彤|来迟 (DJ名龙版)|66.4万|https://y.qq.com/n/ryqq/songDetail/002d96t33eyiKL
戴羽彤|红色高跟鞋|66.4万|https://y.qq.com/n/ryqq/songDetail/000bXwSp4VFvbL
戴羽彤|爱要怎么说出口 (女版)|66.4万|https://y.qq.com/n/ryqq/songDetail/000XBtib35s4Hf
戴羽彤|开始懂了 (女版)|66.4万|https://y.qq.com/n/ryqq/songDetail/000pdgDl4dRtLl
戴羽彤|孤独颂歌|66.4万|https://y.qq.com/n/ryqq/songDetail/0038BYlZ1cwshU
戴羽彤|那个女孩|66.4万|https://y.qq.com/n/ryqq/songDetail/001mALBb3WnSo4
戴羽彤|醒不来的梦 (抒情版)|66.4万|https://y.qq.com/n/ryqq/songDetail/001ZFQ9P4OJiyn
程佳佳|山楂树の恋|80.7万|https://y.qq.com/n/ryqq/songDetail/0021uyhB2um654
程佳佳|好想抱住你|80.7万|https://y.qq.com/n/ryqq/songDetail/001UQGSM3ViFDV
程佳佳|好想抱住你 (DJR7版)|80.7万|https://y.qq.com/n/ryqq/songDetail/003H089F3H0737
程佳佳|别错过|80.7万|https://y.qq.com/n/ryqq/songDetail/001swRzF23bfVj
程佳佳|别错过 (DJ阿卓版)|80.7万|https://y.qq.com/n/ryqq/songDetail/003wqjv70L6e9r
程佳佳|亲爱的下雨了|80.7万|https://y.qq.com/n/ryqq/songDetail/000l2Ili1vHcTR
程佳佳|外婆说|80.7万|https://y.qq.com/n/ryqq/songDetail/003k4Brd06l3pY
程佳佳|我爱你|80.7万|https://y.qq.com/n/ryqq/songDetail/0013uCFc0CZ4NY
程佳佳|还是会长大|80.7万|https://y.qq.com/n/ryqq/songDetail/0049WssU3u6012
程佳佳|山楂树の恋|80.7万|https://y.qq.com/n/ryqq/songDetail/0025IDqM2Doz3m
王忻辰|落日与晚风|69.6万|https://y.qq.com/n/ryqq/songDetail/000ORNy208FEAN
王忻辰|清空|69.6万|https://y.qq.com/n/ryqq/songDetail/004LZwE13k5hzj
王忻辰|去年花开|69.6万|https://y.qq.com/n/ryqq/songDetail/000xH0YD3IEW7R
王忻辰|迷失幻境|69.6万|https://y.qq.com/n/ryqq/songDetail/002Vo1xP3z9BVS
王忻辰|落差|69.6万|https://y.qq.com/n/ryqq/songDetail/000CPsaO448jvN
王忻辰|迷失幻境 (DJ版)|69.6万|https://y.qq.com/n/ryqq/songDetail/001WYJBM3FRyIc
王忻辰|落差 (DJ版)|69.6万|https://y.qq.com/n/ryqq/songDetail/003Md9lh2ltpID
王忻辰|放晴|69.6万|https://y.qq.com/n/ryqq/songDetail/004TZjMy2zXMag
王忻辰|时间沦陷|69.6万|https://y.qq.com/n/ryqq/songDetail/004K79Ee1U5TDx
王忻辰|落差|69.6万|https://y.qq.com/n/ryqq/songDetail/0021f53b0X7G7g
不是花火呀|陨落|162.7万|https://y.qq.com/n/ryqq/songDetail/001IN2SJ1U0FX9
不是花火呀|TA|162.7万|https://y.qq.com/n/ryqq/songDetail/004I2Jzb0T7qRf
不是花火呀|Ring Ring Ring|162.7万|https://y.qq.com/n/ryqq/songDetail/002e7RHm3JOg2g
不是花火呀|微风悄悄|162.7万|https://y.qq.com/n/ryqq/songDetail/001xspvU4YB7BR
不是花火呀|年轮|162.7万|https://y.qq.com/n/ryqq/songDetail/000jn5Vd2JEZ9P
不是花火呀|如一|162.7万|https://y.qq.com/n/ryqq/songDetail/003ZrclJ0267RC
不是花火呀|分你一半|162.7万|https://y.qq.com/n/ryqq/songDetail/001ZZy1s4SjM3j
不是花火呀|反方向的钟|162.7万|https://y.qq.com/n/ryqq/songDetail/003T4RLa092ciZ
不是花火呀|想自由|162.7万|https://y.qq.com/n/ryqq/songDetail/001NaaA72KLqfZ
不是花火呀|等风吹|162.7万|https://y.qq.com/n/ryqq/songDetail/000kCb684b4CBm
阿YueYue|云与海|69.7万|https://y.qq.com/n/ryqq/songDetail/004IFjwP42XBGI
阿YueYue|沈园外|69.7万|https://y.qq.com/n/ryqq/songDetail/00333VYG3eXFtv
阿YueYue|不负人间|69.7万|https://y.qq.com/n/ryqq/songDetail/003CQae60y6PtK
阿YueYue|寻屿|69.7万|https://y.qq.com/n/ryqq/songDetail/000bBLQW0oBCG3
阿YueYue|芊芊|69.7万|https://y.qq.com/n/ryqq/songDetail/001etFae0lKaoL
阿YueYue|千秋迭梦|69.7万|https://y.qq.com/n/ryqq/songDetail/0031LVI049RLhq
阿YueYue|云与海 (DJ沈念版)|69.7万|https://y.qq.com/n/ryqq/songDetail/000459xh0AZwhJ
阿YueYue|予君书|69.7万|https://y.qq.com/n/ryqq/songDetail/003pK7zy498TLC
阿YueYue|归去来兮|69.7万|https://y.qq.com/n/ryqq/songDetail/002xLzPe3jJ4mA
阿YueYue|青城山下|69.7万|https://y.qq.com/n/ryqq/songDetail/0007ounj47ZnyT
王小帅|哭泣站台|62.7万|https://y.qq.com/n/ryqq/songDetail/000fdOY92wZNmm
王小帅|怨苍天变了心 (吉他版)|62.7万|https://y.qq.com/n/ryqq/songDetail/001dGNKF3KlMu0
王小帅|不是因为寂寞才想你|62.7万|https://y.qq.com/n/ryqq/songDetail/001cgpor2AnOa9
王小帅|你头顶的风|62.7万|https://y.qq.com/n/ryqq/songDetail/000QDYVT13JXoS
王小帅|我爱他|62.7万|https://y.qq.com/n/ryqq/songDetail/002KVKHw4JCGfJ
王小帅|最近|62.7万|https://y.qq.com/n/ryqq/songDetail/003yK5G20jEhIJ
王小帅|最初的梦想 (吉他版)|62.7万|https://y.qq.com/n/ryqq/songDetail/000Qyara2MQ57k
王小帅|大海|62.7万|https://y.qq.com/n/ryqq/songDetail/0046CSt52JaTFM
王小帅|火红的萨日朗 (吉他版)|62.7万|https://y.qq.com/n/ryqq/songDetail/004NNLbp419BuW
王小帅|该不该难过|62.7万|https://y.qq.com/n/ryqq/songDetail/000RJlEb0VHAMM
张靓颖|沉香|436.2万|https://y.qq.com/n/ryqq/songDetail/001ckfYz1buB51
张靓颖|可|436.2万|https://y.qq.com/n/ryqq/songDetail/000QTSxY0HoJ7B
张靓颖|如果这就是爱情|436.2万|https://y.qq.com/n/ryqq/songDetail/002vghem1otEWQ
张靓颖|我的梦|436.2万|https://y.qq.com/n/ryqq/songDetail/003FIqDQ0xyaGF
张靓颖|画心|436.2万|https://y.qq.com/n/ryqq/songDetail/0045cdSn27l6YM
张靓颖|偏星|436.2万|https://y.qq.com/n/ryqq/songDetail/002pniMi05kXs3
张靓颖|女儿国|436.2万|https://y.qq.com/n/ryqq/songDetail/003YYX4K3gTZBT
张靓颖|不惜时光|436.2万|https://y.qq.com/n/ryqq/songDetail/001GG9z14GBMmC
张靓颖|如果爱下去|436.2万|https://y.qq.com/n/ryqq/songDetail/002E9hkT4P5J3n
张靓颖|终于等到你|436.2万|https://y.qq.com/n/ryqq/songDetail/003dIT9t46SLw8
许巍|曾经的你|242.8万|https://y.qq.com/n/ryqq/songDetail/004XcdPX08dOus
许巍|蓝莲花|242.8万|https://y.qq.com/n/ryqq/songDetail/001tcduI48ozWY
许巍|像风一样自由|242.8万|https://y.qq.com/n/ryqq/songDetail/0035GQtJ19dQ97
许巍|故乡|242.8万|https://y.qq.com/n/ryqq/songDetail/001XmE6a2apzbF
许巍|生活不止眼前的苟且|242.8万|https://y.qq.com/n/ryqq/songDetail/0007gGzt0Oi4iy
许巍|旅行|242.8万|https://y.qq.com/n/ryqq/songDetail/000Qhd4C3Hfn7t
许巍|曾经的你 (Live)|242.8万|https://y.qq.com/n/ryqq/songDetail/003r1NqB4YifUa
许巍|完美生活|242.8万|https://y.qq.com/n/ryqq/songDetail/001gFmS32mSRvn
许巍|时光|242.8万|https://y.qq.com/n/ryqq/songDetail/0039BYui0oQdFf
许巍|执着|242.8万|https://y.qq.com/n/ryqq/songDetail/001TuR1u0mDdTa
虎二|你一定要幸福|73.5万|https://y.qq.com/n/ryqq/songDetail/001gPpBl27Wcnw
虎二|你应该很快乐|73.5万|https://y.qq.com/n/ryqq/songDetail/003H9bZy1KGYH0
虎二|窗|73.5万|https://y.qq.com/n/ryqq/songDetail/003h4Nqn3RENQ4
虎二|离开我你快乐吗|73.5万|https://y.qq.com/n/ryqq/songDetail/004FDOIt2kTKjX
虎二|一个人决定|73.5万|https://y.qq.com/n/ryqq/songDetail/001dOlLd1jxVKK
虎二|漂洋过海来看你|73.5万|https://y.qq.com/n/ryqq/songDetail/003mWkA2122kTU
虎二|一百万个可能|73.5万|https://y.qq.com/n/ryqq/songDetail/004dbfuf1jEjpI
虎二|等不到|73.5万|https://y.qq.com/n/ryqq/songDetail/002KGdP81XSmVP
虎二|来日没有那么长|73.5万|https://y.qq.com/n/ryqq/songDetail/003VoF8w0JaZDY
虎二|永不失联的爱|73.5万|https://y.qq.com/n/ryqq/songDetail/003ybbAX31X7A3
赵雷|成都|274.1万|https://y.qq.com/n/ryqq/songDetail/003TLWoN0gQnP5
赵雷|我们的时光|274.1万|https://y.qq.com/n/ryqq/songDetail/003ITzMw2CRNZX
赵雷|画|274.1万|https://y.qq.com/n/ryqq/songDetail/003ThnHE0lOP3W
赵雷|鼓楼|274.1万|https://y.qq.com/n/ryqq/songDetail/001JWMPW4aZyhR
赵雷|南方姑娘|274.1万|https://y.qq.com/n/ryqq/songDetail/001O8Fq6090GIP
赵雷|理想|274.1万|https://y.qq.com/n/ryqq/songDetail/002YiXmX3PKZHE
赵雷|我记得|274.1万|https://y.qq.com/n/ryqq/songDetail/002dw4gv1ZmiGt
赵雷|少年锦时|274.1万|https://y.qq.com/n/ryqq/songDetail/000vNzlL39BsNt
赵雷|程艾影|274.1万|https://y.qq.com/n/ryqq/songDetail/000WJMGA339p5t
赵雷|三十岁的女人|274.1万|https://y.qq.com/n/ryqq/songDetail/002i47OG1GAKRM
Uu (刘梦妤)|气象站台|86.0万|https://y.qq.com/n/ryqq/songDetail/000JumH938huIb
Uu (刘梦妤)|那女孩对我说|86.0万|https://y.qq.com/n/ryqq/songDetail/001LokF20Yw4xD
Uu (刘梦妤)|慢慢|86.0万|https://y.qq.com/n/ryqq/songDetail/000ZFIAd2F2LjE
Uu (刘梦妤)|夏天的风|86.0万|https://y.qq.com/n/ryqq/songDetail/0020HNvU4GxTZN
Uu (刘梦妤)|小城小爱|86.0万|https://y.qq.com/n/ryqq/songDetail/000OesCR0rh2u1
Uu (刘梦妤)|那些年|86.0万|https://y.qq.com/n/ryqq/songDetail/002kdqnF42Gc2F
Uu (刘梦妤)|自卑感|86.0万|https://y.qq.com/n/ryqq/songDetail/001X6tNH48Qz2U
Uu (刘梦妤)|全名|86.0万|https://y.qq.com/n/ryqq/songDetail/002pGbdr3Yg6kg
Uu (刘梦妤)|那男孩还好吗|86.0万|https://y.qq.com/n/ryqq/songDetail/002COmzJ0SPZMl
Uu (刘梦妤)|夏日微风|86.0万|https://y.qq.com/n/ryqq/songDetail/003qXk180NlNWw
陈粒|走马|361.6万|https://y.qq.com/n/ryqq/songDetail/000ffReZ1XyCS7
陈粒|小半|361.6万|https://y.qq.com/n/ryqq/songDetail/001hs89m3C5p3g
陈粒|虚拟|361.6万|https://y.qq.com/n/ryqq/songDetail/002CqtaC3jYZpu
陈粒|易燃易爆炸|361.6万|https://y.qq.com/n/ryqq/songDetail/00394LZb2KXqak
陈粒|奇妙能力歌|361.6万|https://y.qq.com/n/ryqq/songDetail/004cXwmW4Hs88w
陈粒|空空 (Live)|361.6万|https://y.qq.com/n/ryqq/songDetail/002gq0iy32KzNf
陈粒|光|361.6万|https://y.qq.com/n/ryqq/songDetail/000X41LW079jRG
陈粒|历历万乡|361.6万|https://y.qq.com/n/ryqq/songDetail/0017JuDq1Ufot0
陈粒|桥豆麻袋|361.6万|https://y.qq.com/n/ryqq/songDetail/0006VJ3Y4e3ufF
陈粒|祝星|361.6万|https://y.qq.com/n/ryqq/songDetail/004YSSH3225pBw
易烊千玺|沙金|642.9万|https://y.qq.com/n/ryqq/songDetail/000otWOP1i5zjO
易烊千玺|海阔天空（《奇迹·笨小孩》电影陪伴曲）|642.9万|https://y.qq.com/n/ryqq/songDetail/000kjF9U4GnbuO
易烊千玺|粉雾海|642.9万|https://y.qq.com/n/ryqq/songDetail/003O1P6B2NQVF0
易烊千玺|一起向未来|642.9万|https://y.qq.com/n/ryqq/songDetail/002ImLyF0DWmx9
易烊千玺|大城小爱 (Live)|642.9万|https://y.qq.com/n/ryqq/songDetail/003B7uBk0LfzGI
易烊千玺|精彩才刚刚开始|642.9万|https://y.qq.com/n/ryqq/songDetail/001apXAh2mHRub
易烊千玺|离骚|642.9万|https://y.qq.com/n/ryqq/songDetail/001JaAKW4IurRk
易烊千玺|My Boo|642.9万|https://y.qq.com/n/ryqq/songDetail/002vqQZD2XF79L
易烊千玺|爱情鸟|642.9万|https://y.qq.com/n/ryqq/songDetail/004Fpnhh2f7U12
易烊千玺|还是笨小孩|642.9万|https://y.qq.com/n/ryqq/songDetail/0018SJjv20bSCa
刘大壮|我很好 (吉他版)|130.4万|https://y.qq.com/n/ryqq/songDetail/0013SucF2Fjjli
刘大壮|最|130.4万|https://y.qq.com/n/ryqq/songDetail/000JU6Lv0igKGP
刘大壮|一吻天荒 (吉他版)|130.4万|https://y.qq.com/n/ryqq/songDetail/001DW4gK3HXAvk
刘大壮|三号线 (吉他版)|130.4万|https://y.qq.com/n/ryqq/songDetail/001n1NJa3TuHMX
刘大壮|我不是你的宋冬野|130.4万|https://y.qq.com/n/ryqq/songDetail/000SLaBp1bnaro
刘大壮|信仰|130.4万|https://y.qq.com/n/ryqq/songDetail/003ytFCS1KR7Je
刘大壮|忘不了的是你|130.4万|https://y.qq.com/n/ryqq/songDetail/000lwXfv44rsVu
刘大壮|忘记时间|130.4万|https://y.qq.com/n/ryqq/songDetail/002bYP5J0cuHKH
刘大壮|可惜不可惜 (吉他版)|130.4万|https://y.qq.com/n/ryqq/songDetail/004YedXT4bPlxH
刘大壮|别怕我伤心|130.4万|https://y.qq.com/n/ryqq/songDetail/001rjdar3XdASH
庄心妍|再见只是陌生人|509.2万|https://y.qq.com/n/ryqq/songDetail/000ocSdp4SSl6P
庄心妍|走着走着就散了|509.2万|https://y.qq.com/n/ryqq/songDetail/004NIK6u00TtHx
庄心妍|庄心妍热歌金曲串烧|509.2万|https://y.qq.com/n/ryqq/songDetail/000ZzcAN13B7tH
庄心妍|以后的以后|509.2万|https://y.qq.com/n/ryqq/songDetail/001cP3t82HI31e
庄心妍|为情所伤|509.2万|https://y.qq.com/n/ryqq/songDetail/000WN0p44c6fvD
庄心妍|放过自己|509.2万|https://y.qq.com/n/ryqq/songDetail/002k0qa50C6eFn
庄心妍|爱囚|509.2万|https://y.qq.com/n/ryqq/songDetail/001pbXyo4J3wMH
庄心妍|一万个舍不得|509.2万|https://y.qq.com/n/ryqq/songDetail/0016O4Oh1WQB2A
庄心妍|好可惜|509.2万|https://y.qq.com/n/ryqq/songDetail/001tYweH1iGcZf
庄心妍|真的不容易|509.2万|https://y.qq.com/n/ryqq/songDetail/000fGfsH3CrdSF
阿悠悠|一生与你擦肩而过|140.5万|https://y.qq.com/n/ryqq/songDetail/000xRG4E4diqXD
阿悠悠|旧梦一场|140.5万|https://y.qq.com/n/ryqq/songDetail/0049iR603EJHAY
阿悠悠|你若三冬|140.5万|https://y.qq.com/n/ryqq/songDetail/002L4c0L3OqYxD
阿悠悠|旧梦一场 (DJ沈念版)|140.5万|https://y.qq.com/n/ryqq/songDetail/002bu0hf1wvo58
阿悠悠|念旧|140.5万|https://y.qq.com/n/ryqq/songDetail/0046jPQe24MGzG
阿悠悠|问情|140.5万|https://y.qq.com/n/ryqq/songDetail/000Dcvaq2G2Wlr
阿悠悠|一曲相思|140.5万|https://y.qq.com/n/ryqq/songDetail/0033qcD30q958p
阿悠悠|人为情叹|140.5万|https://y.qq.com/n/ryqq/songDetail/000oHw1p2k1wK6
阿悠悠|夜半听风|140.5万|https://y.qq.com/n/ryqq/songDetail/000AlPAp0K5B2c
阿悠悠|悠殇叹|140.5万|https://y.qq.com/n/ryqq/songDetail/0025R6uy1ekS29
街道办GDC|春娇与志明|19.3万|https://y.qq.com/n/ryqq/songDetail/004Uln1G2Aunqw
街道办GDC|离开|19.3万|https://y.qq.com/n/ryqq/songDetail/0046ES4f3o3leN
街道办GDC|GOODFRIEND|19.3万|https://y.qq.com/n/ryqq/songDetail/002F985B2LA3yP
街道办GDC|拥有不拥有|19.3万|https://y.qq.com/n/ryqq/songDetail/003sYNDy1l7EHc
街道办GDC|汹涌澎湃|19.3万|https://y.qq.com/n/ryqq/songDetail/002oYXGa4QGNVZ
街道办GDC|旅行者|19.3万|https://y.qq.com/n/ryqq/songDetail/004YV3z82J7JaC
街道办GDC|青春记录号|19.3万|https://y.qq.com/n/ryqq/songDetail/002miX692VyLbR
街道办GDC|电影|19.3万|https://y.qq.com/n/ryqq/songDetail/0014smLJ2LZenA
街道办GDC|GOODFRIEND (Album)|19.3万|https://y.qq.com/n/ryqq/songDetail/00298uIQ1AMYQ9
街道办GDC|你嘅呢|19.3万|https://y.qq.com/n/ryqq/songDetail/000vRYZ30hTIjq
白小白|我爱你不问归期|153.1万|https://y.qq.com/n/ryqq/songDetail/0015LkaZ20fy1P
白小白|爱不得忘不舍|153.1万|https://y.qq.com/n/ryqq/songDetail/003xwWKv0g5q1a
白小白|我们终究是错过 (Live版伴奏)|153.1万|https://y.qq.com/n/ryqq/songDetail/001z3KHk1DDlPs
白小白|最后我们没在一起|153.1万|https://y.qq.com/n/ryqq/songDetail/003GkuJW0vWdti
白小白|我们终究是错过（DJ阿远版）|153.1万|https://y.qq.com/n/ryqq/songDetail/001ROi674OmoiC
白小白|欠你的婚礼|153.1万|https://y.qq.com/n/ryqq/songDetail/001Hn22X3P1PMA
白小白|最美婚礼|153.1万|https://y.qq.com/n/ryqq/songDetail/0037TP0W3d8ANf
白小白|宠爱吖|153.1万|https://y.qq.com/n/ryqq/songDetail/004HilGb2TKbFY
白小白|最美情侣|153.1万|https://y.qq.com/n/ryqq/songDetail/001Nm1mV2pzljm
白小白|我爱你不问归期（合唱版）|153.1万|https://y.qq.com/n/ryqq/songDetail/002Taa681cH4i6
IN-K|落日与晚风|22.4万|https://y.qq.com/n/ryqq/songDetail/000ORNy208FEAN
IN-K|迷失幻境|22.4万|https://y.qq.com/n/ryqq/songDetail/002Vo1xP3z9BVS
IN-K|落差|22.4万|https://y.qq.com/n/ryqq/songDetail/000CPsaO448jvN
IN-K|迷失幻境 (DJ版)|22.4万|https://y.qq.com/n/ryqq/songDetail/001WYJBM3FRyIc
IN-K|落差 (DJ版)|22.4万|https://y.qq.com/n/ryqq/songDetail/003Md9lh2ltpID
IN-K|回忆观影券|22.4万|https://y.qq.com/n/ryqq/songDetail/0040W0qk0yaaME
IN-K|温柔孤岛|22.4万|https://y.qq.com/n/ryqq/songDetail/001eAeSJ1sUIKg
IN-K|为你|22.4万|https://y.qq.com/n/ryqq/songDetail/000eVRUl0sVFlC
IN-K|结冰(Lonely)|22.4万|https://y.qq.com/n/ryqq/songDetail/002VrCuU42efFH
IN-K|清晰|22.4万|https://y.qq.com/n/ryqq/songDetail/000bd73n3v7pjA
胡歌|忘记时间|210.7万|https://y.qq.com/n/ryqq/songDetail/002rgDAZ3SYfFL
胡歌|逍遥叹|210.7万|https://y.qq.com/n/ryqq/songDetail/003x0p2q3vib3P
胡歌|六月的雨|210.7万|https://y.qq.com/n/ryqq/songDetail/0027azpT1l6RWC
胡歌|一吻天荒|210.7万|https://y.qq.com/n/ryqq/songDetail/001nWoME0kaG55
胡歌|美丽的神话|210.7万|https://y.qq.com/n/ryqq/songDetail/003fgLaa0Jbhku
胡歌|指纹|210.7万|https://y.qq.com/n/ryqq/songDetail/003Hlspg1faAGf
胡歌|光棍|210.7万|https://y.qq.com/n/ryqq/songDetail/000gH45445U4nJ
胡歌|一念执着|210.7万|https://y.qq.com/n/ryqq/songDetail/003q7CLh3gOG20
胡歌|天亮以后|210.7万|https://y.qq.com/n/ryqq/songDetail/004ZovGz2QJApa
胡歌|月光|210.7万|https://y.qq.com/n/ryqq/songDetail/001kxN2N4ccuxb
张艺兴|面纱|371.3万|https://y.qq.com/n/ryqq/songDetail/00195sy73JXAkg
张艺兴|羊 (SHEEP)|371.3万|https://y.qq.com/n/ryqq/songDetail/001qjdRZ4ZswWO
张艺兴|Honey (和你)|371.3万|https://y.qq.com/n/ryqq/songDetail/004Hv0fc2CPKW6
张艺兴|我不好|371.3万|https://y.qq.com/n/ryqq/songDetail/0028V5ud0hup6E
张艺兴|亢龙有悔 (Live)|371.3万|https://y.qq.com/n/ryqq/songDetail/003L42l60ya3t3
张艺兴|会好的|371.3万|https://y.qq.com/n/ryqq/songDetail/001rujaV3AzLqt
张艺兴|一个人|371.3万|https://y.qq.com/n/ryqq/songDetail/003Kf2wo2cowwV
张艺兴|梦不落雨林|371.3万|https://y.qq.com/n/ryqq/songDetail/002adHlS1J0548
张艺兴|莲 (Lit)|371.3万|https://y.qq.com/n/ryqq/songDetail/004fon7X058gQK
张艺兴|3 Wishes|371.3万|https://y.qq.com/n/ryqq/songDetail/003ATnF23GaNgs
胡彦斌|你要的全拿走|168.1万|https://y.qq.com/n/ryqq/songDetail/000nNzj03CNUIT
胡彦斌|陪你度过漫长岁月 (Live)|168.1万|https://y.qq.com/n/ryqq/songDetail/00109jZt3SElsF
胡彦斌|月光|168.1万|https://y.qq.com/n/ryqq/songDetail/000c5J4O1KmPSA
胡彦斌|篇章|168.1万|https://y.qq.com/n/ryqq/songDetail/004RhCls4H7Gt7
胡彦斌|One Night In Shanghai|168.1万|https://y.qq.com/n/ryqq/songDetail/003v9yVe3M5Kvn
胡彦斌|迷途的孤鸟 (Live)|168.1万|https://y.qq.com/n/ryqq/songDetail/000BSCVq2weApH
胡彦斌|不负人间|168.1万|https://y.qq.com/n/ryqq/songDetail/001r6Jb83CpOHv
胡彦斌|北京欢迎你|168.1万|https://y.qq.com/n/ryqq/songDetail/000kVJBO1hJO8D
胡彦斌|红颜|168.1万|https://y.qq.com/n/ryqq/songDetail/001ub9792lVtm5
胡彦斌|还魂门|168.1万|https://y.qq.com/n/ryqq/songDetail/003abNbK2dnTMI
王贰浪|像鱼|65.2万|https://y.qq.com/n/ryqq/songDetail/000NHikR1jV7Zz
王贰浪|人间城|65.2万|https://y.qq.com/n/ryqq/songDetail/003Ie3mb3yyRZq
王贰浪|执迷不悟|65.2万|https://y.qq.com/n/ryqq/songDetail/000x4jVm2XQWgY
王贰浪|呓语|65.2万|https://y.qq.com/n/ryqq/songDetail/003cCFm6247LJ0
王贰浪|虚拟|65.2万|https://y.qq.com/n/ryqq/songDetail/003SMGPq1gjEl3
王贰浪|谁|65.2万|https://y.qq.com/n/ryqq/songDetail/003CXuxy2lwpXP
王贰浪|越来越不懂|65.2万|https://y.qq.com/n/ryqq/songDetail/003XVif72bkKB9
王贰浪|像鱼 (DJ阳少版)|65.2万|https://y.qq.com/n/ryqq/songDetail/003D3QiW1g2EPX
王贰浪|少一点天分|65.2万|https://y.qq.com/n/ryqq/songDetail/003sDoJ94gNLYg
王贰浪|暗恋是一首按了静音的歌|65.2万|https://y.qq.com/n/ryqq/songDetail/000U0h1p4aMnPo
井胧|彼岸|40.5万|https://y.qq.com/n/ryqq/songDetail/004cd2wK1Iv7v2
井胧|骁|40.5万|https://y.qq.com/n/ryqq/songDetail/000zqcIw34Wv2H
井胧|把孤独当做晚餐|40.5万|https://y.qq.com/n/ryqq/songDetail/000STsvn0AXtPb
井胧|彼岸 (吟唱版)|40.5万|https://y.qq.com/n/ryqq/songDetail/0033cSpj3BxQmA
井胧|把孤独当作晚餐|40.5万|https://y.qq.com/n/ryqq/songDetail/0000SvdU1uOS9o
井胧|不删|40.5万|https://y.qq.com/n/ryqq/songDetail/00080NBt42T4xD
井胧|无虞|40.5万|https://y.qq.com/n/ryqq/songDetail/000IiURm2thD1X
井胧|囚鸟|40.5万|https://y.qq.com/n/ryqq/songDetail/003RJs0n3Ndc8J
井胧|起风了|40.5万|https://y.qq.com/n/ryqq/songDetail/003Qaep11x5sWT
井胧|笑吧|40.5万|https://y.qq.com/n/ryqq/songDetail/003M1Cwm3sLL4F
贺一航|请先说你好|40.7万|https://y.qq.com/n/ryqq/songDetail/000L8lFG0tU3yw
贺一航|入了我的心丢了我的魂|40.7万|https://y.qq.com/n/ryqq/songDetail/003HMaj00f8udb
贺一航|原来占据你内心的人不是我|40.7万|https://y.qq.com/n/ryqq/songDetail/000lhxPp0qLmsJ
贺一航|听说当初你找过我|40.7万|https://y.qq.com/n/ryqq/songDetail/000utfWj3Ew3cG
贺一航|你陪我一程 我念你一生|40.7万|https://y.qq.com/n/ryqq/songDetail/0007PeO623BYhF
贺一航|一个人的寂寞两个人的错|40.7万|https://y.qq.com/n/ryqq/songDetail/003uL8IE3o37CL
贺一航|别爱太满别睡太晚|40.7万|https://y.qq.com/n/ryqq/songDetail/0006Wwt50IMiGr
贺一航|入了我的心丢了我的魂 (DJR7版)|40.7万|https://y.qq.com/n/ryqq/songDetail/0007JmRu3inqOT
贺一航|我承认爱过你|40.7万|https://y.qq.com/n/ryqq/songDetail/002QskoN0W1eqr
贺一航|我又想你了|40.7万|https://y.qq.com/n/ryqq/songDetail/001kiWXf14rLZz
摩登兄弟刘宇宁|寻一个你|98.1万|https://y.qq.com/n/ryqq/songDetail/001l38Gx3sl3kP
摩登兄弟刘宇宁|让酒|98.1万|https://y.qq.com/n/ryqq/songDetail/002OZ9wm0EhjEO
摩登兄弟刘宇宁|天问|98.1万|https://y.qq.com/n/ryqq/songDetail/002kOvBZ3eQChP
摩登兄弟刘宇宁|梦华|98.1万|https://y.qq.com/n/ryqq/songDetail/004LXIM91m6aR0
摩登兄弟刘宇宁|讲真的|98.1万|https://y.qq.com/n/ryqq/songDetail/0013Anev1ppT4b
摩登兄弟刘宇宁|有多少爱可以重来|98.1万|https://y.qq.com/n/ryqq/songDetail/0024c8zt4A4TQG
摩登兄弟刘宇宁|烟火星辰|98.1万|https://y.qq.com/n/ryqq/songDetail/0010eJFc3qi6QW
摩登兄弟刘宇宁|无双|98.1万|https://y.qq.com/n/ryqq/songDetail/003HmiAZ14RyVv
摩登兄弟刘宇宁|黑夜一束光|98.1万|https://y.qq.com/n/ryqq/songDetail/001tBFAK4bnWMY
摩登兄弟刘宇宁|烟花易冷 (Live)|98.1万|https://y.qq.com/n/ryqq/songDetail/000SzbRu3WRoBR
曲肖冰|当真|95.4万|https://y.qq.com/n/ryqq/songDetail/000mYvlv2HvIg5
曲肖冰|厚颜无耻|95.4万|https://y.qq.com/n/ryqq/songDetail/000LZSEr3kTRFk
曲肖冰|天亮以前说再见|95.4万|https://y.qq.com/n/ryqq/songDetail/000toHZo1K8Bec
曲肖冰|走马|95.4万|https://y.qq.com/n/ryqq/songDetail/002Ee2W21JAfYl
曲肖冰|静悄悄 (Remix)|95.4万|https://y.qq.com/n/ryqq/songDetail/001EJzGW3zc33t
曲肖冰|太阳|95.4万|https://y.qq.com/n/ryqq/songDetail/0033upXO0xmskX
曲肖冰|静悄悄|95.4万|https://y.qq.com/n/ryqq/songDetail/000WyUF03DywGy
曲肖冰|我是真的爱上你|95.4万|https://y.qq.com/n/ryqq/songDetail/000vMVDU2qiieN
曲肖冰|白羊|95.4万|https://y.qq.com/n/ryqq/songDetail/0038OKFK36DBB6
曲肖冰|清空|95.4万|https://y.qq.com/n/ryqq/songDetail/004dQefs1nDE3n
金润吉|最远的你是我最近的爱|25.4万|https://y.qq.com/n/ryqq/songDetail/001ksRzr36LJfQ
金润吉|谢谢你的爱|25.4万|https://y.qq.com/n/ryqq/songDetail/003FMUPi1SdyC6
金润吉|迟来的爱 (新版)|25.4万|https://y.qq.com/n/ryqq/songDetail/002E6uK62IcG1F
金润吉|我曾用心爱着你|25.4万|https://y.qq.com/n/ryqq/songDetail/000CbBda1zAEHF
金润吉|DISCO|25.4万|https://y.qq.com/n/ryqq/songDetail/000IjaNO3NBsGW
金润吉|Love Love|25.4万|https://y.qq.com/n/ryqq/songDetail/003JZU0r2p15ta
金润吉|Tell Me (韩文版)|25.4万|https://y.qq.com/n/ryqq/songDetail/003CDJm60t1Mhs
金润吉|学到老爱到老|25.4万|https://y.qq.com/n/ryqq/songDetail/003OqHBT2Tg5ay
金润吉|一次就好|25.4万|https://y.qq.com/n/ryqq/songDetail/002rnhHC49g08h
金润吉|深渊|25.4万|https://y.qq.com/n/ryqq/songDetail/000gHvLe3qfopB
马嘉祺|打开 (Live)|227.5万|https://y.qq.com/n/ryqq/songDetail/000q67ny3XMtpG
马嘉祺|不为什么 (Live)|227.5万|https://y.qq.com/n/ryqq/songDetail/004ZIals47ey9W
马嘉祺|左边右边 (Live)|227.5万|https://y.qq.com/n/ryqq/songDetail/000cN7aT1uSXgW
马嘉祺|飘向北方 (Live)|227.5万|https://y.qq.com/n/ryqq/songDetail/004EgAdd4Ck6c0
马嘉祺|让她降落 (Live)|227.5万|https://y.qq.com/n/ryqq/songDetail/001V8ECy452bqk
马嘉祺|剩下的盛夏 (Live)|227.5万|https://y.qq.com/n/ryqq/songDetail/002V099o3CIVmm
马嘉祺|燕尾蝶 (Band Ver.|Live)|227.5万|https://y.qq.com/n/ryqq/songDetail/001Rec0L2Z6NTI
马嘉祺|作为怪物 Band Team (Live)|227.5万|https://y.qq.com/n/ryqq/songDetail/0001DU0L1lfViP
马嘉祺|血腥爱情故事 (Live)|227.5万|https://y.qq.com/n/ryqq/songDetail/0045PQ563SL0rb
马嘉祺|我爱你 (Live)|227.5万|https://y.qq.com/n/ryqq/songDetail/0046Ykk41kO3ha
A1 TRIP|放空|7.5万|https://y.qq.com/n/ryqq/songDetail/004ByH6Q4K9jz8
A1 TRIP|Butterfly|7.5万|https://y.qq.com/n/ryqq/songDetail/001wkuiS2peCQx
A1 TRIP|Truthfully|7.5万|https://y.qq.com/n/ryqq/songDetail/0022yOW71EDKkH
A1 TRIP|Promise Me|7.5万|https://y.qq.com/n/ryqq/songDetail/000SFjcT4Few3x
A1 TRIP|暗恋|7.5万|https://y.qq.com/n/ryqq/songDetail/000cDFqO0h1vam
A1 TRIP|阔绰|7.5万|https://y.qq.com/n/ryqq/songDetail/002K9IdW49JxZP
A1 TRIP|浪漫小情歌|7.5万|https://y.qq.com/n/ryqq/songDetail/004YUFhg28baRa
A1 TRIP|白鸽 (Remix |说唱版)|7.5万|https://y.qq.com/n/ryqq/songDetail/0001uyjG3ioBQh
A1 TRIP|心动来电|7.5万|https://y.qq.com/n/ryqq/songDetail/004Rbdxo0qA3Pu
A1 TRIP|96%|7.5万|https://y.qq.com/n/ryqq/songDetail/00153nJl2q3dIy
凤凰传奇|奢香夫人|558.1万|https://y.qq.com/n/ryqq/songDetail/003XMyG91NpwQ1
凤凰传奇|全是爱|558.1万|https://y.qq.com/n/ryqq/songDetail/003vMyw03XyybQ
凤凰传奇|自由飞翔|558.1万|https://y.qq.com/n/ryqq/songDetail/002Ba1Td137VC7
凤凰传奇|郎的诱惑|558.1万|https://y.qq.com/n/ryqq/songDetail/003RcyNl3PXViA
凤凰传奇|荷塘月色|558.1万|https://y.qq.com/n/ryqq/songDetail/004Zeemn1ScQMX
凤凰传奇|我从草原来|558.1万|https://y.qq.com/n/ryqq/songDetail/002mbqv20UPkNT
凤凰传奇|最炫民族风|558.1万|https://y.qq.com/n/ryqq/songDetail/003ziBRN4WIQuj
凤凰传奇|自由自在|558.1万|https://y.qq.com/n/ryqq/songDetail/0026qTt51NFLSc
凤凰传奇|月亮之上|558.1万|https://y.qq.com/n/ryqq/songDetail/004IIvBM1S55sG
凤凰传奇|等爱的玫瑰|558.1万|https://y.qq.com/n/ryqq/songDetail/001cRzg92kUdjH
房东的猫|云烟成雨|175.7万|https://y.qq.com/n/ryqq/songDetail/001yYM0I30CzdP
房东的猫|New Boy|175.7万|https://y.qq.com/n/ryqq/songDetail/003UTVCN0QvffG
房东的猫|我可以|175.7万|https://y.qq.com/n/ryqq/songDetail/0039o8U140hL15
房东的猫|路过人间 (Live)|175.7万|https://y.qq.com/n/ryqq/songDetail/000VatkM3j1Aug
房东的猫|一个像夏天一个像秋天|175.7万|https://y.qq.com/n/ryqq/songDetail/004DEWdO1vO6lu
房东的猫|第一次 (Live)|175.7万|https://y.qq.com/n/ryqq/songDetail/001lCror45a3rk
房东的猫|凤凰花开的路口 (Live)|175.7万|https://y.qq.com/n/ryqq/songDetail/002idA8S3F1ypd
房东的猫|请你一定要记得我好吗|175.7万|https://y.qq.com/n/ryqq/songDetail/003d89or0AFsOx
房东的猫|和宇宙的温柔关联|175.7万|https://y.qq.com/n/ryqq/songDetail/003GLRoM05ooIW
房东的猫|下一站，茶山刘|175.7万|https://y.qq.com/n/ryqq/songDetail/000gYjUp2aHqed
小乐哥（王唯乐）|执迷不悟|41.0万|https://y.qq.com/n/ryqq/songDetail/001z4tFZ2VvIoX
小乐哥（王唯乐）|执迷不悟 (DJ版)|41.0万|https://y.qq.com/n/ryqq/songDetail/0038Y2Sl0RUSWi
小乐哥（王唯乐）|不甘 (Live)|41.0万|https://y.qq.com/n/ryqq/songDetail/000An6OI4ScInL
小乐哥（王唯乐）|慢慢|41.0万|https://y.qq.com/n/ryqq/songDetail/0009Lygz4WyW0o
小乐哥（王唯乐）|不甘|41.0万|https://y.qq.com/n/ryqq/songDetail/001jeRAY4CR72J
小乐哥（王唯乐）|浪漫至死不渝|41.0万|https://y.qq.com/n/ryqq/songDetail/004MEzHQ1OQOxs
小乐哥（王唯乐）|高攀|41.0万|https://y.qq.com/n/ryqq/songDetail/003S2CDu2GGOCu
小乐哥（王唯乐）|慢慢 (DJ名龙版)|41.0万|https://y.qq.com/n/ryqq/songDetail/002PElcZ2Zkl4i
小乐哥（王唯乐）|对你说|41.0万|https://y.qq.com/n/ryqq/songDetail/00164O3C3evd4p
小乐哥（王唯乐）|兰亭序 (片段) (片段)|41.0万|https://y.qq.com/n/ryqq/songDetail/004fDfMm1Y4Gtd
朴树|平凡之路|223.8万|https://y.qq.com/n/ryqq/songDetail/000T1Ws32MWrUj
朴树|NEW BOY|223.8万|https://y.qq.com/n/ryqq/songDetail/002ic6jw1iwaBn
朴树|送别|223.8万|https://y.qq.com/n/ryqq/songDetail/002uBSiC1hbInQ
朴树|那些花儿|223.8万|https://y.qq.com/n/ryqq/songDetail/000xdFEH0GpGV5
朴树|生如夏花|223.8万|https://y.qq.com/n/ryqq/songDetail/001NrtIJ0ylNai
朴树|白桦林|223.8万|https://y.qq.com/n/ryqq/songDetail/003zmGbg4Tz0UL
朴树|平凡之路 (Live)|223.8万|https://y.qq.com/n/ryqq/songDetail/001RIuye3daguU
朴树|清白之年|223.8万|https://y.qq.com/n/ryqq/songDetail/003mKWLh2nEpxt
朴树|No Fear In My Heart|223.8万|https://y.qq.com/n/ryqq/songDetail/003QDnpH0jfFOP
朴树|且听风吟|223.8万|https://y.qq.com/n/ryqq/songDetail/002O2x082sJT34
蔡徐坤|Hug me (抱我)|465.7万|https://y.qq.com/n/ryqq/songDetail/000q6NJL2mySiB
蔡徐坤|情人|465.7万|https://y.qq.com/n/ryqq/songDetail/000aWBBQ2fMyBJ
蔡徐坤|Wait Wait Wait|465.7万|https://y.qq.com/n/ryqq/songDetail/002kRCBE4dfcU2
蔡徐坤|迷|465.7万|https://y.qq.com/n/ryqq/songDetail/0048ioeg3F6148
蔡徐坤|欲|465.7万|https://y.qq.com/n/ryqq/songDetail/003hjq7P16om23
蔡徐坤|没有意外|465.7万|https://y.qq.com/n/ryqq/songDetail/003Fe8vW2OUnje
蔡徐坤|Home|465.7万|https://y.qq.com/n/ryqq/songDetail/000dmDNI4StGwk
蔡徐坤|You Can Be My GirlFriend|465.7万|https://y.qq.com/n/ryqq/songDetail/000syT4u2bWoWa
蔡徐坤|感受她|465.7万|https://y.qq.com/n/ryqq/songDetail/001pMei1320gi0
蔡徐坤|Pull Up|465.7万|https://y.qq.com/n/ryqq/songDetail/004VMZFB1Sgnoz
郁可唯|路过人间 (演唱会Live限定版)|137.2万|https://y.qq.com/n/ryqq/songDetail/002ic85X3x4zum
郁可唯|路过人间|137.2万|https://y.qq.com/n/ryqq/songDetail/0042jyJt0aQ0Gd
郁可唯|知否知否|137.2万|https://y.qq.com/n/ryqq/songDetail/002krvKI4Jgvq9
郁可唯|水中花 (Live)|137.2万|https://y.qq.com/n/ryqq/songDetail/002TsjSY3dWAz5
郁可唯|闹哄哄|137.2万|https://y.qq.com/n/ryqq/songDetail/003QabSY1oE6d1
郁可唯|他不懂 (Live)|137.2万|https://y.qq.com/n/ryqq/songDetail/000xO0V54Elc0m
郁可唯|路过人间 (Live)|137.2万|https://y.qq.com/n/ryqq/songDetail/0012eS2E3ncmAl
郁可唯|俩俩|137.2万|https://y.qq.com/n/ryqq/songDetail/002Hcgim2s404g
郁可唯|我们的爱 (Live)|137.2万|https://y.qq.com/n/ryqq/songDetail/001rmHmJ3AKve0
郁可唯|情人咒|137.2万|https://y.qq.com/n/ryqq/songDetail/003ihBAH3W4ODI
于果|侧脸|13.9万|https://y.qq.com/n/ryqq/songDetail/003WjRGk1b3FPN
于果|侧脸 (DJ版)|13.9万|https://y.qq.com/n/ryqq/songDetail/003YYxX600yccc
于果|趁虚而入|13.9万|https://y.qq.com/n/ryqq/songDetail/000nMJRl1ZB4Ah
于果|极光|13.9万|https://y.qq.com/n/ryqq/songDetail/003Za4Mx47w7Ne
于果|你最初的|13.9万|https://y.qq.com/n/ryqq/songDetail/003wwVsJ1dETR9
于果|我以为 我可以|13.9万|https://y.qq.com/n/ryqq/songDetail/001N7kaZ3CKnSa
于果|不再见|13.9万|https://y.qq.com/n/ryqq/songDetail/001iHei6232FD5
于果|鸟儿飞|13.9万|https://y.qq.com/n/ryqq/songDetail/002Qdfj01Wg6MK
于果|Loving u u|13.9万|https://y.qq.com/n/ryqq/songDetail/002MhbUC3TsWPM
于果|侧脸 (Inst.)|13.9万|https://y.qq.com/n/ryqq/songDetail/004THG3f2msCGo
胜屿|你的眼神 (粤语版)|38.2万|https://y.qq.com/n/ryqq/songDetail/0021I27O0tlCDO
胜屿|你的眼神 (DjPad仔版)|38.2万|https://y.qq.com/n/ryqq/songDetail/001LCHn94Mtx4y
胜屿|难得有情人|38.2万|https://y.qq.com/n/ryqq/songDetail/004W0wZ916bde7
胜屿|我们说好的|38.2万|https://y.qq.com/n/ryqq/songDetail/002HP2fV2s9qWI
胜屿|不该用情|38.2万|https://y.qq.com/n/ryqq/songDetail/000uJzBz1HniBx
胜屿|根本你不懂得爱我|38.2万|https://y.qq.com/n/ryqq/songDetail/0021xLfm18mhjW
胜屿|欧若拉|38.2万|https://y.qq.com/n/ryqq/songDetail/000MPi1208eIcq
胜屿|该怎么说再见|38.2万|https://y.qq.com/n/ryqq/songDetail/000zyCct0fW0qo
胜屿|着迷|38.2万|https://y.qq.com/n/ryqq/songDetail/000rLTV93rxips
胜屿|该死的懦弱 (国语)|38.2万|https://y.qq.com/n/ryqq/songDetail/00279FUm3LIktM
刘至佳|危险派对|43.5万|https://y.qq.com/n/ryqq/songDetail/004R7qfh1ALctJ
刘至佳|时光背面的我|43.5万|https://y.qq.com/n/ryqq/songDetail/003u53bt2rZEA1
刘至佳|鲸语|43.5万|https://y.qq.com/n/ryqq/songDetail/00259mrk4Gqwe5
刘至佳|说爱你|43.5万|https://y.qq.com/n/ryqq/songDetail/0022fsjW39a0zG
刘至佳|摩登爱情 (女版)|43.5万|https://y.qq.com/n/ryqq/songDetail/001LP3Di1r8l6x
刘至佳|你的眼睛像星星 (女版)|43.5万|https://y.qq.com/n/ryqq/songDetail/000wjWP91EHfGl
刘至佳|日月星辰|43.5万|https://y.qq.com/n/ryqq/songDetail/004avcdU47eZiH
刘至佳|你的眼睛像星星 (DJ阿卓版)|43.5万|https://y.qq.com/n/ryqq/songDetail/002mzPab19tqsR
刘至佳|鲸语 (DJ楠哈哈版)|43.5万|https://y.qq.com/n/ryqq/songDetail/000ShY530bWZId
刘至佳|摩登爱情 (DJ阿卓版)|43.5万|https://y.qq.com/n/ryqq/songDetail/004Xp0q64MHxf1
鹿晗|勋章|892.8万|https://y.qq.com/n/ryqq/songDetail/001vBZtU09AoiB
鹿晗|致爱 Your Song|892.8万|https://y.qq.com/n/ryqq/songDetail/002IVyIU4093Xr
鹿晗|我们的明天|892.8万|https://y.qq.com/n/ryqq/songDetail/000aKw3L1eVeys
鹿晗|慢慢 (Slow Motion)|892.8万|https://y.qq.com/n/ryqq/songDetail/004SphgF19XKVP
鹿晗|敏感（LH x Z.TAO）|892.8万|https://y.qq.com/n/ryqq/songDetail/001DxMma1WVa62
鹿晗|让我留在你身边|892.8万|https://y.qq.com/n/ryqq/songDetail/0044Wbzg3MHfeQ
鹿晗|追梦赤子心|892.8万|https://y.qq.com/n/ryqq/songDetail/0021SIVy2hJFCT
鹿晗|诺言|892.8万|https://y.qq.com/n/ryqq/songDetail/001ISMW10iVPVF
鹿晗|心率（Like a dream）|892.8万|https://y.qq.com/n/ryqq/songDetail/004U68Js3zgKaR
鹿晗|怜城辞|892.8万|https://y.qq.com/n/ryqq/songDetail/003QvihA1dmsXR
吕口口|爱上你是一个错 (女声版)|17.0万|https://y.qq.com/n/ryqq/songDetail/003MAJLN0lngxf
吕口口|失忆|17.0万|https://y.qq.com/n/ryqq/songDetail/001cM1zF220Skx
吕口口|时间沦陷 (女声版)|17.0万|https://y.qq.com/n/ryqq/songDetail/000KCrrJ1J5ZUN
吕口口|最近 (女生版)|17.0万|https://y.qq.com/n/ryqq/songDetail/001E1QyK3lU1bs
吕口口|我配不上你|17.0万|https://y.qq.com/n/ryqq/songDetail/003m4ubx3eqA6x
吕口口|别想他|17.0万|https://y.qq.com/n/ryqq/songDetail/003Z0Rbh10bsgq
吕口口|爱我的人和我爱的人|17.0万|https://y.qq.com/n/ryqq/songDetail/000Aye8z1Q4tlx
吕口口|风度|17.0万|https://y.qq.com/n/ryqq/songDetail/003hBLrX0CnzsE
吕口口|失忆 (DJR7版)|17.0万|https://y.qq.com/n/ryqq/songDetail/0017R0Ft4JuoiR
吕口口|沉默以对|17.0万|https://y.qq.com/n/ryqq/songDetail/003cVDis4ETPOT
ycccc|满天星辰不及你|12.3万|https://y.qq.com/n/ryqq/songDetail/001NTymr2HdIZz
ycccc|漫天星辰不及你|12.3万|https://y.qq.com/n/ryqq/songDetail/001VkJD40KhZND
ycccc|潮汐|12.3万|https://y.qq.com/n/ryqq/songDetail/004fSdNZ3qhu1X
ycccc|最后一页|12.3万|https://y.qq.com/n/ryqq/songDetail/0006Bu373tVlqv
ycccc|风的轨迹|12.3万|https://y.qq.com/n/ryqq/songDetail/001icGuI1QEq1M
ycccc|满天星辰不及你 (DJR7版)|12.3万|https://y.qq.com/n/ryqq/songDetail/000GuPij3Md13U
ycccc|潮汐|12.3万|https://y.qq.com/n/ryqq/songDetail/001BSGOZ4cvrN0
ycccc|笑柄|12.3万|https://y.qq.com/n/ryqq/songDetail/002H69Ey3fZKCG
ycccc|星河皆予你|12.3万|https://y.qq.com/n/ryqq/songDetail/000bYsXh2B5OEW
ycccc|先说谎的人 (Live)|12.3万|https://y.qq.com/n/ryqq/songDetail/002Ih5sF3qAexp
王以太|危险派对|34.0万|https://y.qq.com/n/ryqq/songDetail/004R7qfh1ALctJ
王以太|别怕变老 (Live)|34.0万|https://y.qq.com/n/ryqq/songDetail/002QVJj60dV4r3
王以太|头头是道 (Live)|34.0万|https://y.qq.com/n/ryqq/songDetail/003LTH900FJowc
王以太|阿司匹林|34.0万|https://y.qq.com/n/ryqq/songDetail/00311qLb4dp3mh
王以太|目不转睛|34.0万|https://y.qq.com/n/ryqq/songDetail/001WMCQn0LpdQH
王以太|吹 right now (现在吹) (Live)|34.0万|https://y.qq.com/n/ryqq/songDetail/002IXwaQ4IAgof
王以太|一席之地 (Live)|34.0万|https://y.qq.com/n/ryqq/songDetail/003426ds2kQK4r
王以太|现实的生活 (Live)|34.0万|https://y.qq.com/n/ryqq/songDetail/003H7yV13OVmal
王以太|一席之地Cypher (Live)|34.0万|https://y.qq.com/n/ryqq/songDetail/002zwURA3Gmf3o
王以太|人来疯 (Live)|34.0万|https://y.qq.com/n/ryqq/songDetail/00082HZ40fSFYP
虞书欣|失忆|28.8万|https://y.qq.com/n/ryqq/songDetail/0043sFKN0bmbip
虞书欣|想和你|28.8万|https://y.qq.com/n/ryqq/songDetail/0021SZt03boCuT
虞书欣|好像都一样|28.8万|https://y.qq.com/n/ryqq/songDetail/002yodvB1mh6Yi
虞书欣|雨过天晴|28.8万|https://y.qq.com/n/ryqq/songDetail/002YZTRo3bA4bn
虞书欣|初礼来了|28.8万|https://y.qq.com/n/ryqq/songDetail/0001VQO24JkZgW
虞书欣|失忆 (伴奏)|28.8万|https://y.qq.com/n/ryqq/songDetail/004NT3Cc3SA8Qn
虞书欣|夏天|28.8万|https://y.qq.com/n/ryqq/songDetail/004RMIgB0WMIGL
虞书欣|Gwalla|28.8万|https://y.qq.com/n/ryqq/songDetail/001LIsBn2gzlgL
虞书欣|Promise (Live)|28.8万|https://y.qq.com/n/ryqq/songDetail/00267K7d3EXZsb
虞书欣|自从遇见你|28.8万|https://y.qq.com/n/ryqq/songDetail/002BExbe4D857F
黄龄|星河叹|60.0万|https://y.qq.com/n/ryqq/songDetail/002vFTTV2Rywwk
黄龄|叹|60.0万|https://y.qq.com/n/ryqq/songDetail/003X4iNb0Jcd4X
黄龄|惊鸿一面|60.0万|https://y.qq.com/n/ryqq/songDetail/004Q419j1mysZ2
黄龄|入画江南|60.0万|https://y.qq.com/n/ryqq/songDetail/000KYcCk1cfAfq
黄龄|痒|60.0万|https://y.qq.com/n/ryqq/songDetail/003bh3Wx3gGPn5
黄龄|来日方长|60.0万|https://y.qq.com/n/ryqq/songDetail/002jFxjp3elaqQ
黄龄|风月|60.0万|https://y.qq.com/n/ryqq/songDetail/002E6Yvr3FSS9U
黄龄|High歌|60.0万|https://y.qq.com/n/ryqq/songDetail/000weCyk0dt2V6
黄龄|我们爱过就好|60.0万|https://y.qq.com/n/ryqq/songDetail/000FuTKN3FopR9
黄龄|牵丝戏 (梦幻西游盘丝洞门派曲)|60.0万|https://y.qq.com/n/ryqq/songDetail/0014x1gf08IaQW
INTO1-米卡|输入法打可爱按第五|39.7万|https://y.qq.com/n/ryqq/songDetail/003hnykw0M16pk
INTO1-米卡|输入法打可爱按第五 (纯享版)|39.7万|https://y.qq.com/n/ryqq/songDetail/0035O76z1mlMjl
INTO1-米卡|Beautiful|39.7万|https://y.qq.com/n/ryqq/songDetail/001vLyoi4bMBOK
INTO1-米卡|输入法打可爱按第五 (Live)|39.7万|https://y.qq.com/n/ryqq/songDetail/001TtwI72nJ3qr
INTO1-米卡|trust me|39.7万|https://y.qq.com/n/ryqq/songDetail/003foXwU4GOAo4
INTO1-米卡|Take Me To Your Heart|39.7万|https://y.qq.com/n/ryqq/songDetail/000Zz3p24Etbu6
INTO1-米卡|11|39.7万|https://y.qq.com/n/ryqq/songDetail/000hPoD01qMcoN
INTO1-米卡|红豆 (Live)|39.7万|https://y.qq.com/n/ryqq/songDetail/000raLA13GYOCe
INTO1-米卡|So Sick (Live)|39.7万|https://y.qq.com/n/ryqq/songDetail/002AoAP10oldHC
INTO1-米卡|香水有毒 (Live|Remix)|39.7万|https://y.qq.com/n/ryqq/songDetail/001mYixH1UH3ug
金志文|自娱自乐|197.1万|https://y.qq.com/n/ryqq/songDetail/001DdpQA0ZzQCH
金志文|远走高飞 (独唱版)|197.1万|https://y.qq.com/n/ryqq/songDetail/0027zPYs3A9fyb
金志文|难以启齿的柔弱|197.1万|https://y.qq.com/n/ryqq/songDetail/002kROg53HRjXc
金志文|太傻 (Live)|197.1万|https://y.qq.com/n/ryqq/songDetail/000OIGu03YtdZj
金志文|肩上蝶|197.1万|https://y.qq.com/n/ryqq/songDetail/001qULbd2IPmXQ
金志文|乘风破浪 (酸菜缸版)|197.1万|https://y.qq.com/n/ryqq/songDetail/003pjDWs235LnR
金志文|远走高飞 (合唱版)|197.1万|https://y.qq.com/n/ryqq/songDetail/001MVT301EZOQr
金志文|千年|197.1万|https://y.qq.com/n/ryqq/songDetail/0010hBPF4TtDbz
金志文|夏洛特烦恼|197.1万|https://y.qq.com/n/ryqq/songDetail/0003lSMc4KXPxX
金志文|我想念|197.1万|https://y.qq.com/n/ryqq/songDetail/0048RupG0rIvz4
刘瑞琦|两三句|127.3万|https://y.qq.com/n/ryqq/songDetail/002HYG3N1Cb6Mq
刘瑞琦|房间|127.3万|https://y.qq.com/n/ryqq/songDetail/001evmuP29rXfo
刘瑞琦|晴天|127.3万|https://y.qq.com/n/ryqq/songDetail/000pgbEQ1C4Hsv
刘瑞琦|海芋恋|127.3万|https://y.qq.com/n/ryqq/songDetail/002PQX4n3lqz7P
刘瑞琦|原谅|127.3万|https://y.qq.com/n/ryqq/songDetail/000oWIzL0AhbL5
刘瑞琦|来不及|127.3万|https://y.qq.com/n/ryqq/songDetail/0031Bum640mLPV
刘瑞琦|房间 (新版)|127.3万|https://y.qq.com/n/ryqq/songDetail/001HXIzh1hfxKw
刘瑞琦|夏天|127.3万|https://y.qq.com/n/ryqq/songDetail/002MDIx71dubHx
刘瑞琦|夏天的风|127.3万|https://y.qq.com/n/ryqq/songDetail/001nZ7YK4cYAvu
刘瑞琦|触电|127.3万|https://y.qq.com/n/ryqq/songDetail/001O8SPU44wtJY
Lil Ghost小鬼|别叫我达芬奇 (Punk Version)|257.2万|https://y.qq.com/n/ryqq/songDetail/004D8S6y2DgqLW
Lil Ghost小鬼|GOOD NIGHT|257.2万|https://y.qq.com/n/ryqq/songDetail/003KW7XJ1LUF2p
Lil Ghost小鬼|Mood (Lil Ghost Remix|Explicit)|257.2万|https://y.qq.com/n/ryqq/songDetail/000DfsWV2zWb6l
Lil Ghost小鬼|偏爱|257.2万|https://y.qq.com/n/ryqq/songDetail/004Sp8cB2BOXKI
Lil Ghost小鬼|只对你有感觉 (Live)|257.2万|https://y.qq.com/n/ryqq/songDetail/002dlB0X3bapxx
Lil Ghost小鬼|别叫我达芬奇|257.2万|https://y.qq.com/n/ryqq/songDetail/002d01GE06HVkZ
Lil Ghost小鬼|Raining|257.2万|https://y.qq.com/n/ryqq/songDetail/0012k0rH40xJHo
Lil Ghost小鬼|偏爱 (Live)|257.2万|https://y.qq.com/n/ryqq/songDetail/0045Nimk2S41Qn
Lil Ghost小鬼|NO 808|257.2万|https://y.qq.com/n/ryqq/songDetail/0011YOHF4R0hSS
Lil Ghost小鬼|不良少年|257.2万|https://y.qq.com/n/ryqq/songDetail/0046JcZC0BrFXb
来一碗老于|解药 (新版)|68.6万|https://y.qq.com/n/ryqq/songDetail/0037YjOm4c23EL
来一碗老于|天地似无情|68.6万|https://y.qq.com/n/ryqq/songDetail/001CNm9V2SpP46
来一碗老于|东南西北中|68.6万|https://y.qq.com/n/ryqq/songDetail/003RgqwG1YZFFy
来一碗老于|鸳鸯债 (Live)|68.6万|https://y.qq.com/n/ryqq/songDetail/002HLFJu0fMX3G
来一碗老于|青花瓷 (Live)|68.6万|https://y.qq.com/n/ryqq/songDetail/00073sQu0bztvW
来一碗老于|春泥 (弹唱版)|68.6万|https://y.qq.com/n/ryqq/songDetail/00335c4N1fhbBx
来一碗老于|美人画卷|68.6万|https://y.qq.com/n/ryqq/songDetail/001JXy7g32mGVM
来一碗老于|解药|68.6万|https://y.qq.com/n/ryqq/songDetail/000Ez4qH3BLZmT
来一碗老于|爱上你是一个错|68.6万|https://y.qq.com/n/ryqq/songDetail/003jq8Pl0l5HY9
来一碗老于|云水谣 (新版)|68.6万|https://y.qq.com/n/ryqq/songDetail/002syzQf1ayiiD
张远|嘉宾|64.5万|https://y.qq.com/n/ryqq/songDetail/001i36ji0C8Cov
张远|活该|64.5万|https://y.qq.com/n/ryqq/songDetail/003Zg1Xx0RLxmI
张远|有生之年|64.5万|https://y.qq.com/n/ryqq/songDetail/000EcXU91iui6h
张远|有生之年 (Live)|64.5万|https://y.qq.com/n/ryqq/songDetail/003AELcs2Kybqs
张远|我最闪亮 (Live)|64.5万|https://y.qq.com/n/ryqq/songDetail/004US9I61VMrUo
张远|南方秋野，北方春茶|64.5万|https://y.qq.com/n/ryqq/songDetail/004ZcV350s2BIR
张远|哼|64.5万|https://y.qq.com/n/ryqq/songDetail/003ljbom0ZtjHB
张远|仰望星云|64.5万|https://y.qq.com/n/ryqq/songDetail/003amLW73cm7ZO
张远|少年 (Live)|64.5万|https://y.qq.com/n/ryqq/songDetail/002bikQO2gVek8
张远|有个爱你的人不容易|64.5万|https://y.qq.com/n/ryqq/songDetail/0016SVL128UhIj
张家旺|爱我的人和我爱的人 (对唱版)|8.7万|https://y.qq.com/n/ryqq/songDetail/002G5YbT0T1eh5
张家旺|给不了你未来|8.7万|https://y.qq.com/n/ryqq/songDetail/004UkISI4VesRR
张家旺|最后的人|8.7万|https://y.qq.com/n/ryqq/songDetail/000n8fHV04jkl0
张家旺|不负相思|8.7万|https://y.qq.com/n/ryqq/songDetail/002C1dR4040pWc
张家旺|迟来的情话|8.7万|https://y.qq.com/n/ryqq/songDetail/003ZbWC54Hyyxl
张家旺|当爱在靠近 (合唱版)|8.7万|https://y.qq.com/n/ryqq/songDetail/004Vslx12eRnl8
张家旺|我可以 (合唱版)|8.7万|https://y.qq.com/n/ryqq/songDetail/001fNhJX0TNHyk
张家旺|金玉良缘 (合唱版)|8.7万|https://y.qq.com/n/ryqq/songDetail/000yVIAq1yQgyS
张家旺|爱上你是一个错 (对唱版)|8.7万|https://y.qq.com/n/ryqq/songDetail/003x79rG0lPC9d
张家旺|孤独颂歌|8.7万|https://y.qq.com/n/ryqq/songDetail/003ynKAE1vL6fy
Bomb比尔|1022-比尔的歌|86.0万|https://y.qq.com/n/ryqq/songDetail/004ID2L33PYnie
Bomb比尔|0222心动-比尔的歌|86.0万|https://y.qq.com/n/ryqq/songDetail/00361LmN13AYri
Bomb比尔|N8PM-比尔的歌|86.0万|https://y.qq.com/n/ryqq/songDetail/002rq2Jt1Qvsce
Bomb比尔|1104梦-比尔的歌|86.0万|https://y.qq.com/n/ryqq/songDetail/0007Iqak0gD3Wd
Bomb比尔|0807|86.0万|https://y.qq.com/n/ryqq/songDetail/000ktT3L06h8ne
Bomb比尔|蓝蓝的夜-比尔的歌|86.0万|https://y.qq.com/n/ryqq/songDetail/002Jrdwo4EW0Qg
Bomb比尔|0712奇怪-比尔的歌|86.0万|https://y.qq.com/n/ryqq/songDetail/00202vfY3W6PO8
Bomb比尔|夏色17号-比尔的歌|86.0万|https://y.qq.com/n/ryqq/songDetail/004AwIzU4S5RWX
Bomb比尔|要怎么再见你呢-比尔的歌|86.0万|https://y.qq.com/n/ryqq/songDetail/001EHvL81RLyRi
Bomb比尔|1201牵手-比尔的歌|86.0万|https://y.qq.com/n/ryqq/songDetail/003gRhrK2YV4xk
徐良|坏女孩|589.4万|https://y.qq.com/n/ryqq/songDetail/0001oIjs0YFIf7
徐良|后会无期|589.4万|https://y.qq.com/n/ryqq/songDetail/004gZy7l1GYJ1Q
徐良|客官不可以|589.4万|https://y.qq.com/n/ryqq/songDetail/004WtRjE21f2dN
徐良|坏女孩 (Remix)|589.4万|https://y.qq.com/n/ryqq/songDetail/0008zrc52QDOG0
徐良|七秒钟的记忆|589.4万|https://y.qq.com/n/ryqq/songDetail/003o0Acd4PWz2j
徐良|犯贱|589.4万|https://y.qq.com/n/ryqq/songDetail/001QOU9Y4T1cmZ
徐良|红装|589.4万|https://y.qq.com/n/ryqq/songDetail/000fHxUW1i2uG8
徐良|那时雨|589.4万|https://y.qq.com/n/ryqq/songDetail/0013aGOv4ZNeXI
徐良|情话|589.4万|https://y.qq.com/n/ryqq/songDetail/004Vp4x21F5jX3
徐良|和平分手|589.4万|https://y.qq.com/n/ryqq/songDetail/00308aAJ45za7I
黄霄雲|星辰大海|84.3万|https://y.qq.com/n/ryqq/songDetail/002LNOds0rYvpK
黄霄雲|蝴蝶夫人|84.3万|https://y.qq.com/n/ryqq/songDetail/002Vnphp0q9EPu
黄霄雲|带我去很远地方|84.3万|https://y.qq.com/n/ryqq/songDetail/003B5XyG05zbQ5
黄霄雲|幻想|84.3万|https://y.qq.com/n/ryqq/songDetail/003mtpTf0Yj6Bi
黄霄雲|平行线 (Wish You Were Here)|84.3万|https://y.qq.com/n/ryqq/songDetail/004VQ5jq3KCth4
黄霄雲|Lydia|84.3万|https://y.qq.com/n/ryqq/songDetail/001W3CnY1XVhlP
黄霄雲|Sad Sometimes|84.3万|https://y.qq.com/n/ryqq/songDetail/004btiGP3lBOt9
黄霄雲|《星辰大海》建党百年主题音乐|84.3万|https://y.qq.com/n/ryqq/songDetail/0039g7yk0Yemhd
黄霄雲|Wish You Were Here|84.3万|https://y.qq.com/n/ryqq/songDetail/00216HFs2JHZua
黄霄雲|左手指月 (Live)|84.3万|https://y.qq.com/n/ryqq/songDetail/003eD4ak3oCYxz
