李荣浩,年少有为,790.8万,https://y.qq.com/n/ryqq/songDetail/002WpZPj4OOGeT,285043453
李荣浩,麻雀,790.8万,https://y.qq.com/n/ryqq/songDetail/000lv3Zi13dSVA,246492240
李荣浩,不将就,790.8万,https://y.qq.com/n/ryqq/songDetail/000edAg12jLBrN,102367085
李荣浩,戒烟,790.8万,https://y.qq.com/n/ryqq/songDetail/000ByvB6495lpZ,209340068
李荣浩,戒烟,790.8万,https://y.qq.com/n/ryqq/songDetail/004MvQot3V0O8P,328262786
李荣浩,老街,790.8万,https://y.qq.com/n/ryqq/songDetail/000sU9jC3bN2dY,102069682
李荣浩,爸爸妈妈,790.8万,https://y.qq.com/n/ryqq/songDetail/001xBUtF3rgn7O,105526949
李荣浩,模特,790.8万,https://y.qq.com/n/ryqq/songDetail/002FRBul05dgjC,5016169
李荣浩,女儿国,790.8万,https://y.qq.com/n/ryqq/songDetail/003YYX4K3gTZBT,212046553
李荣浩,李白,790.8万,https://y.qq.com/n/ryqq/songDetail/000rMFLS0ZnngN,5016168
任然,飞鸟和蝉,282.4万,https://y.qq.com/n/ryqq/songDetail/004Fimy419PpsA,270283298
任然,无人之岛,282.4万,https://y.qq.com/n/ryqq/songDetail/001fTFGe0LqzdT,203452364
任然,落海,282.4万,https://y.qq.com/n/ryqq/songDetail/002otIR30L2LZO,307167242
任然,难堪,282.4万,https://y.qq.com/n/ryqq/songDetail/003mcx3e2S0bqa,332441237
任然,后继者,282.4万,https://y.qq.com/n/ryqq/songDetail/003qKlqV1PVMB8,109391882
任然,关键词,282.4万,https://y.qq.com/n/ryqq/songDetail/003Ph9WS2YraQM,201816550
任然,雀跃,282.4万,https://y.qq.com/n/ryqq/songDetail/002xADAG0ndpws,317328330
任然,疑心病,282.4万,https://y.qq.com/n/ryqq/songDetail/003HSdVY3Z3GST,105519196
任然,空空如也,282.4万,https://y.qq.com/n/ryqq/songDetail/001OFCtb1K2hBU,212676452
任然,走不出的回忆,282.4万,https://y.qq.com/n/ryqq/songDetail/002X2A9s2qIVBe,108966508
程响,时光洪流,143.3万,https://y.qq.com/n/ryqq/songDetail/001YVo3U4H3LLH,320315208
程响,四季予你,143.3万,https://y.qq.com/n/ryqq/songDetail/004bd0Av3rVEE3,290702057
程响,等你归来,143.3万,https://y.qq.com/n/ryqq/songDetail/000lkMEi2bOZ0v,293985379
程响,世界这么大还是遇见你,143.3万,https://y.qq.com/n/ryqq/songDetail/001xLIXo2w9V7U,248929498
程响,不再联系,143.3万,https://y.qq.com/n/ryqq/songDetail/000p3XN73Y5vV6,102798993
程响,千里共婵娟,143.3万,https://y.qq.com/n/ryqq/songDetail/003B3YRf2bQBix,237179755
程响,想起了你,143.3万,https://y.qq.com/n/ryqq/songDetail/002jyUB34ePDOv,225556832
程响,四季予你 (DJ版),143.3万,https://y.qq.com/n/ryqq/songDetail/001s7GQy3JQxaZ,291376747
程响,孤陋寡闻,143.3万,https://y.qq.com/n/ryqq/songDetail/002XNXC04QXD2W,328458806
程响,四季予你 (DJ沈念版),143.3万,https://y.qq.com/n/ryqq/songDetail/001o8nbL0Vh3ST,294273687
王小帅,哭泣站台,53.0万,https://y.qq.com/n/ryqq/songDetail/000fdOY92wZNmm,331724115
王小帅,怨苍天变了心 (吉他版),53.0万,https://y.qq.com/n/ryqq/songDetail/001dGNKF3KlMu0,319905785
王小帅,你头顶的风,53.0万,https://y.qq.com/n/ryqq/songDetail/000QDYVT13JXoS,296546796
王小帅,不是因为寂寞才想你,53.0万,https://y.qq.com/n/ryqq/songDetail/001cgpor2AnOa9,247123388
王小帅,最近,53.0万,https://y.qq.com/n/ryqq/songDetail/003yK5G20jEhIJ,230393521
王小帅,我爱他,53.0万,https://y.qq.com/n/ryqq/songDetail/002KVKHw4JCGfJ,247917916
王小帅,机场等船,53.0万,https://y.qq.com/n/ryqq/songDetail/001oUe4A2OjmTN,315808284
王小帅,辞九门回忆（翻自 李袈）,53.0万,https://y.qq.com/n/ryqq/songDetail/003Lq4LV4RFRCN,327173375
王小帅,余光边框,53.0万,https://y.qq.com/n/ryqq/songDetail/003PoX5c48XCKb,308555513
王小帅,你头顶的风 (吉他版),53.0万,https://y.qq.com/n/ryqq/songDetail/004M7lfe32SuJh,301773927
莫文蔚,这世界那么多人,227.2万,https://y.qq.com/n/ryqq/songDetail/000EId433wXlQN,309058164
莫文蔚,盛夏的果实,227.2万,https://y.qq.com/n/ryqq/songDetail/0009BoCc0C2KFN,4830161
莫文蔚,一生所爱,227.2万,https://y.qq.com/n/ryqq/songDetail/000U510n3mqyBf,1727258
莫文蔚,慢慢喜欢你,227.2万,https://y.qq.com/n/ryqq/songDetail/002kkJSE0IeS1F,213212911
莫文蔚,忽然之间,227.2万,https://y.qq.com/n/ryqq/songDetail/000B0ypt0gL3vR,4830362
莫文蔚,阴天,227.2万,https://y.qq.com/n/ryqq/songDetail/0031PqYN0sj8K3,4830345
莫文蔚,电台情歌,227.2万,https://y.qq.com/n/ryqq/songDetail/000gt6Y92Dm4YQ,4933701
莫文蔚,如果没有你,227.2万,https://y.qq.com/n/ryqq/songDetail/0037K4vg2IaLqH,103848
莫文蔚,他不爱我,227.2万,https://y.qq.com/n/ryqq/songDetail/003V5znv2Cgy1D,4830343
莫文蔚,那么爱你为什么,227.2万,https://y.qq.com/n/ryqq/songDetail/004cjfOF1dkG8J,4830198
毛不易,像我这样的人 (Live),599.0万,https://y.qq.com/n/ryqq/songDetail/00375L600p9sxv,203514624
毛不易,牧马城市,599.0万,https://y.qq.com/n/ryqq/songDetail/000uhMwj387EBp,213224236
毛不易,消愁 (Live),599.0万,https://y.qq.com/n/ryqq/songDetail/003kLvu04bLGzi,203451421
毛不易,借 (Live),599.0万,https://y.qq.com/n/ryqq/songDetail/002WLDmw0vkHtC,203705594
毛不易,呓语 (Live),599.0万,https://y.qq.com/n/ryqq/songDetail/002EKRp30g50rs,231911712
毛不易,不染,599.0万,https://y.qq.com/n/ryqq/songDetail/001xlfsG2eVHUf,213079190
毛不易,梅香如故,599.0万,https://y.qq.com/n/ryqq/songDetail/003olD751EQ2Ul,215969338
毛不易,爱情神话,599.0万,https://y.qq.com/n/ryqq/songDetail/002n8WAV4KfuPM,332882761
毛不易,像我这样的人 (Live),599.0万,https://y.qq.com/n/ryqq/songDetail/003hzeOV0LsPyx,214702782
毛不易,平凡的一天 (Live),599.0万,https://y.qq.com/n/ryqq/songDetail/004RHKh10BqQef,220673489
郁可唯,水中花 (Live),106.7万,https://y.qq.com/n/ryqq/songDetail/002TsjSY3dWAz5,330646127
郁可唯,路过人间 (演唱会Live限定版),106.7万,https://y.qq.com/n/ryqq/songDetail/002ic85X3x4zum,224617595
郁可唯,路过人间,106.7万,https://y.qq.com/n/ryqq/songDetail/0042jyJt0aQ0Gd,232965795
郁可唯,知否知否,106.7万,https://y.qq.com/n/ryqq/songDetail/002krvKI4Jgvq9,225716644
郁可唯,他不懂 (Live),106.7万,https://y.qq.com/n/ryqq/songDetail/000xO0V54Elc0m,334397897
郁可唯,很受伤 (Live),106.7万,https://y.qq.com/n/ryqq/songDetail/003hlRmY0Usxae,332408267
郁可唯,路过人间 (Live),106.7万,https://y.qq.com/n/ryqq/songDetail/0012eS2E3ncmAl,329943638
郁可唯,情人咒,106.7万,https://y.qq.com/n/ryqq/songDetail/003ihBAH3W4ODI,269243780
郁可唯,纸船,106.7万,https://y.qq.com/n/ryqq/songDetail/004amlYZ0zVdNl,259631067
郁可唯,独家记忆 (Live),106.7万,https://y.qq.com/n/ryqq/songDetail/003kzGp00yeHHs,109210078
苏星婕,落日与晚风,27.8万,https://y.qq.com/n/ryqq/songDetail/000ORNy208FEAN,315812068
苏星婕,风吹过八千里,27.8万,https://y.qq.com/n/ryqq/songDetail/001hDICw1itMfY,325136985
苏星婕,清空,27.8万,https://y.qq.com/n/ryqq/songDetail/004LZwE13k5hzj,294235538
苏星婕,等一场大雨,27.8万,https://y.qq.com/n/ryqq/songDetail/001iyR1A1iIEzr,310985384
苏星婕,谎话,27.8万,https://y.qq.com/n/ryqq/songDetail/001WO9nI3beA2e,330646032
苏星婕,去年花开,27.8万,https://y.qq.com/n/ryqq/songDetail/000xH0YD3IEW7R,308126719
苏星婕,大可不必,27.8万,https://y.qq.com/n/ryqq/songDetail/003YlKf41ogIq5,332333302
苏星婕,时空缝隙,27.8万,https://y.qq.com/n/ryqq/songDetail/000U7QtL45R57g,300579156
苏星婕,几句话而已,27.8万,https://y.qq.com/n/ryqq/songDetail/00077tUQ1wa2vK,331241563
苏星婕,清空 (DJ版),27.8万,https://y.qq.com/n/ryqq/songDetail/002rZ3EE27C8ls,294235540
en,嚣张,130.8万,https://y.qq.com/n/ryqq/songDetail/001Hp44V3pCQ53,235802819
en,曲终人亦散,130.8万,https://y.qq.com/n/ryqq/songDetail/001jctr241BiOo,322359258
en,间距,130.8万,https://y.qq.com/n/ryqq/songDetail/004f2uTR2CRh1h,283657774
en,暗示分离,130.8万,https://y.qq.com/n/ryqq/songDetail/0028PYV62F9p03,236668123
en,云水谣,130.8万,https://y.qq.com/n/ryqq/songDetail/003Q5Nf549PMWk,234428728
en,北纬23°26’,130.8万,https://y.qq.com/n/ryqq/songDetail/004IDf0g344iYi,333286050
en,奉劝,130.8万,https://y.qq.com/n/ryqq/songDetail/003Zlmmb2yOosx,270034920
en,代名词,130.8万,https://y.qq.com/n/ryqq/songDetail/003msMjU1CoyQE,277594605
en,放空,130.8万,https://y.qq.com/n/ryqq/songDetail/000cBg4u30obc4,301632808
en,无能为力,130.8万,https://y.qq.com/n/ryqq/songDetail/003v5QyJ4G6sAS,293510034
汪苏泷,有点甜,928.0万,https://y.qq.com/n/ryqq/songDetail/001bdYk41BCfRi,4830766
汪苏泷,后会无期,928.0万,https://y.qq.com/n/ryqq/songDetail/004gZy7l1GYJ1Q,7112743
汪苏泷,不分手的恋爱,928.0万,https://y.qq.com/n/ryqq/songDetail/0048hyit0fCNad,261268980
汪苏泷,一笑倾城,928.0万,https://y.qq.com/n/ryqq/songDetail/002xMLIa1JcZk0,108172834
汪苏泷,万有引力,928.0万,https://y.qq.com/n/ryqq/songDetail/003ZiKJt39Lfti,261268884
汪苏泷,小星星,928.0万,https://y.qq.com/n/ryqq/songDetail/001GVVE31hddH7,261268861
汪苏泷,忽而今夏,928.0万,https://y.qq.com/n/ryqq/songDetail/0035rPQr2p62CG,213722048
汪苏泷,年轮,928.0万,https://y.qq.com/n/ryqq/songDetail/0007CyFf3GHiN4,102793291
汪苏泷,情歌 (Live),928.0万,https://y.qq.com/n/ryqq/songDetail/002VT45M33Tksb,327675482
汪苏泷,剑魂,928.0万,https://y.qq.com/n/ryqq/songDetail/0042EqWL0IE8hN,332562324
蓝心羽,阿拉斯加海湾,184.4万,https://y.qq.com/n/ryqq/songDetail/002FHVgG4btehE,287881671
蓝心羽,星辰不坠落,184.4万,https://y.qq.com/n/ryqq/songDetail/001kIvoK3siMwF,316738965
蓝心羽,记忆停留,184.4万,https://y.qq.com/n/ryqq/songDetail/002WcwVL2ypOuf,305654666
蓝心羽,星空剪影,184.4万,https://y.qq.com/n/ryqq/songDetail/000wdhv04LMOJv,277696413
蓝心羽,寂寞烟火,184.4万,https://y.qq.com/n/ryqq/songDetail/0004zcfr0neC9O,219165837
蓝心羽,小宇,184.4万,https://y.qq.com/n/ryqq/songDetail/003xnepc40S6oM,228122504
蓝心羽,贩卖日落,184.4万,https://y.qq.com/n/ryqq/songDetail/003lyWey4RB1NK,243678280
蓝心羽,2020抖音最火音乐串烧,184.4万,https://y.qq.com/n/ryqq/songDetail/0028KovL0CGvhS,290471047
蓝心羽,夏天的风,184.4万,https://y.qq.com/n/ryqq/songDetail/003jqNTL41sDBf,261027308
蓝心羽,漫步宇宙,184.4万,https://y.qq.com/n/ryqq/songDetail/000Q8V9Z0LMz5z,312637016
IN-K,落日与晚风,19.5万,https://y.qq.com/n/ryqq/songDetail/000ORNy208FEAN,315812068
IN-K,迷失幻境,19.5万,https://y.qq.com/n/ryqq/songDetail/002Vo1xP3z9BVS,278659043
IN-K,迷失幻境 (DJ版),19.5万,https://y.qq.com/n/ryqq/songDetail/001WYJBM3FRyIc,281937070
IN-K,落差 (DJ版),19.5万,https://y.qq.com/n/ryqq/songDetail/003Md9lh2ltpID,281936407
IN-K,落差,19.5万,https://y.qq.com/n/ryqq/songDetail/000CPsaO448jvN,281936398
IN-K,温柔孤岛,19.5万,https://y.qq.com/n/ryqq/songDetail/001eAeSJ1sUIKg,311049819
IN-K,回忆观影券,19.5万,https://y.qq.com/n/ryqq/songDetail/0040W0qk0yaaME,274967057
IN-K,落日与晚风 (DJ版),19.5万,https://y.qq.com/n/ryqq/songDetail/001bchVH1i6CEz,317255395
IN-K,结冰(Lonely),19.5万,https://y.qq.com/n/ryqq/songDetail/002VrCuU42efFH,311433947
IN-K,触摸,19.5万,https://y.qq.com/n/ryqq/songDetail/001F8tuV3biYmz,291256966
不是花火呀,陨落,133.8万,https://y.qq.com/n/ryqq/songDetail/001IN2SJ1U0FX9,278994023
不是花火呀,Ring Ring Ring,133.8万,https://y.qq.com/n/ryqq/songDetail/002e7RHm3JOg2g,315481516
不是花火呀,TA,133.8万,https://y.qq.com/n/ryqq/songDetail/004I2Jzb0T7qRf,294414075
不是花火呀,微风悄悄,133.8万,https://y.qq.com/n/ryqq/songDetail/001xspvU4YB7BR,328328208
不是花火呀,如一,133.8万,https://y.qq.com/n/ryqq/songDetail/003ZrclJ0267RC,284734077
不是花火呀,反方向的钟,133.8万,https://y.qq.com/n/ryqq/songDetail/003T4RLa092ciZ,280248107
不是花火呀,分你一半,133.8万,https://y.qq.com/n/ryqq/songDetail/001ZZy1s4SjM3j,305466262
不是花火呀,等风吹,133.8万,https://y.qq.com/n/ryqq/songDetail/000kCb684b4CBm,304100836
不是花火呀,年轮,133.8万,https://y.qq.com/n/ryqq/songDetail/000jn5Vd2JEZ9P,321087368
不是花火呀,某些喜欢,133.8万,https://y.qq.com/n/ryqq/songDetail/000nBZPW1QmQXT,307175699
王忻辰,落日与晚风,58.1万,https://y.qq.com/n/ryqq/songDetail/000ORNy208FEAN,315812068
王忻辰,清空,58.1万,https://y.qq.com/n/ryqq/songDetail/004LZwE13k5hzj,294235538
王忻辰,迷失幻境,58.1万,https://y.qq.com/n/ryqq/songDetail/002Vo1xP3z9BVS,278659043
王忻辰,谎话,58.1万,https://y.qq.com/n/ryqq/songDetail/001WO9nI3beA2e,330646032
王忻辰,去年花开,58.1万,https://y.qq.com/n/ryqq/songDetail/000xH0YD3IEW7R,308126719
王忻辰,迷失幻境 (DJ版),58.1万,https://y.qq.com/n/ryqq/songDetail/001WYJBM3FRyIc,281937070
王忻辰,时间沦陷,58.1万,https://y.qq.com/n/ryqq/songDetail/004K79Ee1U5TDx,320567122
王忻辰,落差 (DJ版),58.1万,https://y.qq.com/n/ryqq/songDetail/003Md9lh2ltpID,281936407
王忻辰,落差,58.1万,https://y.qq.com/n/ryqq/songDetail/000CPsaO448jvN,281936398
王忻辰,清空 (DJ版),58.1万,https://y.qq.com/n/ryqq/songDetail/002rZ3EE27C8ls,294235540
等什么君(邓寓君),辞九门回忆,305.4万,https://y.qq.com/n/ryqq/songDetail/003izpqf19Dwps,230154448
等什么君(邓寓君),关山酒,305.4万,https://y.qq.com/n/ryqq/songDetail/002PSWuG0vbdfs,237270257
等什么君(邓寓君),春庭雪,305.4万,https://y.qq.com/n/ryqq/songDetail/0036hiOc1PzcKd,271099605
等什么君(邓寓君),难渡,305.4万,https://y.qq.com/n/ryqq/songDetail/000eK0In1LVeYJ,303228835
等什么君(邓寓君),天下,305.4万,https://y.qq.com/n/ryqq/songDetail/0037JdW10Oozhp,265821775
等什么君(邓寓君),慕夏,305.4万,https://y.qq.com/n/ryqq/songDetail/003EMmCL0Zf6I5,235106071
等什么君(邓寓君),归寻,305.4万,https://y.qq.com/n/ryqq/songDetail/0005JOdN2oCCea,232742392
等什么君(邓寓君),赤伶,305.4万,https://y.qq.com/n/ryqq/songDetail/002Z1Ber4PnDJS,234541950
等什么君(邓寓君),叹郁孤,305.4万,https://y.qq.com/n/ryqq/songDetail/003ZuHnS2AzGpj,255769127
等什么君(邓寓君),误红妆 (DJ沈念版),305.4万,https://y.qq.com/n/ryqq/songDetail/003Jr4NP1brooN,274064751
张杰,只要平凡,1408.9万,https://y.qq.com/n/ryqq/songDetail/003HHPxJ4638xA,214172912
张杰,三生三世,1408.9万,https://y.qq.com/n/ryqq/songDetail/000hscqh1l8UlG,200397365
张杰,天下,1408.9万,https://y.qq.com/n/ryqq/songDetail/00041h1u3kgquE,273032704
张杰,他不懂,1408.9万,https://y.qq.com/n/ryqq/songDetail/002CtuAm1i0pI3,273032705
张杰,最熟悉的陌生人 (Live),1408.9万,https://y.qq.com/n/ryqq/songDetail/001xNGxr0Ygs3m,333314493
张杰,少年中国说,1408.9万,https://y.qq.com/n/ryqq/songDetail/002SlOWJ0uLHPL,328373747
张杰,月亮之上 (Live),1408.9万,https://y.qq.com/n/ryqq/songDetail/0015dJr102hFMW,331752691
张杰,逆战,1408.9万,https://y.qq.com/n/ryqq/songDetail/001RdTuq0aarsS,5166863
张杰,明天过后,1408.9万,https://y.qq.com/n/ryqq/songDetail/004Eiwhc3TSX8E,273032694
张杰,这就是爱,1408.9万,https://y.qq.com/n/ryqq/songDetail/002WMf1v4FFbm9,273032693
BEYOND,海阔天空,496.1万,https://y.qq.com/n/ryqq/songDetail/000buMWp48yjTi,4829067
BEYOND,真的爱你,496.1万,https://y.qq.com/n/ryqq/songDetail/004Gyue33FERTT,1319248
BEYOND,光辉岁月,496.1万,https://y.qq.com/n/ryqq/songDetail/003JJd7a3kd908,100526346
BEYOND,不再犹豫,496.1万,https://y.qq.com/n/ryqq/songDetail/0033N6Jr4DvOl9,9059841
BEYOND,灰色轨迹,496.1万,https://y.qq.com/n/ryqq/songDetail/003emqXa2aqw3q,280550228
BEYOND,冷雨夜,496.1万,https://y.qq.com/n/ryqq/songDetail/0018mMEo0QIheP,1286471
BEYOND,谁伴我闯荡,496.1万,https://y.qq.com/n/ryqq/songDetail/000bxpH921pLX5,102193444
BEYOND,喜欢你,496.1万,https://y.qq.com/n/ryqq/songDetail/001mbYZr3QR68r,7096775
BEYOND,大地,496.1万,https://y.qq.com/n/ryqq/songDetail/002SBsjq31MWB5,105576206
BEYOND,情人,496.1万,https://y.qq.com/n/ryqq/songDetail/004FEb3E0mUQvl,4835515
李宇春,和你一样,260.2万,https://y.qq.com/n/ryqq/songDetail/003PHZx04KX9Rf,459684
李宇春,下个，路口，见,260.2万,https://y.qq.com/n/ryqq/songDetail/001DIsVq3sSjGV,625008
李宇春,无价之姐,260.2万,https://y.qq.com/n/ryqq/songDetail/004EXOM01fsOm8,269084414
李宇春,无价之姐,260.2万,https://y.qq.com/n/ryqq/songDetail/002VIFU90S4ICL,276518056
李宇春,蜀绣 (Live),260.2万,https://y.qq.com/n/ryqq/songDetail/001TmXYt4B8W4d,212992885
李宇春,岁岁平安,260.2万,https://y.qq.com/n/ryqq/songDetail/002aAZC611vK7v,253595744
李宇春,木兰,260.2万,https://y.qq.com/n/ryqq/songDetail/001u1WH93FIvrI,221851799
李宇春,你是人间的四月天,260.2万,https://y.qq.com/n/ryqq/songDetail/000gchU01AaLp8,231282176
李宇春,软肋,260.2万,https://y.qq.com/n/ryqq/songDetail/002JrTbh2sPtNF,306004934
李宇春,珍惜,260.2万,https://y.qq.com/n/ryqq/songDetail/003Qf9cv3etZ1t,4814942
程jiajia,别错过 (DJ阿卓版),60.6万,https://y.qq.com/n/ryqq/songDetail/003wqjv70L6e9r,312215422
程jiajia,别错过,60.6万,https://y.qq.com/n/ryqq/songDetail/001swRzF23bfVj,306688724
程jiajia,山楂树の恋,60.6万,https://y.qq.com/n/ryqq/songDetail/0021uyhB2um654,235839585
程jiajia,外婆说,60.6万,https://y.qq.com/n/ryqq/songDetail/003k4Brd06l3pY,321244491
程jiajia,好想抱住你,60.6万,https://y.qq.com/n/ryqq/songDetail/001UQGSM3ViFDV,333901100
程jiajia,我爱你,60.6万,https://y.qq.com/n/ryqq/songDetail/0013uCFc0CZ4NY,254111357
程jiajia,山楂树の恋,60.6万,https://y.qq.com/n/ryqq/songDetail/0025IDqM2Doz3m,282623801
程jiajia,还是会长大,60.6万,https://y.qq.com/n/ryqq/songDetail/0049WssU3u6012,291252656
程jiajia,玫瑰花的葬礼,60.6万,https://y.qq.com/n/ryqq/songDetail/0033YnDS02U05J,291259988
程jiajia,温柔的风,60.6万,https://y.qq.com/n/ryqq/songDetail/004RlCTM1Vcp71,244425842
王菲,如愿,347.1万,https://y.qq.com/n/ryqq/songDetail/001ufyHx10iWpg,326584182
王菲,百年孤寂,347.1万,https://y.qq.com/n/ryqq/songDetail/002wGjPc1oHGpt,7119145
王菲,匆匆那年,347.1万,https://y.qq.com/n/ryqq/songDetail/003KExF60zMMGK,9103820
王菲,因为爱情,347.1万,https://y.qq.com/n/ryqq/songDetail/001oxvQL0eOv48,1416030
王菲,红豆,347.1万,https://y.qq.com/n/ryqq/songDetail/0011nEwm2XPayS,1255742
王菲,容易受伤的女人,347.1万,https://y.qq.com/n/ryqq/songDetail/004ZTgPR3p7ftT,4944917
王菲,暧昧,347.1万,https://y.qq.com/n/ryqq/songDetail/004JLAKK2ab5ys,1539172
王菲,人间,347.1万,https://y.qq.com/n/ryqq/songDetail/001NH5UK0mk4eq,140119
王菲,约定,347.1万,https://y.qq.com/n/ryqq/songDetail/000hcBJX09LEWO,1834075
王菲,传奇,347.1万,https://y.qq.com/n/ryqq/songDetail/002twZxX087cPx,107559496
半吨兄弟,我们说好的 (烟嗓版),61.8万,https://y.qq.com/n/ryqq/songDetail/001D508N1AG4VI,330299382
半吨兄弟,漠河舞厅,61.8万,https://y.qq.com/n/ryqq/songDetail/000gwV4P3rPLAX,333308100
半吨兄弟,最后一次,61.8万,https://y.qq.com/n/ryqq/songDetail/0013TKVb1Y0wFs,330146276
半吨兄弟,飞蛾扑火 (正式版),61.8万,https://y.qq.com/n/ryqq/songDetail/002KtBfN3Apo2P,248307935
半吨兄弟,秋天不回来 (烟嗓版),61.8万,https://y.qq.com/n/ryqq/songDetail/0040Lk594bvBK0,323076658
半吨兄弟,偏爱,61.8万,https://y.qq.com/n/ryqq/songDetail/001KNgmD2dIC4D,321867916
半吨兄弟,我这一生,61.8万,https://y.qq.com/n/ryqq/songDetail/002mny3a49m118,255394303
半吨兄弟,爱情错觉,61.8万,https://y.qq.com/n/ryqq/songDetail/000CuWZ41aeVAp,233098288
半吨兄弟,口是心非 (烟嗓版),61.8万,https://y.qq.com/n/ryqq/songDetail/000AXI4V1RELvd,255770906
半吨兄弟,扛过枪 放过羊 (DJ伟然版),61.8万,https://y.qq.com/n/ryqq/songDetail/002TlqGD1IOHDR,282098455
五月天,玫瑰少年,487.5万,https://y.qq.com/n/ryqq/songDetail/0035sVym0anwc4,235883438
五月天,突然好想你,487.5万,https://y.qq.com/n/ryqq/songDetail/002M8hNI2QgtRY,447807
五月天,温柔,487.5万,https://y.qq.com/n/ryqq/songDetail/003L6xyk0vvEeA,5199848
五月天,倔强,487.5万,https://y.qq.com/n/ryqq/songDetail/004HyLC74RYiBC,4932451
五月天,知足,487.5万,https://y.qq.com/n/ryqq/songDetail/0033P66R0qEtlT,4830286
五月天,你不是真正的快乐,487.5万,https://y.qq.com/n/ryqq/songDetail/003g4dpV4bOEJs,447810
五月天,后来的我们,487.5万,https://y.qq.com/n/ryqq/songDetail/0022QuVR1LcRHN,107709592
五月天,知足 (07 最知足版),487.5万,https://y.qq.com/n/ryqq/songDetail/003Xsmq21ksC54,405388
五月天,我不愿 让你一个人,487.5万,https://y.qq.com/n/ryqq/songDetail/004LlhsV2NmnVY,1056871
五月天,刻在我心底的名字,487.5万,https://y.qq.com/n/ryqq/songDetail/003o91nr0kc8ej,320899411
阿YueYue,云与海,48.3万,https://y.qq.com/n/ryqq/songDetail/004IFjwP42XBGI,278271554
阿YueYue,不负人间,48.3万,https://y.qq.com/n/ryqq/songDetail/003CQae60y6PtK,317238885
阿YueYue,沈园外,48.3万,https://y.qq.com/n/ryqq/songDetail/00333VYG3eXFtv,291458041
阿YueYue,寻屿,48.3万,https://y.qq.com/n/ryqq/songDetail/000bBLQW0oBCG3,299603511
阿YueYue,云与海 (DJ沈念版),48.3万,https://y.qq.com/n/ryqq/songDetail/000459xh0AZwhJ,281225599
阿YueYue,予君书,48.3万,https://y.qq.com/n/ryqq/songDetail/003pK7zy498TLC,254178377
阿YueYue,不论,48.3万,https://y.qq.com/n/ryqq/songDetail/004aeCi34aQgd5,321612680
阿YueYue,不负人间 (DJ默涵版),48.3万,https://y.qq.com/n/ryqq/songDetail/004ftRoE4fzbpi,317364748
阿YueYue,止渴,48.3万,https://y.qq.com/n/ryqq/songDetail/000lJeWJ0RGLnS,318689635
阿YueYue,旧灯错,48.3万,https://y.qq.com/n/ryqq/songDetail/001MZe2i2mwTqw,255436782
队长,哪里都是你,19.3万,https://y.qq.com/n/ryqq/songDetail/000DwlYJ09mLoO,229103825
队长,楼顶上的小斑鸠,19.3万,https://y.qq.com/n/ryqq/songDetail/002WT9Ce0muiiF,309815939
队长,哪里都是你2.0,19.3万,https://y.qq.com/n/ryqq/songDetail/004Wt9120LVlNS,231979024
队长,Let Go,19.3万,https://y.qq.com/n/ryqq/songDetail/002D6bru0LMvl1,273443543
队长,可能,19.3万,https://y.qq.com/n/ryqq/songDetail/0007S3gq2yiJhh,309815932
队长,夜行,19.3万,https://y.qq.com/n/ryqq/songDetail/0043WJwI15ssNK,231875078
队长,飞到你心里,19.3万,https://y.qq.com/n/ryqq/songDetail/003hAtf03ic4IX,309815931
队长,Let Go 2.0,19.3万,https://y.qq.com/n/ryqq/songDetail/002GZPpl3J9H7y,294270825
队长,明天,19.3万,https://y.qq.com/n/ryqq/songDetail/0026mnxd1DGQjx,309815936
队长,Falling Down,19.3万,https://y.qq.com/n/ryqq/songDetail/003DZvBE3PIgF7,256030118
王力宏,好心分手,464.1万,https://y.qq.com/n/ryqq/songDetail/003MTm6H1EknjX,102950624
王力宏,缘分一道桥,464.1万,https://y.qq.com/n/ryqq/songDetail/004NXwuk36ixAW,109181039
王力宏,大城小爱,464.1万,https://y.qq.com/n/ryqq/songDetail/004O1DHG4MjYOi,105905352
王力宏,需要人陪,464.1万,https://y.qq.com/n/ryqq/songDetail/004AeIvh4ML0Bz,740366
王力宏,我们的歌,464.1万,https://y.qq.com/n/ryqq/songDetail/000NqZLy2lfXjT,102193483
王力宏,你不知道的事,464.1万,https://y.qq.com/n/ryqq/songDetail/004OhZs82CZXfA,740362
王力宏,天地龙鳞,464.1万,https://y.qq.com/n/ryqq/songDetail/001lePVO36SNSo,334382135
王力宏,爱一点,464.1万,https://y.qq.com/n/ryqq/songDetail/002HsogO0iKhf2,102070020
王力宏,花田错,464.1万,https://y.qq.com/n/ryqq/songDetail/003BM7re120wtL,105905349
王力宏,依然爱你,464.1万,https://y.qq.com/n/ryqq/songDetail/001ucwE018fmRe,974808
Alan Walker (艾兰·沃克),Faded,830.1万,https://y.qq.com/n/ryqq/songDetail/002NkERn2LNVI4,105030812
Alan Walker (艾兰·沃克),All Falls Down,830.1万,https://y.qq.com/n/ryqq/songDetail/0014ahiq40MFQ5,205127505
Alan Walker (艾兰·沃克),Move Your Body (Alan Walker Remix),830.1万,https://y.qq.com/n/ryqq/songDetail/0044Hrfj24LHOn,108957328
Alan Walker (艾兰·沃克),The Spectre,830.1万,https://y.qq.com/n/ryqq/songDetail/004WYNc84TSHJ6,203810208
Alan Walker (艾兰·沃克),Play,830.1万,https://y.qq.com/n/ryqq/songDetail/002tD7MA2eB1IL,237243943
Alan Walker (艾兰·沃克),Sorry,830.1万,https://y.qq.com/n/ryqq/songDetail/004XCzAm1cpiaJ,294068448
Alan Walker (艾兰·沃克),On My Way,830.1万,https://y.qq.com/n/ryqq/songDetail/000NgBjP4PclJ1,230253171
Alan Walker (艾兰·沃克),Ignite,830.1万,https://y.qq.com/n/ryqq/songDetail/002vbWwe3ZmffT,213907427
Alan Walker (艾兰·沃克),Alone,830.1万,https://y.qq.com/n/ryqq/songDetail/001nHOrr49sHM7,109364695
Alan Walker (艾兰·沃克),Hymn For The Weekend (Remix),830.1万,https://y.qq.com/n/ryqq/songDetail/002X3RjI43O8qj,107541252
戴羽彤,来迟,54.5万,https://y.qq.com/n/ryqq/songDetail/000qIeQR2e5HTp,305023607
戴羽彤,来迟 (DJ名龙版),54.5万,https://y.qq.com/n/ryqq/songDetail/002d96t33eyiKL,308254531
戴羽彤,漠河舞厅,54.5万,https://y.qq.com/n/ryqq/songDetail/001h4Gdc1gdvPT,334436138
戴羽彤,那个女孩 (女版),54.5万,https://y.qq.com/n/ryqq/songDetail/000Q6FV62jj8yC,320010631
戴羽彤,红色高跟鞋,54.5万,https://y.qq.com/n/ryqq/songDetail/000bXwSp4VFvbL,262768218
戴羽彤,别错过 (电子版),54.5万,https://y.qq.com/n/ryqq/songDetail/000SIYZn1MRDGJ,319616060
戴羽彤,最天使 (Live),54.5万,https://y.qq.com/n/ryqq/songDetail/001xH2ad1o6ih3,127605771
戴羽彤,醒不来的梦 (抒情版),54.5万,https://y.qq.com/n/ryqq/songDetail/001ZFQ9P4OJiyn,292015969
戴羽彤,放空 (中英文版),54.5万,https://y.qq.com/n/ryqq/songDetail/004FYd933V1sc0,318033431
戴羽彤,你的约定,54.5万,https://y.qq.com/n/ryqq/songDetail/002FczDC1WdUA1,331485283
A1 TRIP,放空,4.6万,https://y.qq.com/n/ryqq/songDetail/004ByH6Q4K9jz8,308435624
A1 TRIP,Butterfly,4.6万,https://y.qq.com/n/ryqq/songDetail/001wkuiS2peCQx,324418583
A1 TRIP,暗恋,4.6万,https://y.qq.com/n/ryqq/songDetail/000cDFqO0h1vam,319613467
A1 TRIP,Promise Me,4.6万,https://y.qq.com/n/ryqq/songDetail/000SFjcT4Few3x,311196700
A1 TRIP,浪漫小情歌,4.6万,https://y.qq.com/n/ryqq/songDetail/004YUFhg28baRa,313504713
A1 TRIP,拒绝来电(baby call me),4.6万,https://y.qq.com/n/ryqq/songDetail/001kYrmA1UCMze,322370870
A1 TRIP,我想和你在一起,4.6万,https://y.qq.com/n/ryqq/songDetail/00276Lc74FAgnV,330646181
A1 TRIP,别讲抱歉(Sorry),4.6万,https://y.qq.com/n/ryqq/songDetail/004VLb8A1FU6jx,318289476
A1 TRIP,为什么你的电话打不通,4.6万,https://y.qq.com/n/ryqq/songDetail/003Fh2jw2tvwEw,330649442
A1 TRIP,平行线（Fine like that）,4.6万,https://y.qq.com/n/ryqq/songDetail/003wnsh52CnKAn,316737219
周传雄,黄昏,208.0万,https://y.qq.com/n/ryqq/songDetail/000Sw6cm1GHNRw,526713
周传雄,青花,208.0万,https://y.qq.com/n/ryqq/songDetail/002MFDAV3rPFlo,102204539
周传雄,冬天的秘密,208.0万,https://y.qq.com/n/ryqq/songDetail/003zWj0S1kDIJA,469833
周传雄,寂寞沙洲冷,208.0万,https://y.qq.com/n/ryqq/songDetail/003XPmiG3eMglL,1334012
周传雄,关不上的窗,208.0万,https://y.qq.com/n/ryqq/songDetail/003ACATV3kb8b0,469831
周传雄,我的心太乱,208.0万,https://y.qq.com/n/ryqq/songDetail/003JuI6f0q7Ybi,102296996
周传雄,经典歌曲串烧：黄昏+我的心太乱+花香+有没有一首歌会让你想起我等,208.0万,https://y.qq.com/n/ryqq/songDetail/003koBwm01V4oD,127393018
周传雄,男人海洋,208.0万,https://y.qq.com/n/ryqq/songDetail/001CgPZg3O0v4S,1829499
周传雄,冬天的秘密 (Live),208.0万,https://y.qq.com/n/ryqq/songDetail/000YCRGm08191E,212544067
周传雄,蓝色土耳其,208.0万,https://y.qq.com/n/ryqq/songDetail/001kAb3L4GzJWY,102383399
刘大壮,自以为 (吉他版),114.8万,https://y.qq.com/n/ryqq/songDetail/001Holuf2miCji,328574780
刘大壮,我很好 (吉他版),114.8万,https://y.qq.com/n/ryqq/songDetail/0013SucF2Fjjli,282309322
刘大壮,一吻天荒 (吉他版),114.8万,https://y.qq.com/n/ryqq/songDetail/001DW4gK3HXAvk,271412436
刘大壮,最,114.8万,https://y.qq.com/n/ryqq/songDetail/000JU6Lv0igKGP,290186110
刘大壮,信仰,114.8万,https://y.qq.com/n/ryqq/songDetail/003ytFCS1KR7Je,269832706
刘大壮,三号线 (吉他版),114.8万,https://y.qq.com/n/ryqq/songDetail/001n1NJa3TuHMX,285804076
刘大壮,可惜不可惜 (吉他版),114.8万,https://y.qq.com/n/ryqq/songDetail/004YedXT4bPlxH,320131659
刘大壮,假装 (吉他版),114.8万,https://y.qq.com/n/ryqq/songDetail/003YxlIE23t3SJ,312659841
刘大壮,我不是你的宋冬野,114.8万,https://y.qq.com/n/ryqq/songDetail/000SLaBp1bnaro,255304085
刘大壮,吉他初恋,114.8万,https://y.qq.com/n/ryqq/songDetail/000LTMOO1mNBir,308351242
小乐哥,执迷不悟,36.1万,https://y.qq.com/n/ryqq/songDetail/001z4tFZ2VvIoX,276499661
小乐哥,执迷不悟 (DJ版),36.1万,https://y.qq.com/n/ryqq/songDetail/0038Y2Sl0RUSWi,278266520
小乐哥,慢慢,36.1万,https://y.qq.com/n/ryqq/songDetail/0009Lygz4WyW0o,280328907
小乐哥,高攀,36.1万,https://y.qq.com/n/ryqq/songDetail/003S2CDu2GGOCu,327321849
小乐哥,浪漫至死不渝,36.1万,https://y.qq.com/n/ryqq/songDetail/004MEzHQ1OQOxs,323313080
小乐哥,慢慢 (DJ名龙版),36.1万,https://y.qq.com/n/ryqq/songDetail/002PElcZ2Zkl4i,281575583
小乐哥,终于等到这一句,36.1万,https://y.qq.com/n/ryqq/songDetail/003L239S1ke4jN,297469744
小乐哥,高攀 (DJ楠哈哈版),36.1万,https://y.qq.com/n/ryqq/songDetail/000GmWJa1Tv3hr,327389639
小乐哥,兰亭序 (Live),36.1万,https://y.qq.com/n/ryqq/songDetail/004fDfMm1Y4Gtd,127589419
小乐哥,顽疾,36.1万,https://y.qq.com/n/ryqq/songDetail/002HHZDi449Mzd,310804085
BLACKPINK,How You Like That,598.8万,https://y.qq.com/n/ryqq/songDetail/0026GG814HkHcw,269560516
BLACKPINK,Lovesick Girls,598.8万,https://y.qq.com/n/ryqq/songDetail/001UhgdW1aLjAl,278793856
BLACKPINK,Kill This Love,598.8万,https://y.qq.com/n/ryqq/songDetail/003H6Wrn18Jvwk,230972660
BLACKPINK,DDU-DU DDU-DU (Korean Ver.),598.8万,https://y.qq.com/n/ryqq/songDetail/000XNcaR17vzPm,214118497
BLACKPINK,WHISTLE (口哨),598.8万,https://y.qq.com/n/ryqq/songDetail/001KrvAS1Zjk93,107910518
BLACKPINK,AS IF IT'S YOUR LAST (像最后一样),598.8万,https://y.qq.com/n/ryqq/songDetail/003Dkr5N2Ue0q4,202831830
BLACKPINK,Pretty Savage,598.8万,https://y.qq.com/n/ryqq/songDetail/004S8WeW0hEZv1,278793854
BLACKPINK,Don't Know What To Do,598.8万,https://y.qq.com/n/ryqq/songDetail/003wsuRu4PdcNJ,230973317
BLACKPINK,BOOMBAYAH (붐바야),598.8万,https://y.qq.com/n/ryqq/songDetail/0009pjYS4CZIjX,107910519
BLACKPINK,Ice Cream (with Selena Gomez),598.8万,https://y.qq.com/n/ryqq/songDetail/001Eb3hp2sm095,273608673
Uu (刘梦妤),气象站台,81.4万,https://y.qq.com/n/ryqq/songDetail/000JumH938huIb,297657207
Uu (刘梦妤),那女孩对我说,81.4万,https://y.qq.com/n/ryqq/songDetail/001LokF20Yw4xD,233583097
Uu (刘梦妤),夏天的风,81.4万,https://y.qq.com/n/ryqq/songDetail/0020HNvU4GxTZN,258244510
Uu (刘梦妤),慢慢,81.4万,https://y.qq.com/n/ryqq/songDetail/000ZFIAd2F2LjE,275136960
Uu (刘梦妤),全名,81.4万,https://y.qq.com/n/ryqq/songDetail/002pGbdr3Yg6kg,320763896
Uu (刘梦妤),小城小爱,81.4万,https://y.qq.com/n/ryqq/songDetail/000OesCR0rh2u1,314585593
Uu (刘梦妤),迁徙,81.4万,https://y.qq.com/n/ryqq/songDetail/000mu49j3JTbNM,330646041
Uu (刘梦妤),那些年,81.4万,https://y.qq.com/n/ryqq/songDetail/002kdqnF42Gc2F,270000761
Uu (刘梦妤),那男孩还好吗,81.4万,https://y.qq.com/n/ryqq/songDetail/002COmzJ0SPZMl,244499239
Uu (刘梦妤),自卑感,81.4万,https://y.qq.com/n/ryqq/songDetail/001X6tNH48Qz2U,236224437
张学友,吻别,684.9万,https://y.qq.com/n/ryqq/songDetail/004RDW5Q2ol2jj,105648715
张学友,只想一生跟你走,684.9万,https://y.qq.com/n/ryqq/songDetail/0033oxAn0LGrQy,8129165
张学友,如果这都不算爱,684.9万,https://y.qq.com/n/ryqq/songDetail/001vkidL3kKTDX,4900010
张学友,一千个伤心的理由,684.9万,https://y.qq.com/n/ryqq/songDetail/003QCk2S3o6gEC,543977
张学友,遥远的她 (粤语),684.9万,https://y.qq.com/n/ryqq/songDetail/000XlAS21gz2tF,102358168
张学友,饿狼传说,684.9万,https://y.qq.com/n/ryqq/songDetail/0034WmtS2fqghR,1829645
张学友,慢慢,684.9万,https://y.qq.com/n/ryqq/songDetail/0015H75B1NvYzl,1250002
张学友,等你等到我心痛,684.9万,https://y.qq.com/n/ryqq/songDetail/004W0XY80g2dbp,7234573
张学友,相思风雨中,684.9万,https://y.qq.com/n/ryqq/songDetail/003uxEks3pwy4H,164395
张学友,旧情绵绵,684.9万,https://y.qq.com/n/ryqq/songDetail/002yLJaA20Qe6L,1249734
王源,流星也为你落下来了,427.0万,https://y.qq.com/n/ryqq/songDetail/0005rvWd0W0weX,314421854
王源,穿过寒冬拥抱你,427.0万,https://y.qq.com/n/ryqq/songDetail/003t7Tq22uLR0L,335914080
王源,在未来,427.0万,https://y.qq.com/n/ryqq/songDetail/004BbAqP4TeE5T,333354372
王源,你的名字是世界瞒着我最大的事情,427.0万,https://y.qq.com/n/ryqq/songDetail/001AuPNy1DkSZB,314421865
王源,骄傲,427.0万,https://y.qq.com/n/ryqq/songDetail/003QMt9F3WhmXS,211747417
王源,疯人公园,427.0万,https://y.qq.com/n/ryqq/songDetail/0015YToP0qqH31,314421852
王源,HOME (归),427.0万,https://y.qq.com/n/ryqq/songDetail/004fBjon1ZmjRC,314421856
王源,世界上没有真正的感同身受 (Live),427.0万,https://y.qq.com/n/ryqq/songDetail/000Aj2LZ2nzdPw,231740475
王源,只要有想见的人，就不是孤身一人,427.0万,https://y.qq.com/n/ryqq/songDetail/002O9vvQ3DkCrj,229049527
王源,一些悲伤又美好的事,427.0万,https://y.qq.com/n/ryqq/songDetail/001vQLpv3Jz89v,314421862
刘至佳,危险派对,37.0万,https://y.qq.com/n/ryqq/songDetail/004R7qfh1ALctJ,324803060
刘至佳,时光背面的我,37.0万,https://y.qq.com/n/ryqq/songDetail/003u53bt2rZEA1,316051220
刘至佳,摩登爱情 (女版),37.0万,https://y.qq.com/n/ryqq/songDetail/001LP3Di1r8l6x,323171650
刘至佳,摩登爱情 (DJ阿卓版),37.0万,https://y.qq.com/n/ryqq/songDetail/004Xp0q64MHxf1,329000215
刘至佳,你的眼睛像星星 (女版),37.0万,https://y.qq.com/n/ryqq/songDetail/000wjWP91EHfGl,312370030
刘至佳,你的眼睛像星星 (DJ阿卓版),37.0万,https://y.qq.com/n/ryqq/songDetail/002mzPab19tqsR,313287364
刘至佳,说爱你,37.0万,https://y.qq.com/n/ryqq/songDetail/0022fsjW39a0zG,224928243
刘至佳,夏天,37.0万,https://y.qq.com/n/ryqq/songDetail/003ThN0Y2iVDPZ,237274226
刘至佳,平行恋人 (女版),37.0万,https://y.qq.com/n/ryqq/songDetail/001FB9NT4DLYvu,278364095
刘至佳,月牙湾,37.0万,https://y.qq.com/n/ryqq/songDetail/002pX7tP0EkCtr,228379803
李克勤,月半小夜曲,98.7万,https://y.qq.com/n/ryqq/songDetail/001cdurD2fY83O,1431046
李克勤,秒针,98.7万,https://y.qq.com/n/ryqq/songDetail/0024w35126otxT,326054081
李克勤,护花使者,98.7万,https://y.qq.com/n/ryqq/songDetail/004Z9p1Q45uuCl,1829536
李克勤,红日 (粤语),98.7万,https://y.qq.com/n/ryqq/songDetail/001qy18T16r5ZO,1829615
李克勤,一生不变,98.7万,https://y.qq.com/n/ryqq/songDetail/002UJ6H83O21Gy,1448809
李克勤,一生中最爱 (Live),98.7万,https://y.qq.com/n/ryqq/songDetail/000AJUrO1jU6Ca,330646129
李克勤,天下有情人 (Live),98.7万,https://y.qq.com/n/ryqq/songDetail/003WVNUZ1Ap2Zg,249426620
李克勤,爱你不需要理由,98.7万,https://y.qq.com/n/ryqq/songDetail/000TBgY52OwYqf,10697
李克勤,最爱 (Live),98.7万,https://y.qq.com/n/ryqq/songDetail/0002vGVA1Y24MM,209405262
李克勤,傻女 (Live),98.7万,https://y.qq.com/n/ryqq/songDetail/000TnrSP083upJ,1821779
张碧晨,只要平凡,347.3万,https://y.qq.com/n/ryqq/songDetail/003HHPxJ4638xA,214172912
张碧晨,光的方向,347.3万,https://y.qq.com/n/ryqq/songDetail/0038ujdO1c3KdA,304010757
张碧晨,如故,347.3万,https://y.qq.com/n/ryqq/songDetail/000RscgG2i34pY,320651615
张碧晨,年轮,347.3万,https://y.qq.com/n/ryqq/songDetail/001q62Bb1xCTx7,102677326
张碧晨,镌刻,347.3万,https://y.qq.com/n/ryqq/songDetail/002KewCI0QMpl2,331914192
张碧晨,凉凉,347.3万,https://y.qq.com/n/ryqq/songDetail/001Nl0W80sBSwJ,200380820
张碧晨,光的方向 (Live),347.3万,https://y.qq.com/n/ryqq/songDetail/001cTGNL1D6emT,327967409
张碧晨,不要忘记我爱你,347.3万,https://y.qq.com/n/ryqq/songDetail/000WBOXF0UMPjy,102657429
张碧晨,星空剪影 (Live),347.3万,https://y.qq.com/n/ryqq/songDetail/003DtVii0qfOjO,304863178
张碧晨,开往早晨的午夜,347.3万,https://y.qq.com/n/ryqq/songDetail/002I7Aoh32pQPK,200222056
EXO (엑소),지나갈 테니 (Been Through) (顺其自然),583.6万,https://y.qq.com/n/ryqq/songDetail/003ugx653jE2Xl,212657304
EXO (엑소),十二月的奇迹 (Miracles in December),583.6万,https://y.qq.com/n/ryqq/songDetail/000tyWZD16SFVG,5100590
EXO (엑소),Love Shot,583.6万,https://y.qq.com/n/ryqq/songDetail/0023HEeH3xzJC3,225042058
EXO (엑소),咆哮(Growl) (Chinese Ver.),583.6万,https://y.qq.com/n/ryqq/songDetail/000iCbza0g51tb,4986317
EXO (엑소),으르렁(Growl) (咆哮),583.6万,https://y.qq.com/n/ryqq/songDetail/004RqVqI3KwfBY,4986566
EXO (엑소),初雪,583.6万,https://y.qq.com/n/ryqq/songDetail/003F7B9o0C7CRM,5102851
EXO (엑소),전야 (前夜) (The Eve),583.6万,https://y.qq.com/n/ryqq/songDetail/004Hk1Nn1k8kCi,203281736
EXO (엑소),Baby, Don't Cry (Chinese Ver.),583.6万,https://y.qq.com/n/ryqq/songDetail/001tJaEo1HLoqy,4986321
EXO (엑소),Ko Ko Bop (叩叩趴),583.6万,https://y.qq.com/n/ryqq/songDetail/004A5WHv39FMYi,203281737
EXO (엑소),蝴蝶少女 (Don't go),583.6万,https://y.qq.com/n/ryqq/songDetail/000WM2uH3w62uf,5068373
张韶涵,破茧,425.2万,https://y.qq.com/n/ryqq/songDetail/001Y7zXa1p0ryF,265649028
张韶涵,淋雨一直走,425.2万,https://y.qq.com/n/ryqq/songDetail/000jgeta4Havfd,4830917
张韶涵,阿刁 (Live),425.2万,https://y.qq.com/n/ryqq/songDetail/001KxARP2Ij3hH,212892375
张韶涵,欧若拉,425.2万,https://y.qq.com/n/ryqq/songDetail/001t1qJd0DaKOs,102366335
张韶涵,亲爱的，那不是爱情,425.2万,https://y.qq.com/n/ryqq/songDetail/001zZDxD3AR3pL,414596
张韶涵,快乐崇拜,425.2万,https://y.qq.com/n/ryqq/songDetail/0022FXVL1BgCdO,102366341
张韶涵,隐形的翅膀,425.2万,https://y.qq.com/n/ryqq/songDetail/004ZX0AQ49Bc8Y,100378
张韶涵,有形的翅膀,425.2万,https://y.qq.com/n/ryqq/songDetail/000Vb13F0Pf2Y5,7112718
张韶涵,如果的事,425.2万,https://y.qq.com/n/ryqq/songDetail/0040ZKt52jxJ6Y,95410
张韶涵,黎明前的黑暗 (Live),425.2万,https://y.qq.com/n/ryqq/songDetail/003kT6Nu080HGU,254357327
白小白,我爱你不问归期,145.7万,https://y.qq.com/n/ryqq/songDetail/0015LkaZ20fy1P,258222697
白小白,爱不得忘不舍,145.7万,https://y.qq.com/n/ryqq/songDetail/003xwWKv0g5q1a,249824832
白小白,我们终究是错过,145.7万,https://y.qq.com/n/ryqq/songDetail/004FGIwg2Fzt9u,214746560
白小白,我爱你不问归期（合唱版）,145.7万,https://y.qq.com/n/ryqq/songDetail/002Taa681cH4i6,333173566
白小白,最美情侣,145.7万,https://y.qq.com/n/ryqq/songDetail/000xwNRW1eTO19,201623252
白小白,爱不得忘不舍 (DJ版),145.7万,https://y.qq.com/n/ryqq/songDetail/001QdSdF1l2R3D,249885163
白小白,最后我们没在一起,145.7万,https://y.qq.com/n/ryqq/songDetail/003GkuJW0vWdti,213034544
白小白,最后我们没在一起 (DJ伟伟Mix),145.7万,https://y.qq.com/n/ryqq/songDetail/003eD5H04PvLoo,213071260
白小白,爱不得忘不舍 (DJ加速版),145.7万,https://y.qq.com/n/ryqq/songDetail/002O9Pkk2mOJzQ,305465296
白小白,最美婚礼,145.7万,https://y.qq.com/n/ryqq/songDetail/0037TP0W3d8ANf,213773154
曲肖冰,静悄悄 (Remix),91.6万,https://y.qq.com/n/ryqq/songDetail/001EJzGW3zc33t,318459263
曲肖冰,厚颜无耻,91.6万,https://y.qq.com/n/ryqq/songDetail/000LZSEr3kTRFk,236683792
曲肖冰,反复催眠,91.6万,https://y.qq.com/n/ryqq/songDetail/000J34ln3dDPXB,331353237
曲肖冰,当真,91.6万,https://y.qq.com/n/ryqq/songDetail/000mYvlv2HvIg5,215951234
曲肖冰,走马,91.6万,https://y.qq.com/n/ryqq/songDetail/002Ee2W21JAfYl,200503437
曲肖冰,静悄悄,91.6万,https://y.qq.com/n/ryqq/songDetail/000WyUF03DywGy,218109539
曲肖冰,太阳 (正式版),91.6万,https://y.qq.com/n/ryqq/songDetail/0033upXO0xmskX,239132884
曲肖冰,天亮以前说再见,91.6万,https://y.qq.com/n/ryqq/songDetail/000toHZo1K8Bec,226739530
曲肖冰,清空,91.6万,https://y.qq.com/n/ryqq/songDetail/004dQefs1nDE3n,300575025
曲肖冰,离人愁,91.6万,https://y.qq.com/n/ryqq/songDetail/000BqKaL17enVh,213465893
大籽,白月光与朱砂痣,59.5万,https://y.qq.com/n/ryqq/songDetail/002iqQ4I1wyB7L,291911135
大籽,放空,59.5万,https://y.qq.com/n/ryqq/songDetail/004ByH6Q4K9jz8,308435624
大籽,白月光与朱砂痣 (DJ小鱼儿版),59.5万,https://y.qq.com/n/ryqq/songDetail/004AOacG1ZQCuV,294270581
大籽,倒计时,59.5万,https://y.qq.com/n/ryqq/songDetail/0035lF7v4HktWN,331732670
大籽,花与马,59.5万,https://y.qq.com/n/ryqq/songDetail/004eCA9l2eQt2S,296149534
大籽,不可抗力,59.5万,https://y.qq.com/n/ryqq/songDetail/000LIpwz1g6MlJ,221416496
大籽,行星,59.5万,https://y.qq.com/n/ryqq/songDetail/0033oGAc2jd4xD,275207828
大籽,都市丽人生存报告,59.5万,https://y.qq.com/n/ryqq/songDetail/000Pi2Sd3m2M7O,251313640
大籽,花与马 (DJ版),59.5万,https://y.qq.com/n/ryqq/songDetail/002q72uv0xnmgb,296556395
大籽,白月光与朱砂痣 (Remix),59.5万,https://y.qq.com/n/ryqq/songDetail/003nPWIY3txWIA,293337265
杜宣达,指纹,4.3万,https://y.qq.com/n/ryqq/songDetail/000HTbQv2OHqYi,331264584
杜宣达,原来我从未忘记你,4.3万,https://y.qq.com/n/ryqq/songDetail/002wQvYs18lq9l,326982560
杜宣达,我不配,4.3万,https://y.qq.com/n/ryqq/songDetail/000uC9tn4T1LQ0,293994348
杜宣达,花海,4.3万,https://y.qq.com/n/ryqq/songDetail/003wkkwR1pQmmI,278476331
杜宣达,像鱼,4.3万,https://y.qq.com/n/ryqq/songDetail/002RxJ0O3YcMy6,127546882
杜宣达,即兴,4.3万,https://y.qq.com/n/ryqq/songDetail/002t5DDR3WVFhv,127546883
杜宣达,坠落星空【治愈吉他版】,4.3万,https://y.qq.com/n/ryqq/songDetail/001bMKqH3FM7Eo,264347190
杜宣达,我爱她【治愈吉他版】,4.3万,https://y.qq.com/n/ryqq/songDetail/000YAkTe3RFM5K,264347270
杜宣达,爱你没错,4.3万,https://y.qq.com/n/ryqq/songDetail/0014G1tU4aJ2Lb,328051405
杜宣达,空白格,4.3万,https://y.qq.com/n/ryqq/songDetail/002VQMbR1WMQDO,264347062
房东的猫,New Boy ,147.9万,https://y.qq.com/n/ryqq/songDetail/003UTVCN0QvffG,318200470
房东的猫,云烟成雨,147.9万,https://y.qq.com/n/ryqq/songDetail/001yYM0I30CzdP,204586755
房东的猫,是对爱的渴望,147.9万,https://y.qq.com/n/ryqq/songDetail/002u5gMr3Lak6j,333736865
房东的猫,我可以,147.9万,https://y.qq.com/n/ryqq/songDetail/0039o8U140hL15,244627419
房东的猫,下一站，茶山刘,147.9万,https://y.qq.com/n/ryqq/songDetail/000gYjUp2aHqed,202883260
房东的猫,斑马斑马 (翻唱),147.9万,https://y.qq.com/n/ryqq/songDetail/003NfW9d3lhFUE,246019413
房东的猫,rainy night/雨夜 (Ft. 房东的猫),147.9万,https://y.qq.com/n/ryqq/songDetail/002bOExX3qddJh,319785095
房东的猫,蝴蝶之夏,147.9万,https://y.qq.com/n/ryqq/songDetail/001q3yaN0SVDTP,224988376
房东的猫,我是任何野蛮生长的事物,147.9万,https://y.qq.com/n/ryqq/songDetail/003fyuuV0TD8v5,287173908
房东的猫,时光，一如既往,147.9万,https://y.qq.com/n/ryqq/songDetail/002j31BN4azXch,299626667
张靓颖,女儿国,415.5万,https://y.qq.com/n/ryqq/songDetail/003YYX4K3gTZBT,212046553
张靓颖,我的梦,415.5万,https://y.qq.com/n/ryqq/songDetail/003FIqDQ0xyaGF,105044366
张靓颖,一生一次心一动,415.5万,https://y.qq.com/n/ryqq/songDetail/0030GNzn2XQXpg,331914611
张靓颖,如果这就是爱情,415.5万,https://y.qq.com/n/ryqq/songDetail/002vghem1otEWQ,770724
张靓颖,画心,415.5万,https://y.qq.com/n/ryqq/songDetail/0045cdSn27l6YM,441134
张靓颖,我们说好的,415.5万,https://y.qq.com/n/ryqq/songDetail/000IS4iG07Wwhr,402497
张靓颖,如果爱下去,415.5万,https://y.qq.com/n/ryqq/songDetail/002E9hkT4P5J3n,178681
张靓颖,终于等到你,415.5万,https://y.qq.com/n/ryqq/songDetail/003dIT9t46SLw8,5026333
张靓颖,燕归巢,415.5万,https://y.qq.com/n/ryqq/songDetail/000MbcLT3Rrxqi,102174397
张靓颖,雨蝶 (Live),415.5万,https://y.qq.com/n/ryqq/songDetail/002yMPiX3tRqyL,213374392
Taylor Swift (泰勒·斯威夫特),Love Story,1001.4万,https://y.qq.com/n/ryqq/songDetail/004GK4aP4TGbbG,639141
Taylor Swift (泰勒·斯威夫特),Cruel Summer,1001.4万,https://y.qq.com/n/ryqq/songDetail/0013TCdl37SVzP,235175529
Taylor Swift (泰勒·斯威夫特),Blank Space,1001.4万,https://y.qq.com/n/ryqq/songDetail/003VHaBb0wCHop,9109354
Taylor Swift (泰勒·斯威夫特),Lover,1001.4万,https://y.qq.com/n/ryqq/songDetail/004DHn5044x7Oy,235175530
Taylor Swift (泰勒·斯威夫特),Welcome To New York,1001.4万,https://y.qq.com/n/ryqq/songDetail/002WCV372JMZJw,9109353
Taylor Swift (泰勒·斯威夫特),I Knew You Were Trouble,1001.4万,https://y.qq.com/n/ryqq/songDetail/002UQcup2VNwVV,2480405
Taylor Swift (泰勒·斯威夫特),exile,1001.4万,https://y.qq.com/n/ryqq/songDetail/001Au6Iw15kRp6,273139295
Taylor Swift (泰勒·斯威夫特),Look What You Made Me Do,1001.4万,https://y.qq.com/n/ryqq/songDetail/003hvIkL1QiILk,203691607
Taylor Swift (泰勒·斯威夫特),Wildest Dreams,1001.4万,https://y.qq.com/n/ryqq/songDetail/001546Nv3cy1er,9109361
Taylor Swift (泰勒·斯威夫特),Love Story(Taylor’s Version),1001.4万,https://y.qq.com/n/ryqq/songDetail/003NtRLm0KTp7h,323156384
虎二,窗,65.4万,https://y.qq.com/n/ryqq/songDetail/003h4Nqn3RENQ4,311880134
虎二,你应该很快乐,65.4万,https://y.qq.com/n/ryqq/songDetail/003H9bZy1KGYH0,127233942
虎二,你一定要幸福,65.4万,https://y.qq.com/n/ryqq/songDetail/001gPpBl27Wcnw,219125693
虎二,等不到,65.4万,https://y.qq.com/n/ryqq/songDetail/002KGdP81XSmVP,232544578
虎二,离开我你快乐吗,65.4万,https://y.qq.com/n/ryqq/songDetail/004FDOIt2kTKjX,222992981
虎二,一百万个可能,65.4万,https://y.qq.com/n/ryqq/songDetail/004dbfuf1jEjpI,217181700
虎二,一个人决定,65.4万,https://y.qq.com/n/ryqq/songDetail/001dOlLd1jxVKK,229109645
虎二,不仅仅是喜欢,65.4万,https://y.qq.com/n/ryqq/songDetail/0037gokD1AHk0J,120001066
虎二,过去了,65.4万,https://y.qq.com/n/ryqq/songDetail/003QUepS4Pet06,247504957
虎二,尘土,65.4万,https://y.qq.com/n/ryqq/songDetail/000unfmN0Ke5AC,215954972
郭顶,我们俩,65.0万,https://y.qq.com/n/ryqq/songDetail/003MASv802hpJ7,105413206
郭顶,水星记,65.0万,https://y.qq.com/n/ryqq/songDetail/00485V8K4InqbZ,109291468
郭顶,保留,65.0万,https://y.qq.com/n/ryqq/songDetail/003kC9Vx0LrGdd,109360107
郭顶,凄美地,65.0万,https://y.qq.com/n/ryqq/songDetail/00057jkW1DsOrQ,108955211
郭顶,想着你,65.0万,https://y.qq.com/n/ryqq/songDetail/00331ISN37M4v7,109360104
郭顶,情歌两三首,65.0万,https://y.qq.com/n/ryqq/songDetail/001r6qND1nodZO,100483195
郭顶,每个眼神都只身荒野,65.0万,https://y.qq.com/n/ryqq/songDetail/000EAF9r3nGEdX,109360108
郭顶,不是说好的吗,65.0万,https://y.qq.com/n/ryqq/songDetail/000QhLdB2q1Io1,149162
郭顶,幸运大门,65.0万,https://y.qq.com/n/ryqq/songDetail/001ETakU3sX1gP,624389
郭顶,在云端,65.0万,https://y.qq.com/n/ryqq/songDetail/003YmEOh1Q1HI2,109360106
黄霄雲,星辰大海,68.7万,https://y.qq.com/n/ryqq/songDetail/002LNOds0rYvpK,293695482
黄霄雲,幻想,68.7万,https://y.qq.com/n/ryqq/songDetail/003mtpTf0Yj6Bi,324754450
黄霄雲,《星辰大海》建党百年主题音乐,68.7万,https://y.qq.com/n/ryqq/songDetail/0039g7yk0Yemhd,313478658
黄霄雲,带我去很远地方,68.7万,https://y.qq.com/n/ryqq/songDetail/003B5XyG05zbQ5,319352928
黄霄雲,Wish You Were Here,68.7万,https://y.qq.com/n/ryqq/songDetail/00216HFs2JHZua,321148609
黄霄雲,Sad Sometimes,68.7万,https://y.qq.com/n/ryqq/songDetail/004btiGP3lBOt9,238405865
黄霄雲,平行线 (Wish You Were Here),68.7万,https://y.qq.com/n/ryqq/songDetail/004VQ5jq3KCth4,317833123
黄霄雲,左手指月 (Live),68.7万,https://y.qq.com/n/ryqq/songDetail/003eD4ak3oCYxz,225712637
黄霄雲,梦返,68.7万,https://y.qq.com/n/ryqq/songDetail/002uJsik1HQOYw,312801134
黄霄雲,左手指月 (纯享版),68.7万,https://y.qq.com/n/ryqq/songDetail/0025hxa92dbW2R,227324427
来一碗老于,解药 (新版),52.7万,https://y.qq.com/n/ryqq/songDetail/0037YjOm4c23EL,317956947
来一碗老于,云水谣 (新版),52.7万,https://y.qq.com/n/ryqq/songDetail/002syzQf1ayiiD,322359298
来一碗老于,云水谣,52.7万,https://y.qq.com/n/ryqq/songDetail/001LiuCL309VKM,127598219
来一碗老于,关于你我还没想好,52.7万,https://y.qq.com/n/ryqq/songDetail/000cQ0Jg4fnuYb,292932850
来一碗老于,解药,52.7万,https://y.qq.com/n/ryqq/songDetail/000Ez4qH3BLZmT,127619282
来一碗老于,谪仙 (老于版),52.7万,https://y.qq.com/n/ryqq/songDetail/002Q4hz93OJF1y,319806592
来一碗老于,春泥 (Demo),52.7万,https://y.qq.com/n/ryqq/songDetail/001lsJDr4QWE8m,322287316
来一碗老于,桃花诺,52.7万,https://y.qq.com/n/ryqq/songDetail/0046EM9B3xb2kD,127610140
来一碗老于,春庭雪 (Demo),52.7万,https://y.qq.com/n/ryqq/songDetail/000dRqPH2QMzyB,325106497
来一碗老于,一吻天荒 (Live),52.7万,https://y.qq.com/n/ryqq/songDetail/0006rq1B1KWbuN,127628284
金志文,自娱自乐,188.7万,https://y.qq.com/n/ryqq/songDetail/001DdpQA0ZzQCH,321583991
金志文,远走高飞 (独唱版),188.7万,https://y.qq.com/n/ryqq/songDetail/0027zPYs3A9fyb,201949026
金志文,太傻 (Live),188.7万,https://y.qq.com/n/ryqq/songDetail/000OIGu03YtdZj,108883944
金志文,难以启齿的柔弱,188.7万,https://y.qq.com/n/ryqq/songDetail/002kROg53HRjXc,462620
金志文,远走高飞 (合唱版),188.7万,https://y.qq.com/n/ryqq/songDetail/001MVT301EZOQr,202044507
金志文,夏洛特烦恼,188.7万,https://y.qq.com/n/ryqq/songDetail/0003lSMc4KXPxX,104338750
金志文,肩上蝶,188.7万,https://y.qq.com/n/ryqq/songDetail/001qULbd2IPmXQ,4830999
金志文,千年,188.7万,https://y.qq.com/n/ryqq/songDetail/0010hBPF4TtDbz,212877966
金志文,流着泪说分手,188.7万,https://y.qq.com/n/ryqq/songDetail/001aNWZH3H5C08,462622
金志文,自娱自乐 (Remix),188.7万,https://y.qq.com/n/ryqq/songDetail/0040qoZ83zxY1l,326334023
Imagine Dragons (梦龙),ENEMY (宿敌),163.9万,https://y.qq.com/n/ryqq/songDetail/000PrVH61RayLn,330642021
Imagine Dragons (梦龙),Enemy,163.9万,https://y.qq.com/n/ryqq/songDetail/001NQbkk0UekFI,331813547
Imagine Dragons (梦龙),Shots (Broiler Remix),163.9万,https://y.qq.com/n/ryqq/songDetail/001Ue5983QvMUm,102387639
Imagine Dragons (梦龙),Believer,163.9万,https://y.qq.com/n/ryqq/songDetail/0041Jedy2YybNI,227167821
Imagine Dragons (梦龙),Demons,163.9万,https://y.qq.com/n/ryqq/songDetail/000XIqSK0YYIiL,1149425
Imagine Dragons (梦龙),Natural,163.9万,https://y.qq.com/n/ryqq/songDetail/0041LIv52fRAvF,214735663
Imagine Dragons (梦龙),Believer,163.9万,https://y.qq.com/n/ryqq/songDetail/003uk0GY3wjLw8,202210558
Imagine Dragons (梦龙),Radioactive,163.9万,https://y.qq.com/n/ryqq/songDetail/004W48Vn3R3mly,1149424
Imagine Dragons (梦龙),Warriors,163.9万,https://y.qq.com/n/ryqq/songDetail/003SdGZm3fqsUa,203514080
Imagine Dragons (梦龙),Whatever It Takes,163.9万,https://y.qq.com/n/ryqq/songDetail/00318kzZ38BaJ4,202210260
王以太,危险派对,22.5万,https://y.qq.com/n/ryqq/songDetail/004R7qfh1ALctJ,324803060
王以太,BIG TIME,22.5万,https://y.qq.com/n/ryqq/songDetail/0009rycf2Pp9Fa,332063548
王以太,目不转睛,22.5万,https://y.qq.com/n/ryqq/songDetail/001WMCQn0LpdQH,214745858
王以太,目不转睛 (Live),22.5万,https://y.qq.com/n/ryqq/songDetail/003FgG6Z4ZPsTe,216080561
王以太,有一颗星为我存在,22.5万,https://y.qq.com/n/ryqq/songDetail/002fWfE80VfkAI,225578682
王以太,阿司匹林 (Live),22.5万,https://y.qq.com/n/ryqq/songDetail/000umFZT1E7PHz,326630942
王以太,无畏 (Live),22.5万,https://y.qq.com/n/ryqq/songDetail/002z1zl22nLJ8z,320299916
王以太,童言无忌 (Live),22.5万,https://y.qq.com/n/ryqq/songDetail/001zx0Am1UYgPe,216985205
王以太,目不转睛 (Live),22.5万,https://y.qq.com/n/ryqq/songDetail/001IifIX2TIysp,217599949
王以太,四面楚歌,22.5万,https://y.qq.com/n/ryqq/songDetail/001gIAM52NsvSO,237273776
张信哲,爱如潮水,254.8万,https://y.qq.com/n/ryqq/songDetail/001oEME64eXNbp,105876234
张信哲,爱就一个字,254.8万,https://y.qq.com/n/ryqq/songDetail/004MVmia0q98lZ,6404955
张信哲,别怕我伤心,254.8万,https://y.qq.com/n/ryqq/songDetail/000z6RLz2OWlRY,5160887
张信哲,过火,254.8万,https://y.qq.com/n/ryqq/songDetail/002bongo1BDtKz,7269
张信哲,信仰,254.8万,https://y.qq.com/n/ryqq/songDetail/001SE3Nh3ZMQCD,15441
张信哲,爱你没错,254.8万,https://y.qq.com/n/ryqq/songDetail/000IypSk4MT4KG,102059449
张信哲,信仰,254.8万,https://y.qq.com/n/ryqq/songDetail/004AyQh208XBth,227796537
张信哲,从开始到现在,254.8万,https://y.qq.com/n/ryqq/songDetail/001eVDr11LqEeU,1505459
张信哲,有一点动心,254.8万,https://y.qq.com/n/ryqq/songDetail/000xFG441g9WWP,5160895
张信哲,太想爱你,254.8万,https://y.qq.com/n/ryqq/songDetail/004S4CHp4UcoKO,230170
The Kid LAROI,STAY (Explicit),13.9万,https://y.qq.com/n/ryqq/songDetail/0043EX2e2F6JCA,316391467
The Kid LAROI,STAY,13.9万,https://y.qq.com/n/ryqq/songDetail/0017J4Io2X59Qx,318932633
The Kid LAROI,Stay(feat. The Kid LAROI) (Explicit),13.9万,https://y.qq.com/n/ryqq/songDetail/003EOZWU4UQfGH,306046873
The Kid LAROI,Unstable,13.9万,https://y.qq.com/n/ryqq/songDetail/001PpGDc1rvJSz,300113889
The Kid LAROI,GO (Explicit),13.9万,https://y.qq.com/n/ryqq/songDetail/0006CnqQ3C1bLV,268459559
The Kid LAROI,NOT SOBER (Explicit),13.9万,https://y.qq.com/n/ryqq/songDetail/003xOkm235XxEd,317780158
The Kid LAROI,WITHOUT YOU (Explicit),13.9万,https://y.qq.com/n/ryqq/songDetail/001OtuEy22OOAi,282907305
The Kid LAROI,F*CK YOU, GOODBYE (Explicit),13.9万,https://y.qq.com/n/ryqq/songDetail/000HpYxH2FLJzb,282907301
The Kid LAROI,Diva (Explicit),13.9万,https://y.qq.com/n/ryqq/songDetail/0028hHf73ZilOr,252865881
The Kid LAROI,ATTENTION (Explicit),13.9万,https://y.qq.com/n/ryqq/songDetail/002hTAWp1MhtN4,318931535
林宥嘉,说谎,280.7万,https://y.qq.com/n/ryqq/songDetail/000W95Fk3lAVxV,638596
林宥嘉,残酷月光,280.7万,https://y.qq.com/n/ryqq/songDetail/002FeoGW3Y832q,102296994
林宥嘉,想自由,280.7万,https://y.qq.com/n/ryqq/songDetail/0008y2Nk0IEH0p,7122835
林宥嘉,成全,280.7万,https://y.qq.com/n/ryqq/songDetail/001mGEoQ0iQrz1,213973896
林宥嘉,兜圈,280.7万,https://y.qq.com/n/ryqq/songDetail/001UbzjR3aioul,104926344
林宥嘉,浪费,280.7万,https://y.qq.com/n/ryqq/songDetail/000SU3OH3Nu5hx,4830759
林宥嘉,金曲串烧：说谎+残酷月光+浪费+全世界谁倾听你等,280.7万,https://y.qq.com/n/ryqq/songDetail/003Rzv8e2gmxbm,127393015
林宥嘉,你是我的眼,280.7万,https://y.qq.com/n/ryqq/songDetail/002HwV7r2zx50j,777178
林宥嘉,致姗姗来迟的你,280.7万,https://y.qq.com/n/ryqq/songDetail/003Iq94Q0SnePV,108749881
林宥嘉,我爱的人,280.7万,https://y.qq.com/n/ryqq/songDetail/002PBpfw3DWK8e,7124836
孙燕姿,遇见,354.3万,https://y.qq.com/n/ryqq/songDetail/001xJbdb2MBaaz,8145
孙燕姿,开始懂了,354.3万,https://y.qq.com/n/ryqq/songDetail/003PSWcB4EDl6P,5646
孙燕姿,我怀念的,354.3万,https://y.qq.com/n/ryqq/songDetail/000BO3xy4fd8BJ,5211338
孙燕姿,天黑黑,354.3万,https://y.qq.com/n/ryqq/songDetail/000CbUE00I998M,5211222
孙燕姿,逆光,354.3万,https://y.qq.com/n/ryqq/songDetail/000vEqEm3Jy8Ot,5211334
孙燕姿,绿光,354.3万,https://y.qq.com/n/ryqq/songDetail/000WugRh2zj35y,100893994
孙燕姿,温柔 #MaydayBlue20th,354.3万,https://y.qq.com/n/ryqq/songDetail/000qzndv3RJUjM,248641051
孙燕姿,我不难过,354.3万,https://y.qq.com/n/ryqq/songDetail/003338nA3F9FWl,331464283
孙燕姿,第一天,354.3万,https://y.qq.com/n/ryqq/songDetail/00282pxp009eOa,100893886
孙燕姿,世界终结前一天,354.3万,https://y.qq.com/n/ryqq/songDetail/004GVXhr2kGrkb,335294658
蔡健雅,红色高跟鞋,149.5万,https://y.qq.com/n/ryqq/songDetail/003IGhQO0JdnuC,624649
蔡健雅,LETTING GO,149.5万,https://y.qq.com/n/ryqq/songDetail/004aJoYT3ia7al,1030353
蔡健雅,思念是一种病,149.5万,https://y.qq.com/n/ryqq/songDetail/003ilXfl3EWxcV,103697658
蔡健雅,越来越不懂,149.5万,https://y.qq.com/n/ryqq/songDetail/0037OKVx2ybIUT,102191338
蔡健雅,Beautiful Love,149.5万,https://y.qq.com/n/ryqq/songDetail/004fQTu016b9W4,145324
蔡健雅,被驯服的象,149.5万,https://y.qq.com/n/ryqq/songDetail/004AUBNe2ayqrK,5020469
蔡健雅,紫 (片中版),149.5万,https://y.qq.com/n/ryqq/songDetail/001g2wIy33mRtt,203241465
蔡健雅,空白格,149.5万,https://y.qq.com/n/ryqq/songDetail/003vlwdT0f5NFw,102193376
蔡健雅,越来越不懂,149.5万,https://y.qq.com/n/ryqq/songDetail/001naIrr2wx0d0,408050
蔡健雅,别找我麻烦,149.5万,https://y.qq.com/n/ryqq/songDetail/004KYudz0nNX8S,1030808
BIGBANG (빅뱅),IF YOU,1357.4万,https://y.qq.com/n/ryqq/songDetail/000GDzSZ0yAEB9,102793935
BIGBANG (빅뱅),Haru Haru (一天一天),1357.4万,https://y.qq.com/n/ryqq/songDetail/001S0qKq0Vrdw4,7086704
BIGBANG (빅뱅),Lies (谎言),1357.4万,https://y.qq.com/n/ryqq/songDetail/004PBghD2IVci7,7094913
BIGBANG (빅뱅),Let's not fall in love (우리 사랑하지 말아요),1357.4万,https://y.qq.com/n/ryqq/songDetail/0015STaX0b1FBE,102954020
BIGBANG (빅뱅),Blue,1357.4万,https://y.qq.com/n/ryqq/songDetail/000tp7LK0ebcZv,1148636
BIGBANG (빅뱅),Fantastic Baby,1357.4万,https://y.qq.com/n/ryqq/songDetail/0016j8j527uqHq,1166273
BIGBANG (빅뱅),LOSER (失败者),1357.4万,https://y.qq.com/n/ryqq/songDetail/002HuRZ4120Ght,102376507
BIGBANG (빅뱅),BANG BANG BANG (뱅뱅뱅),1357.4万,https://y.qq.com/n/ryqq/songDetail/000ThqP30Wzpcy,102629053
BIGBANG (빅뱅),SOBER (清醒),1357.4万,https://y.qq.com/n/ryqq/songDetail/003U8Ej82yXufm,102793934
BIGBANG (빅뱅),FXXK IT,1357.4万,https://y.qq.com/n/ryqq/songDetail/003fosyZ0OhEUy,109714341
秦海清,不如,7.8万,https://y.qq.com/n/ryqq/songDetail/004UkzBC2TqjK4,310637306
秦海清,不如 (DJ抖音完整版),7.8万,https://y.qq.com/n/ryqq/songDetail/000P9X9033jAD5,323010915
秦海清,不如 (伴奏),7.8万,https://y.qq.com/n/ryqq/songDetail/001AOvGl0OLI1D,310637305
秦海清,不如 (DJ阿卓版&DJ小秋版),7.8万,https://y.qq.com/n/ryqq/songDetail/004XabFT2E4vcC,318103958
秦海清,善变,7.8万,https://y.qq.com/n/ryqq/songDetail/002UFw161vPNde,307152354
秦海清,不敢给你听的情歌,7.8万,https://y.qq.com/n/ryqq/songDetail/002qbAod46I87f,290424827
秦海清,三行情书,7.8万,https://y.qq.com/n/ryqq/songDetail/001Ww34x3cMNhC,305455542
秦海清,醒不来的梦 (乐队版),7.8万,https://y.qq.com/n/ryqq/songDetail/000o0KtE44mH6d,305455088
秦海清,沉默分离,7.8万,https://y.qq.com/n/ryqq/songDetail/001iByxX3YKs1J,320312010
秦海清,不如 (DJ沈念&DJ小帽版),7.8万,https://y.qq.com/n/ryqq/songDetail/004e6Ibw0WwEqQ,318790600
烟(许佳豪),偏爱和例外,12.6万,https://y.qq.com/n/ryqq/songDetail/004IL6nZ3AnUmq,327322033
烟(许佳豪),想你这件事,12.6万,https://y.qq.com/n/ryqq/songDetail/002zFB7i0AYmFG,312113879
烟(许佳豪),想你这件事 (正式版),12.6万,https://y.qq.com/n/ryqq/songDetail/0049J5n84Tv8oT,315282520
烟(许佳豪),观众 (正式版),12.6万,https://y.qq.com/n/ryqq/songDetail/002jTpr92VobqJ,319345660
烟(许佳豪),观众,12.6万,https://y.qq.com/n/ryqq/songDetail/002cOCfv4G7QLN,317020384
烟(许佳豪),隐疾,12.6万,https://y.qq.com/n/ryqq/songDetail/0024t5OO23RvGz,317821052
烟(许佳豪),65平方的爱情,12.6万,https://y.qq.com/n/ryqq/songDetail/000xOCz30B7hn1,333634968
烟(许佳豪),隐疾 (吉他版),12.6万,https://y.qq.com/n/ryqq/songDetail/000Sjvie1ugECD,317135252
烟(许佳豪),烟(许佳豪)创作的原声,12.6万,https://y.qq.com/n/ryqq/songDetail/0038AmGv3KIQbD,127630458
烟(许佳豪),烟(许佳豪)创作的原声,12.6万,https://y.qq.com/n/ryqq/songDetail/003A7fqs0J5osp,127661961
Vicetone,Walk Thru Fire,91.9万,https://y.qq.com/n/ryqq/songDetail/003qVwBR3TxLLp,215423811
Vicetone,Nevada,91.9万,https://y.qq.com/n/ryqq/songDetail/0003f0rs1QRK8w,107535812
Vicetone,Way Back (feat. Cozi Zuehlsdorff),91.9万,https://y.qq.com/n/ryqq/songDetail/003f71vb33KGQT,213321892
Vicetone,Angels (Radio Edit),91.9万,https://y.qq.com/n/ryqq/songDetail/003Boujh1jwoM7,107585686
Vicetone,The New Kings,91.9万,https://y.qq.com/n/ryqq/songDetail/004549vf0kqhia,105571475
Vicetone,Astronomia,91.9万,https://y.qq.com/n/ryqq/songDetail/001meJW635oB8C,108656247
Vicetone,Wish You Were Here,91.9万,https://y.qq.com/n/ryqq/songDetail/00216HFs2JHZua,321148609
Vicetone,平行线 (Wish You Were Here),91.9万,https://y.qq.com/n/ryqq/songDetail/004VQ5jq3KCth4,317833123
Vicetone,Ensemble,91.9万,https://y.qq.com/n/ryqq/songDetail/003eVA8R1qGKdD,109107370
Vicetone,Angels (Extended Mix),91.9万,https://y.qq.com/n/ryqq/songDetail/003VMEyB0wKlsK,107585687
刘若英,后来,244.8万,https://y.qq.com/n/ryqq/songDetail/000XeLXA3X8CTH,4830150
刘若英,当爱在靠近,244.8万,https://y.qq.com/n/ryqq/songDetail/000SGl2m1jfQJX,4830211
刘若英,为爱痴狂,244.8万,https://y.qq.com/n/ryqq/songDetail/003FKXPn0vJr7C,1948018
刘若英,后来,244.8万,https://y.qq.com/n/ryqq/songDetail/000mmx6T0EAxjO,261482231
刘若英,原来你也在这里,244.8万,https://y.qq.com/n/ryqq/songDetail/001Mb1pe1MUjrg,136473
刘若英,成全,244.8万,https://y.qq.com/n/ryqq/songDetail/004SYfOv2KgUqk,4931339
刘若英,很爱很爱你,244.8万,https://y.qq.com/n/ryqq/songDetail/000WV4TP1AqItt,4830124
刘若英,分开旅行,244.8万,https://y.qq.com/n/ryqq/songDetail/001oG2nR3Dx4Hs,136471
刘若英,后来 (Live),244.8万,https://y.qq.com/n/ryqq/songDetail/001G5IgY2gHy1T,1889266
刘若英,一辈子的孤单,244.8万,https://y.qq.com/n/ryqq/songDetail/004VDzQb2pjVKR,103968846
赵雷,成都,253.8万,https://y.qq.com/n/ryqq/songDetail/003TLWoN0gQnP5,200790315
赵雷,鼓楼,253.8万,https://y.qq.com/n/ryqq/songDetail/001JWMPW4aZyhR,200549981
赵雷,南方姑娘,253.8万,https://y.qq.com/n/ryqq/songDetail/001O8Fq6090GIP,2480942
赵雷,我们的时光,253.8万,https://y.qq.com/n/ryqq/songDetail/003ITzMw2CRNZX,100641068
赵雷,画,253.8万,https://y.qq.com/n/ryqq/songDetail/003ThnHE0lOP3W,106707604
赵雷,理想,253.8万,https://y.qq.com/n/ryqq/songDetail/002YiXmX3PKZHE,100641069
赵雷,少年锦时,253.8万,https://y.qq.com/n/ryqq/songDetail/000vNzlL39BsNt,100641066
赵雷,阿刁,253.8万,https://y.qq.com/n/ryqq/songDetail/003fV3uf1b2Lba,200549980
赵雷,成都 (Live),253.8万,https://y.qq.com/n/ryqq/songDetail/000MCRpx0myGAL,200576210
赵雷,三十岁的女人,253.8万,https://y.qq.com/n/ryqq/songDetail/002i47OG1GAKRM,100641070
陈慧娴,千千阙歌,87.2万,https://y.qq.com/n/ryqq/songDetail/000E8jPw26JFub,130363
陈慧娴,傻女,87.2万,https://y.qq.com/n/ryqq/songDetail/003brDHY0I5yrc,130453
陈慧娴,情意结,87.2万,https://y.qq.com/n/ryqq/songDetail/002bPcqS35x2x6,105828859
陈慧娴,人生何处不相逢,87.2万,https://y.qq.com/n/ryqq/songDetail/003VpJoJ4Dw4Wp,104482954
陈慧娴,飘雪,87.2万,https://y.qq.com/n/ryqq/songDetail/001OPYkX03qrKo,1319265
陈慧娴,月半小夜曲 (Live),87.2万,https://y.qq.com/n/ryqq/songDetail/002HRnuj4Byp5x,423320
陈慧娴,孤单背影,87.2万,https://y.qq.com/n/ryqq/songDetail/003atdQR0pkXFx,1319258
陈慧娴,月亮,87.2万,https://y.qq.com/n/ryqq/songDetail/002xVTlI15cjDR,1319259
陈慧娴,夜机,87.2万,https://y.qq.com/n/ryqq/songDetail/004DPtX817wgZd,130366
陈慧娴,归来吧,87.2万,https://y.qq.com/n/ryqq/songDetail/004Vpw254KExBN,1319268
Sia (希雅),Unstoppable,238.4万,https://y.qq.com/n/ryqq/songDetail/003cgvUi1axThX,105355378
Sia (希雅),Move Your Body (Alan Walker Remix),238.4万,https://y.qq.com/n/ryqq/songDetail/0044Hrfj24LHOn,108957328
Sia (希雅),Cheap Thrills,238.4万,https://y.qq.com/n/ryqq/songDetail/000Ye81T35vEQT,105389011
Sia (希雅),Dusk Till Dawn,238.4万,https://y.qq.com/n/ryqq/songDetail/002Jj3at1u52e0,203787489
Sia (希雅),Move Your Body,238.4万,https://y.qq.com/n/ryqq/songDetail/002fucxO4YRfYv,105540738
Sia (希雅),Flames,238.4万,https://y.qq.com/n/ryqq/songDetail/002HlJI72XCg2T,213390987
Sia (希雅),Chandelier,238.4万,https://y.qq.com/n/ryqq/songDetail/000EHinr45WYRr,297547114
Sia (希雅),The Greatest,238.4万,https://y.qq.com/n/ryqq/songDetail/002VuMSE346lJX,108433782
Sia (希雅),Titanium,238.4万,https://y.qq.com/n/ryqq/songDetail/003bEFRG4dGgfo,941317
Sia (希雅),Cheap Thrills,238.4万,https://y.qq.com/n/ryqq/songDetail/003jPC932NWUbo,107568769
刘德华,一起走过的日子,444.9万,https://y.qq.com/n/ryqq/songDetail/002eTq6539AsfN,773782
刘德华,暗里着迷,444.9万,https://y.qq.com/n/ryqq/songDetail/002qXtuA0vLIWr,102209103
刘德华,17岁,444.9万,https://y.qq.com/n/ryqq/songDetail/000HWyhv4UJpLq,102300586
刘德华,来生缘,444.9万,https://y.qq.com/n/ryqq/songDetail/001UEyYD2nvp1U,4846307
刘德华,暗里着迷 (Radio Edit),444.9万,https://y.qq.com/n/ryqq/songDetail/001wkSnm4f9LeT,153424
刘德华,忘情水,444.9万,https://y.qq.com/n/ryqq/songDetail/001VNZ7u2BWZhs,8151482
刘德华,世界第一等,444.9万,https://y.qq.com/n/ryqq/songDetail/0045RzZ24AiYP4,7091650
刘德华,冰雨,444.9万,https://y.qq.com/n/ryqq/songDetail/0041Ce4o4UPUmu,7091652
刘德华,谢谢你的爱 (国语),444.9万,https://y.qq.com/n/ryqq/songDetail/002dOuqi1jL6DW,153828
刘德华,练习,444.9万,https://y.qq.com/n/ryqq/songDetail/002Q4Jgw0dxWxt,153541
梁静茹,勇气,318.6万,https://y.qq.com/n/ryqq/songDetail/000LDr7E13dXy1,4830164
梁静茹,会呼吸的痛,318.6万,https://y.qq.com/n/ryqq/songDetail/004K6Ne61a1VA8,411228
梁静茹,暖暖,318.6万,https://y.qq.com/n/ryqq/songDetail/003Sn9Rg4N3oNq,169763
梁静茹,可惜不是你,318.6万,https://y.qq.com/n/ryqq/songDetail/004GWiOZ1ZfSzv,4830284
梁静茹,情歌,318.6万,https://y.qq.com/n/ryqq/songDetail/0010BrWk2SucQr,462188
梁静茹,宁夏,318.6万,https://y.qq.com/n/ryqq/songDetail/004NFs8H4V8meS,4932559
梁静茹,给未来的自己,318.6万,https://y.qq.com/n/ryqq/songDetail/002x8dpU2QNXFP,411231
梁静茹,分手快乐,318.6万,https://y.qq.com/n/ryqq/songDetail/002HNfrq29vPtT,4931887
梁静茹,慢冷,318.6万,https://y.qq.com/n/ryqq/songDetail/001zX06o4BBaJf,232278146
梁静茹,爱久见人心,318.6万,https://y.qq.com/n/ryqq/songDetail/001vAPdQ1hpq7n,1799991
杨宗纬,凉凉,225.0万,https://y.qq.com/n/ryqq/songDetail/001Nl0W80sBSwJ,200380820
杨宗纬,其实都没有,225.0万,https://y.qq.com/n/ryqq/songDetail/004DRMhq3IZGL1,4768118
杨宗纬,一次就好,225.0万,https://y.qq.com/n/ryqq/songDetail/0031MMo90FDbTl,104783753
杨宗纬,洋葱,225.0万,https://y.qq.com/n/ryqq/songDetail/003if7SP4fhnJd,416764
杨宗纬,我们好像在哪见过,225.0万,https://y.qq.com/n/ryqq/songDetail/001EOqht4Gkd6P,5046526
杨宗纬,红尘来去一场梦 (Live),225.0万,https://y.qq.com/n/ryqq/songDetail/001HAOSw0l1mgG,108724756
杨宗纬,空白格 (《一生一世》电影片尾曲),225.0万,https://y.qq.com/n/ryqq/songDetail/000Zbl1S04Xq3s,106708125
杨宗纬,凉凉 (Live),225.0万,https://y.qq.com/n/ryqq/songDetail/003GkpYz2gsSCu,201820468
杨宗纬,那个男人,225.0万,https://y.qq.com/n/ryqq/songDetail/0045CTWC1iksOS,944319
杨宗纬,这一路走来,225.0万,https://y.qq.com/n/ryqq/songDetail/004egnEi07dM8f,4788627
